Workbook

Sheet UnitKeyItem
A1: string[64] | B1: dword | C1: string[64] | D1: dword | E1: string[64] | F1: string[64] | G1: dword | H1: dword | I1: dword | J1: dword | K1: dword | L1: dword | M1: string[64] | N1: END
A2: Code | B2: IsExist | C2: Model | D2: Icon | E2: Name | F2: Civil | G2: FRAType | H2: IsSell | I2: IsExchange | J2: IsGround | K2: IsStore | L2: IsNormAcc | M2: ToolTip
A3: inbbb01 | B3: 1 | C3: 730700 | D3: 1 | E3: Goliath | F3: 11000 | G3: 0 | H3: 1 | I3: 0 | J3: 0 | K3: 0 | L3: 1 | M3: tinbbb01
A4: inbbb02 | B4: 1 | C4: 730701 | D4: 2 | E4: Catapult | F4: 11000 | G4: 1 | H4: 1 | I4: 0 | J4: 0 | K4: 0 | L4: 1 | M4: tinbbb02
A5: inbbb03 | B5: 1 | C5: 730702 | D5: 3 | E5: Engineer | F5: 11000 | G5: 2 | H5: 1 | I5: 0 | J5: 0 | K5: 0 | L5: 1 | M5: tinbbb03
A6: inbbb04 | B6: 1 | C6: 730703 | D6: 4 | E6: Nomad | F6: 11000 | G6: 3 | H6: 1 | I6: 0 | J6: 0 | K6: 0 | L6: 1 | M6: tinbbb04

Sheet UnitFrame
A1: string[64] | B1: dword | C1: dword | D1: float | E1: float | F1: float | G1: float | H1: float | I1: dword | J1: dword | K1: dword | L1: dword | M1: dword | N1: dword | O1: dword | P1: dword | Q1: dword | R1: dword | S1: string[64] | T1: string[64] | U1: string[64] | V1: string[64] | W1: string[64] | X1: string[64] | Y1: string[64] | Z1: string[64] | AA1: END
A2: Code | B2: FRAType | C2: Unit_HP | D2: DefGap | E2: DefFacing | F2: MoveRateSpeed | G2: Height | H2: Width | I2: Money | J2: StdPrice | K2: StdPoint | L2: GoldPoint | M2: KillPoint | N2: ProcPoint | O2: StorePrice | P2: RepPrice | Q2: IsDestroy | R2: IsRepair | S2: Head | T2: Upper | U2: Lower | V2: Arms | W2: Shoulder | X2: Back | Y2: BullaetArms | Z2: BulletShould
A3: BGO | B3: 0 | C3: 300000 | D3: 0.5 | E3: 0.17182 | F3: 2.5 | G3: 25 | H3: 15 | I3: 0 | J3: 1000000 | K3: 0 | L3: 0 | M3: 0 | N3: 0 | O3: 0 | P3: 1 | Q3: 0 | R3: 1 | S3: unhe001 | T3: unup001 | U3: unlo001 | V3: unar001 | W3: unsg000 | X3: unbg000 | Y3: unbu001 | Z3: unbg000
A4: BCA | B4: 1 | C4: 160000 | D4: 0.57499999 | E4: 0.196192 | F4: 2.5 | G4: 25 | H4: 15 | I4: 0 | J4: 1000000 | K4: 0 | L4: 0 | M4: 0 | N4: 0 | O4: 0 | P4: 1 | Q4: 0 | R4: 1 | S4: unhe021 | T4: unup021 | U4: unlo021 | V4: unar021 | W4: unsc000 | X4: unbc000 | Y4: unbu021 | Z4: unbc000
A5: BEN | B5: 2 | C5: 110000 | D5: 0.5 | E5: 0.5 | F5: 2.5 | G5: 25 | H5: 15 | I5: 0 | J5: 1000000 | K5: 0 | L5: 0 | M5: 0 | N5: 0 | O5: 0 | P5: 1 | Q5: 0 | R5: 1 | S5: unhe041 | T5: unup041 | U5: unlo041 | V5: unar041 | W5: unse000 | X5: unbe000 | Y5: unbu041 | Z5: unbe000
A6: BNO | B6: 3 | C6: 110000 | D6: 0.5 | E6: 0.5 | F6: 2.5 | G6: 25 | H6: 15 | I6: 0 | J6: 1000000 | K6: 0 | L6: 0 | M6: 0 | N6: 0 | O6: 0 | P6: 1 | Q6: 0 | R6: 1 | S6: unhe061 | T6: unup061 | U6: unlo061 | V6: unar061 | W6: unsn000 | X6: unbn000 | Y6: unbu061 | Z6: unbn000

Sheet 19decrypt
A1: clcode | B1: string[64] | C1: xeh | D1: dword | E1: stb | F1: byte | G1: byte | H1: word | I1: dword | J1: dword | K1: dword | L1: dword | M1: dword | N1: dword | O1: dword | P1: dword | Q1: dword | R1: dword | S1: dword | T1: dword | U1: dword | V1: dword | W1: long | X1: dword | Y1: float | Z1: float | AA1: byte | AB1: byte | AC1: word | AD1: dword | AE1: dword | AF1: custom[dword] | AG1: custom[dword] | AH1: custom[dword] | AI1: custom[dword] | AJ1: custom[dword] | AK1: custom[dword] | AL1: custom[dword] | AM1: custom[dword] | AN1: dword | AO1: dword | AP1: dword | AQ1: END
A2: =UnitKeyItem!A2 -> Code | B2: =UnitKeyItem!E2 -> Name | C2: =UnitKeyItem!C2 -> Model | D2: =UnitKeyItem!D2 -> Icon | E2: =UnitKeyItem!F2 -> Civil | F2: ListID | G2: =UnitFrame!I2 -> Money | H2: none | I2: =UnitFrame!J2 -> StdPrice | J2: =UnitFrame!K2 -> StdPoint | K2: =UnitFrame!L2 -> GoldPoint | L2: =UnitFrame!N2 -> ProcPoint | M2: =UnitFrame!M2 -> KillPoint | N2: =UnitFrame!O2 -> StorePrice | O2: =UnitKeyItem!I2 -> IsExchange | P2: =UnitKeyItem!H2 -> IsSell | Q2: =UnitKeyItem!J2 -> IsGround | R2: =UnitKeyItem!K2 -> IsStore | S2: Descript | T2: =UnitKeyItem!B2 -> IsExist | U2: IsCash | V2: IsTime | W2: UpLvLim | X2: =UnitFrame!B2 -> FRAType | Y2: =UnitFrame!F2 -> MoveRateSpeed | Z2: =UnitFrame!F2 -> MoveRateSpeed | AA2: =UnitFrame!G2 -> Height | AB2: =UnitFrame!H2 -> Width | AC2: none | AD2: =UnitFrame!C2 -> Unit_HP | AE2: =UnitFrame!P2 -> RepPrice | AF2: =UnitFrame!S2 -> Head | AG2: =UnitFrame!T2 -> Upper | AH2: =UnitFrame!U2 -> Lower | AI2: =UnitFrame!V2 -> Arms | AJ2: =UnitFrame!W2 -> Shoulder | AK2: =UnitFrame!X2 -> Back | AL2: =UnitFrame!Y2 -> BullaetArms | AM2: =UnitFrame!Z2 -> BulletShould | AN2: =UnitFrame!Q2 -> IsDestroy | AO2: =UnitFrame!R2 -> IsRepair | AP2: hz
A3: =UnitKeyItem!A3 -> inbbb01 | B3: =UnitKeyItem!E3 -> Goliath | C3: =UnitKeyItem!C3 -> 730700 | D3: =UnitKeyItem!D3 -> 1 | E3: =UnitKeyItem!F3 -> 11000 | F3: 19 | G3: =UnitFrame!I3 -> 0 | H3: 0 | I3: =UnitFrame!J3 -> 1000000 | J3: =UnitFrame!K3 -> 0 | K3: =UnitFrame!L3 -> 0 | L3: =UnitFrame!N3 -> 0 | M3: =UnitFrame!M3 -> 0 | N3: =UnitFrame!O3 -> 0 | O3: =UnitKeyItem!I3 -> 0 | P3: =UnitKeyItem!H3 -> 1 | Q3: =UnitKeyItem!J3 -> 0 | R3: =UnitKeyItem!K3 -> 0 | S3: 0 | T3: =UnitKeyItem!B3 -> 1 | U3: 0 | V3: 0 | W3: 0 | X3: =UnitFrame!B3 -> 0 | Y3: =UnitFrame!F3 -> 2.5 | Z3: =UnitFrame!F3 -> 2.5 | AA3: =UnitFrame!G3 -> 25 | AB3: =UnitFrame!H3 -> 15 | AC3: 0 | AD3: =UnitFrame!C3 -> 300000 | AE3: =UnitFrame!P3 -> 1 | AF3: =UnitFrame!S3 -> unhe001 | AG3: =UnitFrame!T3 -> unup001 | AH3: =UnitFrame!U3 -> unlo001 | AI3: =UnitFrame!V3 -> unar001 | AJ3: =UnitFrame!W3 -> unsg000 | AK3: =UnitFrame!X3 -> unbg000 | AL3: =UnitFrame!Y3 -> unbu001 | AM3: =UnitFrame!Z3 -> unbg000 | AN3: =UnitFrame!Q3 -> 0 | AO3: =UnitFrame!R3 -> 1 | AP3: 0
A4: =UnitKeyItem!A4 -> inbbb02 | B4: =UnitKeyItem!E4 -> Catapult | C4: =UnitKeyItem!C4 -> 730701 | D4: =UnitKeyItem!D4 -> 2 | E4: =UnitKeyItem!F4 -> 11000 | F4: 19 | G4: =UnitFrame!I4 -> 0 | H4: 0 | I4: =UnitFrame!J4 -> 1000000 | J4: =UnitFrame!K4 -> 0 | K4: =UnitFrame!L4 -> 0 | L4: =UnitFrame!N4 -> 0 | M4: =UnitFrame!M4 -> 0 | N4: =UnitFrame!O4 -> 0 | O4: =UnitKeyItem!I4 -> 0 | P4: =UnitKeyItem!H4 -> 1 | Q4: =UnitKeyItem!J4 -> 0 | R4: =UnitKeyItem!K4 -> 0 | S4: 1 | T4: =UnitKeyItem!B4 -> 1 | U4: 0 | V4: 0 | W4: 0 | X4: =UnitFrame!B4 -> 1 | Y4: =UnitFrame!F4 -> 2.5 | Z4: =UnitFrame!F4 -> 2.5 | AA4: =UnitFrame!G4 -> 25 | AB4: =UnitFrame!H4 -> 15 | AC4: 0 | AD4: =UnitFrame!C4 -> 160000 | AE4: =UnitFrame!P4 -> 1 | AF4: =UnitFrame!S4 -> unhe021 | AG4: =UnitFrame!T4 -> unup021 | AH4: =UnitFrame!U4 -> unlo021 | AI4: =UnitFrame!V4 -> unar021 | AJ4: =UnitFrame!W4 -> unsc000 | AK4: =UnitFrame!X4 -> unbc000 | AL4: =UnitFrame!Y4 -> unbu021 | AM4: =UnitFrame!Z4 -> unbc000 | AN4: =UnitFrame!Q4 -> 0 | AO4: =UnitFrame!R4 -> 1 | AP4: 0
A5: =UnitKeyItem!A5 -> inbbb03 | B5: =UnitKeyItem!E5 -> Engineer | C5: =UnitKeyItem!C5 -> 730702 | D5: =UnitKeyItem!D5 -> 3 | E5: =UnitKeyItem!F5 -> 11000 | F5: 19 | G5: =UnitFrame!I5 -> 0 | H5: 0 | I5: =UnitFrame!J5 -> 1000000 | J5: =UnitFrame!K5 -> 0 | K5: =UnitFrame!L5 -> 0 | L5: =UnitFrame!N5 -> 0 | M5: =UnitFrame!M5 -> 0 | N5: =UnitFrame!O5 -> 0 | O5: =UnitKeyItem!I5 -> 0 | P5: =UnitKeyItem!H5 -> 1 | Q5: =UnitKeyItem!J5 -> 0 | R5: =UnitKeyItem!K5 -> 0 | S5: 2 | T5: =UnitKeyItem!B5 -> 1 | U5: 0 | V5: 0 | W5: 0 | X5: =UnitFrame!B5 -> 2 | Y5: =UnitFrame!F5 -> 2.5 | Z5: =UnitFrame!F5 -> 2.5 | AA5: =UnitFrame!G5 -> 25 | AB5: =UnitFrame!H5 -> 15 | AC5: 0 | AD5: =UnitFrame!C5 -> 110000 | AE5: =UnitFrame!P5 -> 1 | AF5: =UnitFrame!S5 -> unhe041 | AG5: =UnitFrame!T5 -> unup041 | AH5: =UnitFrame!U5 -> unlo041 | AI5: =UnitFrame!V5 -> unar041 | AJ5: =UnitFrame!W5 -> unse000 | AK5: =UnitFrame!X5 -> unbe000 | AL5: =UnitFrame!Y5 -> unbu041 | AM5: =UnitFrame!Z5 -> unbe000 | AN5: =UnitFrame!Q5 -> 0 | AO5: =UnitFrame!R5 -> 1 | AP5: 0
A6: =UnitKeyItem!A6 -> inbbb04 | B6: =UnitKeyItem!E6 -> Nomad | C6: =UnitKeyItem!C6 -> 730703 | D6: =UnitKeyItem!D6 -> 4 | E6: =UnitKeyItem!F6 -> 11000 | F6: 19 | G6: =UnitFrame!I6 -> 0 | H6: 0 | I6: =UnitFrame!J6 -> 1000000 | J6: =UnitFrame!K6 -> 0 | K6: =UnitFrame!L6 -> 0 | L6: =UnitFrame!N6 -> 0 | M6: =UnitFrame!M6 -> 0 | N6: =UnitFrame!O6 -> 0 | O6: =UnitKeyItem!I6 -> 0 | P6: =UnitKeyItem!H6 -> 1 | Q6: =UnitKeyItem!J6 -> 0 | R6: =UnitKeyItem!K6 -> 0 | S6: 3 | T6: =UnitKeyItem!B6 -> 1 | U6: 0 | V6: 0 | W6: 0 | X6: =UnitFrame!B6 -> 3 | Y6: =UnitFrame!F6 -> 2.5 | Z6: =UnitFrame!F6 -> 2.5 | AA6: =UnitFrame!G6 -> 25 | AB6: =UnitFrame!H6 -> 15 | AC6: 0 | AD6: =UnitFrame!C6 -> 110000 | AE6: =UnitFrame!P6 -> 1 | AF6: =UnitFrame!S6 -> unhe061 | AG6: =UnitFrame!T6 -> unup061 | AH6: =UnitFrame!U6 -> unlo061 | AI6: =UnitFrame!V6 -> unar061 | AJ6: =UnitFrame!W6 -> unsn000 | AK6: =UnitFrame!X6 -> unbn000 | AL6: =UnitFrame!Y6 -> unbu061 | AM6: =UnitFrame!Z6 -> unbn000 | AN6: =UnitFrame!Q6 -> 0 | AO6: =UnitFrame!R6 -> 1 | AP6: 0

Sheet 19desc
A1: dword | B1: text | C1: END
A2: Count | B2: Desc
A3: 0 | B3: [Goliath Master Key] MAU for close range battle [Require the master key to Repair/Trade]
A4: 1 | B4: [Catapult Master Key] Long range type MAU[Require the master key to Repair/Trade]
A5: 2 | B5: [Engineer Master Key] Special type MAU[Require the master key to Repair/Trade]
A6: 3 | B6: [Nomad Master Key] Transportation type MAU[Require the master key to Repair/Trade]
