Workbook

Sheet shieDItem
A1: string[64] | B1: dword | C1: string[64] | D1: dword | E1: string[64] | F1: dword | G1: dword | H1: dword | I1: dword | J1: string[64] | K1: dword | L1: dword | M1: dword | N1: dword | O1: dword | P1: dword | Q1: dword | R1: dword | S1: dword | T1: dword | U1: dword | V1: dword | W1: dword | X1: dword | Y1: dword | Z1: dword | AA1: float | AB1: dword | AC1: dword | AD1: dword | AE1: dword | AF1: dword | AG1: float | AH1: float | AI1: float | AJ1: float | AK1: float | AL1: long | AM1: dword | AN1: float | AO1: float | AP1: dword | AQ1: float | AR1: dword | AS1: float | AT1: dword | AU1: float | AV1: dword | AW1: float | AX1: dword | AY1: dword | AZ1: dword | BA1: dword | BB1: dword | BC1: dword | BD1: dword | BE1: string[64] | BF1: dword | BG1: dword | BH1: END
A2: Code | B2: IsExist | C2: Model | D2: IconID | E2: Name | F2: KindClt | G2: ItemGrade | H2: FixPart | I2: HelmetClass | J2: Civil | K2: LevelLim | L2: UpLevelLim | M2: ClassGradeLim | N2: ExpertID1 | O2: ExpertLim1 | P2: ExpertID2 | Q2: ExpertLim2 | R2: Money | S2: StdPrice | T2: StdPoint | U2: GoldPoint | V2: KillPoint | W2: ProcPoint | X2: StoragePrice | Y2: IsAbr | Z2: DurUnit | AA2: EquipSpeed | AB2: IsRepair | AC2: RepPrice | AD2: EffState | AE2: GASpd | AF2: Property | AG2: FireTol | AH2: WaterTol | AI2: SoilTol | AJ2: WindTol | AK2: DefFc | AL2: Defence_DP | AM2: MaxDP | AN2: DefGap | AO2: DefFacing | AP2: Eff1Code | AQ2: Eff1Unit | AR2: Eff2Code | AS2: Eff2Unit | AT2: Eff3Code | AU2: Eff3Unit | AV2: Eff4Code | AW2: Eff4Unit | AX2: Duration | AY2: IsSell | AZ2: IsExchange | BA2: IsGround | BB2: IsStore | BC2: IsNormAcc | BD2: Upgrade | BE2: ToolTip | BF2: DefEffType | BG2: IsTime
A3: idbca04 | B3: 1 | C3: 900700 | D3: 1 | E3: Round Shield | F3: 7 | G3: 0 | H3: 9 | I3: 0 | J3: 11110000 | K3: 4 | L3: -1 | M3: 0 | N3: 4 | O3: 1 | P3: -1 | Q3: -1 | R3: 0 | S3: 790 | T3: 0 | U3: 0 | V3: 0 | W3: 0 | X3: 23 | Y3: 0 | Z3: 0 | AA3: 1.134063 | AB3: 0 | AC3: 0 | AD3: 1 | AE3: 200 | AF3: -1 | AG3: 0 | AH3: 0 | AI3: 0 | AJ3: 0 | AK3: 13 | AL3: -2 | AM3: 0 | AN3: 0.5 | AO3: 1 | AP3: 4 | AQ3: -100 | AR3: 0 | AS3: 0 | AT3: 0 | AU3: 0 | AV3: 0 | AW3: 0 | AX3: 0 | AY3: 1 | AZ3: 1 | BA3: 1 | BB3: 1 | BC3: 1 | BD3: 0 | BE3: ="t"&A3 -> tidbca04 | BF3: 2 | BG3: 0
A4: idbcb04 | B4: 1 | C4: 900700 | D4: 1 | E4: Intense Round Shield | F4: 7 | G4: 1 | H4: 9 | I4: 0 | J4: 11110000 | K4: 4 | L4: -1 | M4: 0 | N4: 4 | O4: 1 | P4: -1 | Q4: -1 | R4: 0 | S4: 2630 | T4: 0 | U4: 0 | V4: 0 | W4: 0 | X4: 78 | Y4: 0 | Z4: 0 | AA4: 1.134063 | AB4: 0 | AC4: 0 | AD4: 1 | AE4: 200 | AF4: -1 | AG4: 0 | AH4: 0 | AI4: 0 | AJ4: 0 | AK4: 43 | AL4: -2 | AM4: 0 | AN4: 0.5 | AO4: 1 | AP4: 4 | AQ4: -100 | AR4: 0 | AS4: 0 | AT4: 0 | AU4: 0 | AV4: 0 | AW4: 0 | AX4: 0 | AY4: 1 | AZ4: 1 | BA4: 1 | BB4: 1 | BC4: 1 | BD4: 0 | BE4: ="t"&A4 -> tidbcb04 | BF4: 2 | BG4: 0
A5: idbcc04 | B5: 0 | C5: 900702 | D5: 1 | E5: Shield1C | F5: 7 | G5: 2 | H5: 9 | I5: 0 | J5: 11110000 | K5: 4 | L5: -1 | M5: 0 | N5: 4 | O5: 1 | P5: -1 | Q5: -1 | R5: 0 | S5: 2630 | T5: 0 | U5: 0 | V5: 0 | W5: 0 | X5: 78 | Y5: 0 | Z5: 0 | AA5: 1.134063 | AB5: 0 | AC5: 0 | AD5: 1 | AE5: 200 | AF5: -1 | AG5: 0 | AH5: 0 | AI5: 0 | AJ5: 0 | AK5: 13 | AL5: -2 | AM5: 0 | AN5: 0.5 | AO5: 1 | AP5: 4 | AQ5: -100 | AR5: 0 | AS5: 0 | AT5: 0 | AU5: 0 | AV5: 0 | AW5: 0 | AX5: 0 | AY5: 1 | AZ5: 1 | BA5: 1 | BB5: 1 | BC5: 1 | BD5: 0 | BE5: ="t"&A5 -> tidbcc04 | BF5: 2 | BG5: 0
A6: idbcd04 | B6: 0 | C6: 900703 | D6: 1 | E6: Shield1D | F6: 7 | G6: 3 | H6: 9 | I6: 0 | J6: 11110000 | K6: 4 | L6: -1 | M6: 0 | N6: 4 | O6: 1 | P6: -1 | Q6: -1 | R6: 0 | S6: 2630 | T6: 0 | U6: 0 | V6: 0 | W6: 0 | X6: 78 | Y6: 0 | Z6: 0 | AA6: 1.134063 | AB6: 0 | AC6: 0 | AD6: 1 | AE6: 200 | AF6: -1 | AG6: 0 | AH6: 0 | AI6: 0 | AJ6: 0 | AK6: 13 | AL6: -2 | AM6: 0 | AN6: 0.5 | AO6: 1 | AP6: 4 | AQ6: -100 | AR6: 0 | AS6: 0 | AT6: 0 | AU6: 0 | AV6: 0 | AW6: 0 | AX6: 0 | AY6: 1 | AZ6: 1 | BA6: 1 | BB6: 1 | BC6: 1 | BD6: 0 | BE6: ="t"&A6 -> tidbcd04 | BF6: 2 | BG6: 0
A7: idbca07 | B7: 1 | C7: 900704 | D7: 2 | E7: Buckler | F7: 7 | G7: 0 | H7: 9 | I7: 0 | J7: 11110000 | K7: 7 | L7: -1 | M7: 0 | N7: 4 | O7: 1 | P7: -1 | Q7: -1 | R7: 0 | S7: 1390 | T7: 0 | U7: 0 | V7: 0 | W7: 0 | X7: 41 | Y7: 0 | Z7: 0 | AA7: 1.169874 | AB7: 0 | AC7: 0 | AD7: 1 | AE7: 200 | AF7: -1 | AG7: 0 | AH7: 0 | AI7: 0 | AJ7: 0 | AK7: 20 | AL7: -2 | AM7: 0 | AN7: 0.5 | AO7: 1 | AP7: 4 | AQ7: -100 | AR7: 0 | AS7: 0 | AT7: 0 | AU7: 0 | AV7: 0 | AW7: 0 | AX7: 0 | AY7: 1 | AZ7: 1 | BA7: 1 | BB7: 1 | BC7: 1 | BD7: 0 | BE7: ="t"&A7 -> tidbca07 | BF7: 2 | BG7: 0
A8: idbcb07 | B8: 1 | C8: 900704 | D8: 2 | E8: Intense Buckler | F8: 7 | G8: 1 | H8: 9 | I8: 0 | J8: 11110000 | K8: 7 | L8: -1 | M8: 0 | N8: 4 | O8: 1 | P8: -1 | Q8: -1 | R8: 0 | S8: 4620 | T8: 0 | U8: 0 | V8: 0 | W8: 0 | X8: 138 | Y8: 0 | Z8: 0 | AA8: 1.169874 | AB8: 0 | AC8: 0 | AD8: 1 | AE8: 200 | AF8: -1 | AG8: 0 | AH8: 0 | AI8: 0 | AJ8: 0 | AK8: 67 | AL8: -2 | AM8: 0 | AN8: 0.5 | AO8: 1 | AP8: 4 | AQ8: -100 | AR8: 0 | AS8: 0 | AT8: 0 | AU8: 0 | AV8: 0 | AW8: 0 | AX8: 0 | AY8: 1 | AZ8: 1 | BA8: 1 | BB8: 1 | BC8: 1 | BD8: 0 | BE8: ="t"&A8 -> tidbcb07 | BF8: 2 | BG8: 0
A9: idbcc07 | B9: 0 | C9: 900706 | D9: 2 | E9: Shield2C | F9: 7 | G9: 2 | H9: 9 | I9: 0 | J9: 11110000 | K9: 7 | L9: -1 | M9: 0 | N9: 4 | O9: 1 | P9: -1 | Q9: -1 | R9: 0 | S9: 4620 | T9: 0 | U9: 0 | V9: 0 | W9: 0 | X9: 138 | Y9: 0 | Z9: 0 | AA9: 1.169874 | AB9: 0 | AC9: 0 | AD9: 1 | AE9: 200 | AF9: -1 | AG9: 0 | AH9: 0 | AI9: 0 | AJ9: 0 | AK9: 20 | AL9: -2 | AM9: 0 | AN9: 0.5 | AO9: 1 | AP9: 4 | AQ9: -100 | AR9: 0 | AS9: 0 | AT9: 0 | AU9: 0 | AV9: 0 | AW9: 0 | AX9: 0 | AY9: 1 | AZ9: 1 | BA9: 1 | BB9: 1 | BC9: 1 | BD9: 0 | BE9: ="t"&A9 -> tidbcc07 | BF9: 2 | BG9: 0
A10: idbcd07 | B10: 0 | C10: 900707 | D10: 2 | E10: Shield2D | F10: 7 | G10: 3 | H10: 9 | I10: 0 | J10: 11110000 | K10: 7 | L10: -1 | M10: 0 | N10: 4 | O10: 1 | P10: -1 | Q10: -1 | R10: 0 | S10: 4620 | T10: 0 | U10: 0 | V10: 0 | W10: 0 | X10: 138 | Y10: 0 | Z10: 0 | AA10: 1.169874 | AB10: 0 | AC10: 0 | AD10: 1 | AE10: 200 | AF10: -1 | AG10: 0 | AH10: 0 | AI10: 0 | AJ10: 0 | AK10: 20 | AL10: -2 | AM10: 0 | AN10: 0.5 | AO10: 1 | AP10: 4 | AQ10: -100 | AR10: 0 | AS10: 0 | AT10: 0 | AU10: 0 | AV10: 0 | AW10: 0 | AX10: 0 | AY10: 1 | AZ10: 1 | BA10: 1 | BB10: 1 | BC10: 1 | BD10: 0 | BE10: ="t"&A10 -> tidbcd07 | BF10: 2 | BG10: 0
A11: idbca10 | B11: 1 | C11: 900708 | D11: 3 | E11: Targe | F11: 7 | G11: 0 | H11: 9 | I11: 0 | J11: 11110000 | K11: 10 | L11: -1 | M11: 0 | N11: 4 | O11: 1 | P11: -1 | Q11: -1 | R11: 0 | S11: 2630 | T11: 0 | U11: 0 | V11: 0 | W11: 0 | X11: 78 | Y11: 0 | Z11: 0 | AA11: 1.193287 | AB11: 0 | AC11: 0 | AD11: 1 | AE11: 200 | AF11: -1 | AG11: 0 | AH11: 0 | AI11: 0 | AJ11: 0 | AK11: 36 | AL11: -2 | AM11: 0 | AN11: 0.5 | AO11: 1 | AP11: 4 | AQ11: -100 | AR11: 0 | AS11: 0 | AT11: 0 | AU11: 0 | AV11: 0 | AW11: 0 | AX11: 0 | AY11: 1 | AZ11: 1 | BA11: 1 | BB11: 1 | BC11: 1 | BD11: 3 | BE11: ="t"&A11 -> tidbca10 | BF11: 2 | BG11: 0
A12: idbcb10 | B12: 1 | C12: 900708 | D12: 3 | E12: Intense Targe | F12: 7 | G12: 1 | H12: 9 | I12: 0 | J12: 11110000 | K12: 10 | L12: -1 | M12: 0 | N12: 4 | O12: 1 | P12: -1 | Q12: -1 | R12: 0 | S12: 7300 | T12: 0 | U12: 0 | V12: 0 | W12: 0 | X12: 219 | Y12: 0 | Z12: 0 | AA12: 1.193287 | AB12: 0 | AC12: 0 | AD12: 1 | AE12: 200 | AF12: -1 | AG12: 0 | AH12: 0 | AI12: 0 | AJ12: 0 | AK12: 98 | AL12: -2 | AM12: 0 | AN12: 0.5 | AO12: 1 | AP12: 4 | AQ12: -100 | AR12: 0 | AS12: 0 | AT12: 0 | AU12: 0 | AV12: 0 | AW12: 0 | AX12: 0 | AY12: 1 | AZ12: 1 | BA12: 1 | BB12: 1 | BC12: 1 | BD12: 3 | BE12: ="t"&A12 -> tidbcb10 | BF12: 2 | BG12: 0
A13: idbcc10 | B13: 0 | C13: 90070A | D13: 3 | E13: Shield3C | F13: 7 | G13: 2 | H13: 9 | I13: 0 | J13: 11110000 | K13: 10 | L13: -1 | M13: 0 | N13: 4 | O13: 1 | P13: -1 | Q13: -1 | R13: 0 | S13: 7300 | T13: 0 | U13: 0 | V13: 0 | W13: 0 | X13: 219 | Y13: 0 | Z13: 0 | AA13: 1.193287 | AB13: 0 | AC13: 0 | AD13: 1 | AE13: 200 | AF13: -1 | AG13: 0 | AH13: 0 | AI13: 0 | AJ13: 0 | AK13: 36 | AL13: -2 | AM13: 0 | AN13: 0.5 | AO13: 1 | AP13: 4 | AQ13: -100 | AR13: 0 | AS13: 0 | AT13: 0 | AU13: 0 | AV13: 0 | AW13: 0 | AX13: 0 | AY13: 1 | AZ13: 1 | BA13: 1 | BB13: 1 | BC13: 1 | BD13: 3 | BE13: ="t"&A13 -> tidbcc10 | BF13: 2 | BG13: 0
A14: idbcd10 | B14: 0 | C14: 90070B | D14: 3 | E14: Shield3D | F14: 7 | G14: 3 | H14: 9 | I14: 0 | J14: 11110000 | K14: 10 | L14: -1 | M14: 0 | N14: 4 | O14: 1 | P14: -1 | Q14: -1 | R14: 0 | S14: 7300 | T14: 0 | U14: 0 | V14: 0 | W14: 0 | X14: 219 | Y14: 0 | Z14: 0 | AA14: 1.193287 | AB14: 0 | AC14: 0 | AD14: 1 | AE14: 200 | AF14: -1 | AG14: 0 | AH14: 0 | AI14: 0 | AJ14: 0 | AK14: 36 | AL14: -2 | AM14: 0 | AN14: 0.5 | AO14: 1 | AP14: 4 | AQ14: -100 | AR14: 0 | AS14: 0 | AT14: 0 | AU14: 0 | AV14: 0 | AW14: 0 | AX14: 0 | AY14: 1 | AZ14: 1 | BA14: 1 | BB14: 1 | BC14: 1 | BD14: 3 | BE14: ="t"&A14 -> tidbcd10 | BF14: 2 | BG14: 0
... A1843: idbcx01 | B1843: 1 | C1843: 9007C1 | D1843: 80 | E1843: Infernal Dragonbone Prokion Shield | F1843: 7 | G1843: 7 | H1843: 9 | I1843: 0 | J1843: 11110000 | K1843: 75 | L1843: -1 | M1843: 0 | N1843: 4 | O1843: 99 | P1843: -1 | Q1843: -1 | R1843: 0 | S1843: 631671 | T1843: 0 | U1843: 0 | V1843: 0 | W1843: 0 | X1843: 0 | Y1843: 0 | Z1843: 0 | AA1843: 1.304898 | AB1843: 0 | AC1843: 0 | AD1843: 1 | AE1843: 200 | AF1843: -1 | AG1843: 0 | AH1843: 0 | AI1843: 0 | AJ1843: 0 | AK1843: 4087 | AL1843: -2 | AM1843: 0 | AN1843: 0.5 | AO1843: 1 | AP1843: 4 | AQ1843: -100 | AR1843: 7 | AS1843: 0.1 | AT1843: 28 | AU1843: 5 | AV1843: 0 | AW1843: 0 | AX1843: 0 | AY1843: 1 | AZ1843: 1 | BA1843: 1 | BB1843: 1 | BC1843: 1 | BD1843: 7 | BE1843: ="t"&A1843 -> tidbcx01 | BF1843: 2 | BG1843: 0

Sheet 7decrypt
A1: clcode | B1: string[64] | C1: xeh | D1: dword | E1: stb | F1: byte | G1: byte | H1: word | I1: dword | J1: dword | K1: dword | L1: dword | M1: dword | N1: dword | O1: dword | P1: dword | Q1: dword | R1: dword | S1: dword | T1: dword | U1: dword | V1: dword | W1: long | X1: dword | Y1: dword | Z1: dword | AA1: dword | AB1: dword | AC1: byte | AD1: byte | AE1: byte | AF1: byte | AG1: byte | AH1: byte | AI1: byte | AJ1: byte | AK1: long | AL1: byte | AM1: byte | AN1: byte | AO1: byte | AP1: byte | AQ1: byte | AR1: byte | AS1: byte | AT1: float | AU1: float | AV1: float | AW1: float | AX1: dword | AY1: dword | AZ1: dword | BA1: word | BB1: word | BC1: word | BD1: word | BE1: float | BF1: float | BG1: dword | BH1: END
A2: =shieDItem!A2 -> Code | B2: =shieDItem!E2 -> Name | C2: =shieDItem!C2 -> Model | D2: =shieDItem!D2 -> IconID | E2: =shieDItem!J2 -> Civil | F2: ListID | G2: =shieDItem!R2 -> Money | H2: none | I2: =shieDItem!S2 -> StdPrice | J2: =shieDItem!T2 -> StdPoint | K2: =shieDItem!U2 -> GoldPoint | L2: =shieDItem!W2 -> ProcPoint | M2: =shieDItem!V2 -> KillPoint | N2: =shieDItem!X2 -> StoragePrice | O2: =shieDItem!AZ2 -> IsExchange | P2: =shieDItem!AY2 -> IsSell | Q2: =shieDItem!BA2 -> IsGround | R2: =shieDItem!BB2 -> IsStore | S2: Descripton | T2: =shieDItem!B2 -> IsExist | U2: IsCash | V2: =shieDItem!BG2 -> IsTime | W2: =shieDItem!L2 -> UpLevelLim | X2: =shieDItem!G2 -> ItemGrade | Y2: 25 | Z2: =shieDItem!BD2 -> Upgrade | AA2: 27 | AB2: =shieDItem!Z2 -> DurUnit | AC2: =shieDItem!K2 -> LevelLim | AD2: =shieDItem!N2 -> ExpertID1 | AE2: =shieDItem!P2 -> ExpertID2 | AF2: =shieDItem!O2 -> ExpertLim1 | AG2: =shieDItem!Q2 -> ExpertLim2 | AH2: none | AI2: none | AJ2: none | AK2: =shieDItem!AE2 -> GASpd | AL2: EffNum | AM2: =shieDItem!AP2 -> Eff1Code | AN2: =shieDItem!AR2 -> Eff2Code | AO2: =shieDItem!AT2 -> Eff3Code | AP2: =shieDItem!AV2 -> Eff4Code | AQ2: none | AR2: none | AS2: none | AT2: =shieDItem!AQ2 -> Eff1Unit | AU2: =shieDItem!AS2 -> Eff2Unit | AV2: =shieDItem!AU2 -> Eff3Unit | AW2: =shieDItem!AW2 -> Eff4Unit | AX2: =shieDItem!BF2 -> DefEffType | AY2: =shieDItem!M2 -> ClassGradeLim | AZ2: =shieDItem!AK2 -> DefFc | BA2: =shieDItem!AG2 -> FireTol | BB2: =shieDItem!AH2 -> WaterTol | BC2: =shieDItem!AI2 -> SoilTol | BD2: =shieDItem!AJ2 -> WindTol | BE2: =shieDItem!AN2 -> DefGap | BF2: =shieDItem!AO2 -> DefFacing | BG2: 59
A3: =shieDItem!A3 -> idbca04 | B3: =shieDItem!E3 -> Round Shield | C3: =shieDItem!C3 -> 900700 | D3: =shieDItem!D3 -> 1 | E3: =shieDItem!J3 -> 11110000 | F3: 7 | G3: =shieDItem!R3 -> 0 | H3: 0 | I3: =shieDItem!S3 -> 790 | J3: =shieDItem!T3 -> 0 | K3: =shieDItem!U3 -> 0 | L3: =shieDItem!W3 -> 0 | M3: =shieDItem!V3 -> 0 | N3: =shieDItem!X3 -> 23 | O3: =shieDItem!AZ3 -> 1 | P3: =shieDItem!AY3 -> 1 | Q3: =shieDItem!BA3 -> 1 | R3: =shieDItem!BB3 -> 1 | S3: 0 | T3: =shieDItem!B3 -> 1 | U3: 0 | V3: =shieDItem!BG3 -> 0 | W3: =shieDItem!L3 -> -1 | X3: =shieDItem!G3 -> 0 | Y3: 0 | Z3: =shieDItem!BD3 -> 0 | AA3: 0 | AB3: =shieDItem!Z3 -> 0 | AC3: =shieDItem!K3 -> 4 | AD3: =shieDItem!N3 -> 4 | AE3: =shieDItem!P3 -> -1 | AF3: =shieDItem!O3 -> 1 | AG3: =shieDItem!Q3 -> -1 | AH3: 0 | AI3: 0 | AJ3: 0 | AK3: =shieDItem!AE3 -> 200 | AL3: =IF(AM3=0,0,IF(AN3=0,1,IF(AO3=0,2,IF(AP3=0,3,4)))) -> 1 | AM3: =shieDItem!AP3 -> 4 | AN3: =shieDItem!AR3 -> 0 | AO3: =shieDItem!AT3 -> 0 | AP3: =shieDItem!AV3 -> 0 | AQ3: 0 | AR3: 0 | AS3: 0 | AT3: =shieDItem!AQ3 -> -100 | AU3: =shieDItem!AS3 -> 0 | AV3: =shieDItem!AU3 -> 0 | AW3: =shieDItem!AW3 -> 0 | AX3: =shieDItem!BF3 -> 2 | AY3: =shieDItem!M3 -> 0 | AZ3: =INT(shieDItem!AK3) -> 13 | BA3: =shieDItem!AG3 -> 0 | BB3: =shieDItem!AH3 -> 0 | BC3: =shieDItem!AI3 -> 0 | BD3: =shieDItem!AJ3 -> 0 | BE3: =shieDItem!AN3 -> 0.5 | BF3: =shieDItem!AO3 -> 1 | BG3: 0
A4: =shieDItem!A4 -> idbcb04 | B4: =shieDItem!E4 -> Intense Round Shield | C4: =shieDItem!C4 -> 900700 | D4: =shieDItem!D4 -> 1 | E4: =shieDItem!J4 -> 11110000 | F4: 7 | G4: =shieDItem!R4 -> 0 | H4: 0 | I4: =shieDItem!S4 -> 2630 | J4: =shieDItem!T4 -> 0 | K4: =shieDItem!U4 -> 0 | L4: =shieDItem!W4 -> 0 | M4: =shieDItem!V4 -> 0 | N4: =shieDItem!X4 -> 78 | O4: =shieDItem!AZ4 -> 1 | P4: =shieDItem!AY4 -> 1 | Q4: =shieDItem!BA4 -> 1 | R4: =shieDItem!BB4 -> 1 | S4: 1 | T4: =shieDItem!B4 -> 1 | U4: 0 | V4: =shieDItem!BG4 -> 0 | W4: =shieDItem!L4 -> -1 | X4: =shieDItem!G4 -> 1 | Y4: 0 | Z4: =shieDItem!BD4 -> 0 | AA4: 0 | AB4: =shieDItem!Z4 -> 0 | AC4: =shieDItem!K4 -> 4 | AD4: =shieDItem!N4 -> 4 | AE4: =shieDItem!P4 -> -1 | AF4: =shieDItem!O4 -> 1 | AG4: =shieDItem!Q4 -> -1 | AH4: 0 | AI4: 0 | AJ4: 0 | AK4: =shieDItem!AE4 -> 200 | AL4: =IF(AM4=0,0,IF(AN4=0,1,IF(AO4=0,2,IF(AP4=0,3,4)))) -> 1 | AM4: =shieDItem!AP4 -> 4 | AN4: =shieDItem!AR4 -> 0 | AO4: =shieDItem!AT4 -> 0 | AP4: =shieDItem!AV4 -> 0 | AQ4: 0 | AR4: 0 | AS4: 0 | AT4: =shieDItem!AQ4 -> -100 | AU4: =shieDItem!AS4 -> 0 | AV4: =shieDItem!AU4 -> 0 | AW4: =shieDItem!AW4 -> 0 | AX4: =shieDItem!BF4 -> 2 | AY4: =shieDItem!M4 -> 0 | AZ4: =INT(shieDItem!AK4) -> 43 | BA4: =shieDItem!AG4 -> 0 | BB4: =shieDItem!AH4 -> 0 | BC4: =shieDItem!AI4 -> 0 | BD4: =shieDItem!AJ4 -> 0 | BE4: =shieDItem!AN4 -> 0.5 | BF4: =shieDItem!AO4 -> 1 | BG4: 0
A5: =shieDItem!A5 -> idbcc04 | B5: =shieDItem!E5 -> Shield1C | C5: =shieDItem!C5 -> 900702 | D5: =shieDItem!D5 -> 1 | E5: =shieDItem!J5 -> 11110000 | F5: 7 | G5: =shieDItem!R5 -> 0 | H5: 0 | I5: =shieDItem!S5 -> 2630 | J5: =shieDItem!T5 -> 0 | K5: =shieDItem!U5 -> 0 | L5: =shieDItem!W5 -> 0 | M5: =shieDItem!V5 -> 0 | N5: =shieDItem!X5 -> 78 | O5: =shieDItem!AZ5 -> 1 | P5: =shieDItem!AY5 -> 1 | Q5: =shieDItem!BA5 -> 1 | R5: =shieDItem!BB5 -> 1 | S5: 2 | T5: =shieDItem!B5 -> 0 | U5: 0 | V5: =shieDItem!BG5 -> 0 | W5: =shieDItem!L5 -> -1 | X5: =shieDItem!G5 -> 2 | Y5: 0 | Z5: =shieDItem!BD5 -> 0 | AA5: 0 | AB5: =shieDItem!Z5 -> 0 | AC5: =shieDItem!K5 -> 4 | AD5: =shieDItem!N5 -> 4 | AE5: =shieDItem!P5 -> -1 | AF5: =shieDItem!O5 -> 1 | AG5: =shieDItem!Q5 -> -1 | AH5: 0 | AI5: 0 | AJ5: 0 | AK5: =shieDItem!AE5 -> 200 | AL5: =IF(AM5=0,0,IF(AN5=0,1,IF(AO5=0,2,IF(AP5=0,3,4)))) -> 1 | AM5: =shieDItem!AP5 -> 4 | AN5: =shieDItem!AR5 -> 0 | AO5: =shieDItem!AT5 -> 0 | AP5: =shieDItem!AV5 -> 0 | AQ5: 0 | AR5: 0 | AS5: 0 | AT5: =shieDItem!AQ5 -> -100 | AU5: =shieDItem!AS5 -> 0 | AV5: =shieDItem!AU5 -> 0 | AW5: =shieDItem!AW5 -> 0 | AX5: =shieDItem!BF5 -> 2 | AY5: =shieDItem!M5 -> 0 | AZ5: =INT(shieDItem!AK5) -> 13 | BA5: =shieDItem!AG5 -> 0 | BB5: =shieDItem!AH5 -> 0 | BC5: =shieDItem!AI5 -> 0 | BD5: =shieDItem!AJ5 -> 0 | BE5: =shieDItem!AN5 -> 0.5 | BF5: =shieDItem!AO5 -> 1 | BG5: 0
A6: =shieDItem!A6 -> idbcd04 | B6: =shieDItem!E6 -> Shield1D | C6: =shieDItem!C6 -> 900703 | D6: =shieDItem!D6 -> 1 | E6: =shieDItem!J6 -> 11110000 | F6: 7 | G6: =shieDItem!R6 -> 0 | H6: 0 | I6: =shieDItem!S6 -> 2630 | J6: =shieDItem!T6 -> 0 | K6: =shieDItem!U6 -> 0 | L6: =shieDItem!W6 -> 0 | M6: =shieDItem!V6 -> 0 | N6: =shieDItem!X6 -> 78 | O6: =shieDItem!AZ6 -> 1 | P6: =shieDItem!AY6 -> 1 | Q6: =shieDItem!BA6 -> 1 | R6: =shieDItem!BB6 -> 1 | S6: 3 | T6: =shieDItem!B6 -> 0 | U6: 0 | V6: =shieDItem!BG6 -> 0 | W6: =shieDItem!L6 -> -1 | X6: =shieDItem!G6 -> 3 | Y6: 0 | Z6: =shieDItem!BD6 -> 0 | AA6: 0 | AB6: =shieDItem!Z6 -> 0 | AC6: =shieDItem!K6 -> 4 | AD6: =shieDItem!N6 -> 4 | AE6: =shieDItem!P6 -> -1 | AF6: =shieDItem!O6 -> 1 | AG6: =shieDItem!Q6 -> -1 | AH6: 0 | AI6: 0 | AJ6: 0 | AK6: =shieDItem!AE6 -> 200 | AL6: =IF(AM6=0,0,IF(AN6=0,1,IF(AO6=0,2,IF(AP6=0,3,4)))) -> 1 | AM6: =shieDItem!AP6 -> 4 | AN6: =shieDItem!AR6 -> 0 | AO6: =shieDItem!AT6 -> 0 | AP6: =shieDItem!AV6 -> 0 | AQ6: 0 | AR6: 0 | AS6: 0 | AT6: =shieDItem!AQ6 -> -100 | AU6: =shieDItem!AS6 -> 0 | AV6: =shieDItem!AU6 -> 0 | AW6: =shieDItem!AW6 -> 0 | AX6: =shieDItem!BF6 -> 2 | AY6: =shieDItem!M6 -> 0 | AZ6: =INT(shieDItem!AK6) -> 13 | BA6: =shieDItem!AG6 -> 0 | BB6: =shieDItem!AH6 -> 0 | BC6: =shieDItem!AI6 -> 0 | BD6: =shieDItem!AJ6 -> 0 | BE6: =shieDItem!AN6 -> 0.5 | BF6: =shieDItem!AO6 -> 1 | BG6: 0
A7: =shieDItem!A7 -> idbca07 | B7: =shieDItem!E7 -> Buckler | C7: =shieDItem!C7 -> 900704 | D7: =shieDItem!D7 -> 2 | E7: =shieDItem!J7 -> 11110000 | F7: 7 | G7: =shieDItem!R7 -> 0 | H7: 0 | I7: =shieDItem!S7 -> 1390 | J7: =shieDItem!T7 -> 0 | K7: =shieDItem!U7 -> 0 | L7: =shieDItem!W7 -> 0 | M7: =shieDItem!V7 -> 0 | N7: =shieDItem!X7 -> 41 | O7: =shieDItem!AZ7 -> 1 | P7: =shieDItem!AY7 -> 1 | Q7: =shieDItem!BA7 -> 1 | R7: =shieDItem!BB7 -> 1 | S7: 4 | T7: =shieDItem!B7 -> 1 | U7: 0 | V7: =shieDItem!BG7 -> 0 | W7: =shieDItem!L7 -> -1 | X7: =shieDItem!G7 -> 0 | Y7: 0 | Z7: =shieDItem!BD7 -> 0 | AA7: 0 | AB7: =shieDItem!Z7 -> 0 | AC7: =shieDItem!K7 -> 7 | AD7: =shieDItem!N7 -> 4 | AE7: =shieDItem!P7 -> -1 | AF7: =shieDItem!O7 -> 1 | AG7: =shieDItem!Q7 -> -1 | AH7: 0 | AI7: 0 | AJ7: 0 | AK7: =shieDItem!AE7 -> 200 | AL7: =IF(AM7=0,0,IF(AN7=0,1,IF(AO7=0,2,IF(AP7=0,3,4)))) -> 1 | AM7: =shieDItem!AP7 -> 4 | AN7: =shieDItem!AR7 -> 0 | AO7: =shieDItem!AT7 -> 0 | AP7: =shieDItem!AV7 -> 0 | AQ7: 0 | AR7: 0 | AS7: 0 | AT7: =shieDItem!AQ7 -> -100 | AU7: =shieDItem!AS7 -> 0 | AV7: =shieDItem!AU7 -> 0 | AW7: =shieDItem!AW7 -> 0 | AX7: =shieDItem!BF7 -> 2 | AY7: =shieDItem!M7 -> 0 | AZ7: =INT(shieDItem!AK7) -> 20 | BA7: =shieDItem!AG7 -> 0 | BB7: =shieDItem!AH7 -> 0 | BC7: =shieDItem!AI7 -> 0 | BD7: =shieDItem!AJ7 -> 0 | BE7: =shieDItem!AN7 -> 0.5 | BF7: =shieDItem!AO7 -> 1 | BG7: 0
A8: =shieDItem!A8 -> idbcb07 | B8: =shieDItem!E8 -> Intense Buckler | C8: =shieDItem!C8 -> 900704 | D8: =shieDItem!D8 -> 2 | E8: =shieDItem!J8 -> 11110000 | F8: 7 | G8: =shieDItem!R8 -> 0 | H8: 0 | I8: =shieDItem!S8 -> 4620 | J8: =shieDItem!T8 -> 0 | K8: =shieDItem!U8 -> 0 | L8: =shieDItem!W8 -> 0 | M8: =shieDItem!V8 -> 0 | N8: =shieDItem!X8 -> 138 | O8: =shieDItem!AZ8 -> 1 | P8: =shieDItem!AY8 -> 1 | Q8: =shieDItem!BA8 -> 1 | R8: =shieDItem!BB8 -> 1 | S8: 5 | T8: =shieDItem!B8 -> 1 | U8: 0 | V8: =shieDItem!BG8 -> 0 | W8: =shieDItem!L8 -> -1 | X8: =shieDItem!G8 -> 1 | Y8: 0 | Z8: =shieDItem!BD8 -> 0 | AA8: 0 | AB8: =shieDItem!Z8 -> 0 | AC8: =shieDItem!K8 -> 7 | AD8: =shieDItem!N8 -> 4 | AE8: =shieDItem!P8 -> -1 | AF8: =shieDItem!O8 -> 1 | AG8: =shieDItem!Q8 -> -1 | AH8: 0 | AI8: 0 | AJ8: 0 | AK8: =shieDItem!AE8 -> 200 | AL8: =IF(AM8=0,0,IF(AN8=0,1,IF(AO8=0,2,IF(AP8=0,3,4)))) -> 1 | AM8: =shieDItem!AP8 -> 4 | AN8: =shieDItem!AR8 -> 0 | AO8: =shieDItem!AT8 -> 0 | AP8: =shieDItem!AV8 -> 0 | AQ8: 0 | AR8: 0 | AS8: 0 | AT8: =shieDItem!AQ8 -> -100 | AU8: =shieDItem!AS8 -> 0 | AV8: =shieDItem!AU8 -> 0 | AW8: =shieDItem!AW8 -> 0 | AX8: =shieDItem!BF8 -> 2 | AY8: =shieDItem!M8 -> 0 | AZ8: =INT(shieDItem!AK8) -> 67 | BA8: =shieDItem!AG8 -> 0 | BB8: =shieDItem!AH8 -> 0 | BC8: =shieDItem!AI8 -> 0 | BD8: =shieDItem!AJ8 -> 0 | BE8: =shieDItem!AN8 -> 0.5 | BF8: =shieDItem!AO8 -> 1 | BG8: 0
A9: =shieDItem!A9 -> idbcc07 | B9: =shieDItem!E9 -> Shield2C | C9: =shieDItem!C9 -> 900706 | D9: =shieDItem!D9 -> 2 | E9: =shieDItem!J9 -> 11110000 | F9: 7 | G9: =shieDItem!R9 -> 0 | H9: 0 | I9: =shieDItem!S9 -> 4620 | J9: =shieDItem!T9 -> 0 | K9: =shieDItem!U9 -> 0 | L9: =shieDItem!W9 -> 0 | M9: =shieDItem!V9 -> 0 | N9: =shieDItem!X9 -> 138 | O9: =shieDItem!AZ9 -> 1 | P9: =shieDItem!AY9 -> 1 | Q9: =shieDItem!BA9 -> 1 | R9: =shieDItem!BB9 -> 1 | S9: 6 | T9: =shieDItem!B9 -> 0 | U9: 0 | V9: =shieDItem!BG9 -> 0 | W9: =shieDItem!L9 -> -1 | X9: =shieDItem!G9 -> 2 | Y9: 0 | Z9: =shieDItem!BD9 -> 0 | AA9: 0 | AB9: =shieDItem!Z9 -> 0 | AC9: =shieDItem!K9 -> 7 | AD9: =shieDItem!N9 -> 4 | AE9: =shieDItem!P9 -> -1 | AF9: =shieDItem!O9 -> 1 | AG9: =shieDItem!Q9 -> -1 | AH9: 0 | AI9: 0 | AJ9: 0 | AK9: =shieDItem!AE9 -> 200 | AL9: =IF(AM9=0,0,IF(AN9=0,1,IF(AO9=0,2,IF(AP9=0,3,4)))) -> 1 | AM9: =shieDItem!AP9 -> 4 | AN9: =shieDItem!AR9 -> 0 | AO9: =shieDItem!AT9 -> 0 | AP9: =shieDItem!AV9 -> 0 | AQ9: 0 | AR9: 0 | AS9: 0 | AT9: =shieDItem!AQ9 -> -100 | AU9: =shieDItem!AS9 -> 0 | AV9: =shieDItem!AU9 -> 0 | AW9: =shieDItem!AW9 -> 0 | AX9: =shieDItem!BF9 -> 2 | AY9: =shieDItem!M9 -> 0 | AZ9: =INT(shieDItem!AK9) -> 20 | BA9: =shieDItem!AG9 -> 0 | BB9: =shieDItem!AH9 -> 0 | BC9: =shieDItem!AI9 -> 0 | BD9: =shieDItem!AJ9 -> 0 | BE9: =shieDItem!AN9 -> 0.5 | BF9: =shieDItem!AO9 -> 1 | BG9: 0
A10: =shieDItem!A10 -> idbcd07 | B10: =shieDItem!E10 -> Shield2D | C10: =shieDItem!C10 -> 900707 | D10: =shieDItem!D10 -> 2 | E10: =shieDItem!J10 -> 11110000 | F10: 7 | G10: =shieDItem!R10 -> 0 | H10: 0 | I10: =shieDItem!S10 -> 4620 | J10: =shieDItem!T10 -> 0 | K10: =shieDItem!U10 -> 0 | L10: =shieDItem!W10 -> 0 | M10: =shieDItem!V10 -> 0 | N10: =shieDItem!X10 -> 138 | O10: =shieDItem!AZ10 -> 1 | P10: =shieDItem!AY10 -> 1 | Q10: =shieDItem!BA10 -> 1 | R10: =shieDItem!BB10 -> 1 | S10: 7 | T10: =shieDItem!B10 -> 0 | U10: 0 | V10: =shieDItem!BG10 -> 0 | W10: =shieDItem!L10 -> -1 | X10: =shieDItem!G10 -> 3 | Y10: 0 | Z10: =shieDItem!BD10 -> 0 | AA10: 0 | AB10: =shieDItem!Z10 -> 0 | AC10: =shieDItem!K10 -> 7 | AD10: =shieDItem!N10 -> 4 | AE10: =shieDItem!P10 -> -1 | AF10: =shieDItem!O10 -> 1 | AG10: =shieDItem!Q10 -> -1 | AH10: 0 | AI10: 0 | AJ10: 0 | AK10: =shieDItem!AE10 -> 200 | AL10: =IF(AM10=0,0,IF(AN10=0,1,IF(AO10=0,2,IF(AP10=0,3,4)))) -> 1 | AM10: =shieDItem!AP10 -> 4 | AN10: =shieDItem!AR10 -> 0 | AO10: =shieDItem!AT10 -> 0 | AP10: =shieDItem!AV10 -> 0 | AQ10: 0 | AR10: 0 | AS10: 0 | AT10: =shieDItem!AQ10 -> -100 | AU10: =shieDItem!AS10 -> 0 | AV10: =shieDItem!AU10 -> 0 | AW10: =shieDItem!AW10 -> 0 | AX10: =shieDItem!BF10 -> 2 | AY10: =shieDItem!M10 -> 0 | AZ10: =INT(shieDItem!AK10) -> 20 | BA10: =shieDItem!AG10 -> 0 | BB10: =shieDItem!AH10 -> 0 | BC10: =shieDItem!AI10 -> 0 | BD10: =shieDItem!AJ10 -> 0 | BE10: =shieDItem!AN10 -> 0.5 | BF10: =shieDItem!AO10 -> 1 | BG10: 0
A11: =shieDItem!A11 -> idbca10 | B11: =shieDItem!E11 -> Targe | C11: =shieDItem!C11 -> 900708 | D11: =shieDItem!D11 -> 3 | E11: =shieDItem!J11 -> 11110000 | F11: 7 | G11: =shieDItem!R11 -> 0 | H11: 0 | I11: =shieDItem!S11 -> 2630 | J11: =shieDItem!T11 -> 0 | K11: =shieDItem!U11 -> 0 | L11: =shieDItem!W11 -> 0 | M11: =shieDItem!V11 -> 0 | N11: =shieDItem!X11 -> 78 | O11: =shieDItem!AZ11 -> 1 | P11: =shieDItem!AY11 -> 1 | Q11: =shieDItem!BA11 -> 1 | R11: =shieDItem!BB11 -> 1 | S11: 8 | T11: =shieDItem!B11 -> 1 | U11: 0 | V11: =shieDItem!BG11 -> 0 | W11: =shieDItem!L11 -> -1 | X11: =shieDItem!G11 -> 0 | Y11: 0 | Z11: =shieDItem!BD11 -> 3 | AA11: 0 | AB11: =shieDItem!Z11 -> 0 | AC11: =shieDItem!K11 -> 10 | AD11: =shieDItem!N11 -> 4 | AE11: =shieDItem!P11 -> -1 | AF11: =shieDItem!O11 -> 1 | AG11: =shieDItem!Q11 -> -1 | AH11: 0 | AI11: 0 | AJ11: 0 | AK11: =shieDItem!AE11 -> 200 | AL11: =IF(AM11=0,0,IF(AN11=0,1,IF(AO11=0,2,IF(AP11=0,3,4)))) -> 1 | AM11: =shieDItem!AP11 -> 4 | AN11: =shieDItem!AR11 -> 0 | AO11: =shieDItem!AT11 -> 0 | AP11: =shieDItem!AV11 -> 0 | AQ11: 0 | AR11: 0 | AS11: 0 | AT11: =shieDItem!AQ11 -> -100 | AU11: =shieDItem!AS11 -> 0 | AV11: =shieDItem!AU11 -> 0 | AW11: =shieDItem!AW11 -> 0 | AX11: =shieDItem!BF11 -> 2 | AY11: =shieDItem!M11 -> 0 | AZ11: =INT(shieDItem!AK11) -> 36 | BA11: =shieDItem!AG11 -> 0 | BB11: =shieDItem!AH11 -> 0 | BC11: =shieDItem!AI11 -> 0 | BD11: =shieDItem!AJ11 -> 0 | BE11: =shieDItem!AN11 -> 0.5 | BF11: =shieDItem!AO11 -> 1 | BG11: 0
A12: =shieDItem!A12 -> idbcb10 | B12: =shieDItem!E12 -> Intense Targe | C12: =shieDItem!C12 -> 900708 | D12: =shieDItem!D12 -> 3 | E12: =shieDItem!J12 -> 11110000 | F12: 7 | G12: =shieDItem!R12 -> 0 | H12: 0 | I12: =shieDItem!S12 -> 7300 | J12: =shieDItem!T12 -> 0 | K12: =shieDItem!U12 -> 0 | L12: =shieDItem!W12 -> 0 | M12: =shieDItem!V12 -> 0 | N12: =shieDItem!X12 -> 219 | O12: =shieDItem!AZ12 -> 1 | P12: =shieDItem!AY12 -> 1 | Q12: =shieDItem!BA12 -> 1 | R12: =shieDItem!BB12 -> 1 | S12: 9 | T12: =shieDItem!B12 -> 1 | U12: 0 | V12: =shieDItem!BG12 -> 0 | W12: =shieDItem!L12 -> -1 | X12: =shieDItem!G12 -> 1 | Y12: 0 | Z12: =shieDItem!BD12 -> 3 | AA12: 0 | AB12: =shieDItem!Z12 -> 0 | AC12: =shieDItem!K12 -> 10 | AD12: =shieDItem!N12 -> 4 | AE12: =shieDItem!P12 -> -1 | AF12: =shieDItem!O12 -> 1 | AG12: =shieDItem!Q12 -> -1 | AH12: 0 | AI12: 0 | AJ12: 0 | AK12: =shieDItem!AE12 -> 200 | AL12: =IF(AM12=0,0,IF(AN12=0,1,IF(AO12=0,2,IF(AP12=0,3,4)))) -> 1 | AM12: =shieDItem!AP12 -> 4 | AN12: =shieDItem!AR12 -> 0 | AO12: =shieDItem!AT12 -> 0 | AP12: =shieDItem!AV12 -> 0 | AQ12: 0 | AR12: 0 | AS12: 0 | AT12: =shieDItem!AQ12 -> -100 | AU12: =shieDItem!AS12 -> 0 | AV12: =shieDItem!AU12 -> 0 | AW12: =shieDItem!AW12 -> 0 | AX12: =shieDItem!BF12 -> 2 | AY12: =shieDItem!M12 -> 0 | AZ12: =INT(shieDItem!AK12) -> 98 | BA12: =shieDItem!AG12 -> 0 | BB12: =shieDItem!AH12 -> 0 | BC12: =shieDItem!AI12 -> 0 | BD12: =shieDItem!AJ12 -> 0 | BE12: =shieDItem!AN12 -> 0.5 | BF12: =shieDItem!AO12 -> 1 | BG12: 0
A13: =shieDItem!A13 -> idbcc10 | B13: =shieDItem!E13 -> Shield3C | C13: =shieDItem!C13 -> 90070A | D13: =shieDItem!D13 -> 3 | E13: =shieDItem!J13 -> 11110000 | F13: 7 | G13: =shieDItem!R13 -> 0 | H13: 0 | I13: =shieDItem!S13 -> 7300 | J13: =shieDItem!T13 -> 0 | K13: =shieDItem!U13 -> 0 | L13: =shieDItem!W13 -> 0 | M13: =shieDItem!V13 -> 0 | N13: =shieDItem!X13 -> 219 | O13: =shieDItem!AZ13 -> 1 | P13: =shieDItem!AY13 -> 1 | Q13: =shieDItem!BA13 -> 1 | R13: =shieDItem!BB13 -> 1 | S13: 10 | T13: =shieDItem!B13 -> 0 | U13: 0 | V13: =shieDItem!BG13 -> 0 | W13: =shieDItem!L13 -> -1 | X13: =shieDItem!G13 -> 2 | Y13: 0 | Z13: =shieDItem!BD13 -> 3 | AA13: 0 | AB13: =shieDItem!Z13 -> 0 | AC13: =shieDItem!K13 -> 10 | AD13: =shieDItem!N13 -> 4 | AE13: =shieDItem!P13 -> -1 | AF13: =shieDItem!O13 -> 1 | AG13: =shieDItem!Q13 -> -1 | AH13: 0 | AI13: 0 | AJ13: 0 | AK13: =shieDItem!AE13 -> 200 | AL13: =IF(AM13=0,0,IF(AN13=0,1,IF(AO13=0,2,IF(AP13=0,3,4)))) -> 1 | AM13: =shieDItem!AP13 -> 4 | AN13: =shieDItem!AR13 -> 0 | AO13: =shieDItem!AT13 -> 0 | AP13: =shieDItem!AV13 -> 0 | AQ13: 0 | AR13: 0 | AS13: 0 | AT13: =shieDItem!AQ13 -> -100 | AU13: =shieDItem!AS13 -> 0 | AV13: =shieDItem!AU13 -> 0 | AW13: =shieDItem!AW13 -> 0 | AX13: =shieDItem!BF13 -> 2 | AY13: =shieDItem!M13 -> 0 | AZ13: =INT(shieDItem!AK13) -> 36 | BA13: =shieDItem!AG13 -> 0 | BB13: =shieDItem!AH13 -> 0 | BC13: =shieDItem!AI13 -> 0 | BD13: =shieDItem!AJ13 -> 0 | BE13: =shieDItem!AN13 -> 0.5 | BF13: =shieDItem!AO13 -> 1 | BG13: 0
A14: =shieDItem!A14 -> idbcd10 | B14: =shieDItem!E14 -> Shield3D | C14: =shieDItem!C14 -> 90070B | D14: =shieDItem!D14 -> 3 | E14: =shieDItem!J14 -> 11110000 | F14: 7 | G14: =shieDItem!R14 -> 0 | H14: 0 | I14: =shieDItem!S14 -> 7300 | J14: =shieDItem!T14 -> 0 | K14: =shieDItem!U14 -> 0 | L14: =shieDItem!W14 -> 0 | M14: =shieDItem!V14 -> 0 | N14: =shieDItem!X14 -> 219 | O14: =shieDItem!AZ14 -> 1 | P14: =shieDItem!AY14 -> 1 | Q14: =shieDItem!BA14 -> 1 | R14: =shieDItem!BB14 -> 1 | S14: 11 | T14: =shieDItem!B14 -> 0 | U14: 0 | V14: =shieDItem!BG14 -> 0 | W14: =shieDItem!L14 -> -1 | X14: =shieDItem!G14 -> 3 | Y14: 0 | Z14: =shieDItem!BD14 -> 3 | AA14: 0 | AB14: =shieDItem!Z14 -> 0 | AC14: =shieDItem!K14 -> 10 | AD14: =shieDItem!N14 -> 4 | AE14: =shieDItem!P14 -> -1 | AF14: =shieDItem!O14 -> 1 | AG14: =shieDItem!Q14 -> -1 | AH14: 0 | AI14: 0 | AJ14: 0 | AK14: =shieDItem!AE14 -> 200 | AL14: =IF(AM14=0,0,IF(AN14=0,1,IF(AO14=0,2,IF(AP14=0,3,4)))) -> 1 | AM14: =shieDItem!AP14 -> 4 | AN14: =shieDItem!AR14 -> 0 | AO14: =shieDItem!AT14 -> 0 | AP14: =shieDItem!AV14 -> 0 | AQ14: 0 | AR14: 0 | AS14: 0 | AT14: =shieDItem!AQ14 -> -100 | AU14: =shieDItem!AS14 -> 0 | AV14: =shieDItem!AU14 -> 0 | AW14: =shieDItem!AW14 -> 0 | AX14: =shieDItem!BF14 -> 2 | AY14: =shieDItem!M14 -> 0 | AZ14: =INT(shieDItem!AK14) -> 36 | BA14: =shieDItem!AG14 -> 0 | BB14: =shieDItem!AH14 -> 0 | BC14: =shieDItem!AI14 -> 0 | BD14: =shieDItem!AJ14 -> 0 | BE14: =shieDItem!AN14 -> 0.5 | BF14: =shieDItem!AO14 -> 1 | BG14: 0
... A1843: =shieDItem!A1843 -> idbcx01 | B1843: =shieDItem!E1843 -> Infernal Dragonbone Prokion Shield | C1843: =shieDItem!C1843 -> 9007C1 | D1843: =shieDItem!D1843 -> 80 | E1843: =shieDItem!J1843 -> 11110000 | F1843: 7 | G1843: =shieDItem!R1843 -> 0 | H1843: 0 | I1843: =shieDItem!S1843 -> 631671 | J1843: =shieDItem!T1843 -> 0 | K1843: =shieDItem!U1843 -> 0 | L1843: =shieDItem!W1843 -> 0 | M1843: =shieDItem!V1843 -> 0 | N1843: =shieDItem!X1843 -> 0 | O1843: =shieDItem!AZ1843 -> 1 | P1843: =shieDItem!AY1843 -> 1 | Q1843: =shieDItem!BA1843 -> 1 | R1843: =shieDItem!BB1843 -> 1 | S1843: 1843 | T1843: =shieDItem!B1843 -> 1 | U1843: 0 | V1843: =shieDItem!BG1843 -> 0 | W1843: =shieDItem!L1843 -> -1 | X1843: =shieDItem!G1843 -> 7 | Y1843: 0 | Z1843: =shieDItem!BD1843 -> 7 | AA1843: 0 | AB1843: =shieDItem!Z1843 -> 0 | AC1843: =shieDItem!K1843 -> 75 | AD1843: =shieDItem!N1843 -> 4 | AE1843: =shieDItem!P1843 -> -1 | AF1843: =shieDItem!O1843 -> 99 | AG1843: =shieDItem!Q1843 -> -1 | AH1843: 0 | AI1843: 0 | AJ1843: 0 | AK1843: =shieDItem!AE1843 -> 200 | AL1843: =IF(AM1843=0,0,IF(AN1843=0,1,IF(AO1843=0,2,IF(AP1843=0,3,4)))) -> 3 | AM1843: =shieDItem!AP1843 -> 4 | AN1843: =shieDItem!AR1843 -> 7 | AO1843: =shieDItem!AT1843 -> 28 | AP1843: =shieDItem!AV1843 -> 0 | AQ1843: 0 | AR1843: 0 | AS1843: 0 | AT1843: =shieDItem!AQ1843 -> -100 | AU1843: =shieDItem!AS1843 -> 0.1 | AV1843: =shieDItem!AU1843 -> 5 | AW1843: =shieDItem!AW1843 -> 0 | AX1843: =shieDItem!BF1843 -> 2 | AY1843: =shieDItem!M1843 -> 0 | AZ1843: =INT(shieDItem!AK1843) -> 4087 | BA1843: =shieDItem!AG1843 -> 0 | BB1843: =shieDItem!AH1843 -> 0 | BC1843: =shieDItem!AI1843 -> 0 | BD1843: =shieDItem!AJ1843 -> 0 | BE1843: =shieDItem!AN1843 -> 0.5 | BF1843: =shieDItem!AO1843 -> 1 | BG1843: 0

Sheet 7desc
A1: dword | B1: text | C1: END
A2: Count | B2: descript
A3: 0 | B3: Normal Shield
A4: 1 | B4: Normal Shield
A5: 2 | B5: Normal Shield
A6: 3 | B6: Normal Shield
A7: 4 | B7: Normal Shield
A8: 5 | B8: Normal Shield
A9: 6 | B9: Normal Shield
A10: 7 | B10: Normal Shield
A11: 8 | B11: Normal Shield
A12: 9 | B12: Normal Shield
A13: 10 | B13: Normal Shield
A14: 11 | B14: Normal Shield
... A1846: 1843 | B1846: Shield made up of the skin of the the Ancient Infernal Dragon <font color='ffcc00'>Mušḫuššu</font> which is imbued with ancient magic that even Cora's and Bellato have never heard about. This Shield surpasses any other Dragon Shields that was made by the ones that came before because this was the first Dragon Shield made in the whole history of Novus which dates back millions of years ago.
