Workbook

Sheet GuardTowerItem
A1: string[64] | B1: string[64] | C1: string[64] | D1: string[64] | E1: string[64] | F1: dword | G1: dword | H1: dword | I1: dword | J1: dword | K1: dword | L1: dword | M1: dword | N1: dword | O1: float | P1: dword | Q1: dword | R1: dword | S1: dword | T1: dword | U1: dword | V1: dword | W1: dword | X1: dword | Y1: dword | Z1: float | AA1: float | AB1: dword | AC1: dword | AD1: dword | AE1: dword | AF1: dword | AG1: dword | AH1: float | AI1: dword | AJ1: float | AK1: dword | AL1: dword | AM1: dword | AN1: dword | AO1: dword | AP1: dword | AQ1: dword | AR1: dword | AS1: dword | AT1: string[64] | AU1: dword | AV1: string[64] | AW1: dword | AX1: string[64] | AY1: dword | AZ1: dword | BA1: dword | BB1: dword | BC1: dword | BD1: dword | BE1: dword | BF1: string[64] | BG1: dword | BH1: dword | BI1: dword | BJ1: END
A2: Code | B2: Model | C2: MeshID | D2: Name | E2: Civil | F2: LvLim | G2: UpLvLim | H2: ExpertLim | I2: ExpTime | J2: EffectGroup | K2: Icon | L2: Level | M2: Height | N2: Width | O2: AttGap | P2: Attack_DP | Q2: GADst | R2: GASpd | S2: AttSklUnit | T2: GAMinAF | U2: GAMaxAF | V2: GAMinSelProb | W2: GAMaxSelProb | X2: DefSklUnit | Y2: DefFc | Z2: DefGap | AA2: DefFacing | AB2: Property | AC2: Fire | AD2: Water | AE2: Soil | AF2: Wind | AG2: EffCode1 | AH2: EffUnit1 | AI2: EffCode2 | AJ2: EffUnit2 | AK2: Duration | AL2: MaxHP | AM2: Money | AN2: StdPrice | AO2: StdPoint | AP2: GoldPoint | AQ2: KillPoint | AR2: ProcPoint | AS2: StorePrice | AT2: Material1 | AU2: Num1 | AV2: Material2 | AW2: Num2 | AX2: Material3 | AY2: Num3 | AZ2: IsSell | BA2: IsExchange | BB2: IsGround | BC2: IsStore | BD2: IsNormAcc | BE2: IsUpgrade | BF2: ToolTip | BG2: AttEffType | BH2: DefEffType | BI2: IsTime
A3: gtb0001 | B3: 730E00 | C3: 07000 | D3: Bellato System Guard Tower | E3: 11000000 | F3: 30 | G3: -1 | H3: 0 | I3: 1 | J3: 0 | K3: 1 | L3: 30 | M3: 30 | N3: 20 | O3: 0.5 | P3: 0 | Q3: 450 | R3: 100 | S3: 400 | T3: 10999999 | U3: 50999999 | V3: 30 | W3: 50 | X3: 99 | Y3: 999999 | Z3: 0.5 | AA3: 0.057390999 | AB3: -1 | AC3: 20 | AD3: 20 | AE3: 20 | AF3: 20 | AG3: 0 | AH3: 0 | AI3: 0 | AJ3: 0 | AK3: 0 | AL3: 300000 | AM3: 0 | AN3: 10000 | AO3: 0 | AP3: 0 | AQ3: 0 | AR3: 0 | AS3: 500 | AT3: irgef01 | AU3: 2 | AV3: irgea01 | AW3: 5 | AX3: -1 | AY3: 0 | AZ3: 1 | BA3: 1 | BB3: 1 | BC3: 1 | BD3: 1 | BE3: 0 | BF3: tgtbb000 | BG3: 11 | BH3: 2 | BI3: 0
A4: gtbb001 | B4: 730E00 | C4: 07000 | D4: Light Guard Tower [Lv30] | E4: 11000000 | F4: 30 | G4: -1 | H4: 0 | I4: 10 | J4: 0 | K4: 1 | L4: 30 | M4: 30 | N4: 20 | O4: 0.5 | P4: 0 | Q4: 330 | R4: 2000 | S4: 99 | T4: 1442 | U4: 1602 | V4: 30 | W4: 50 | X4: 99 | Y4: 671 | Z4: 0.5 | AA4: 0.31071699 | AB4: -1 | AC4: 20 | AD4: 20 | AE4: 20 | AF4: 20 | AG4: 0 | AH4: 0 | AI4: 0 | AJ4: 0 | AK4: 0 | AL4: 16120 | AM4: 0 | AN4: 10000 | AO4: 0 | AP4: 0 | AQ4: 0 | AR4: 0 | AS4: 500 | AT4: irgef01 | AU4: 2 | AV4: irgea01 | AW4: 2 | AX4: -1 | AY4: 0 | AZ4: 1 | BA4: 1 | BB4: 1 | BC4: 1 | BD4: 1 | BE4: 0 | BF4: tgtbb001 | BG4: 11 | BH4: 2 | BI4: 0
A5: gtbb002 | B5: 730E00 | C5: 07000 | D5: Guard Tower [Lv35] | E5: 11000000 | F5: 35 | G5: -1 | H5: 0 | I5: 10 | J5: 0 | K5: 1 | L5: 35 | M5: 30 | N5: 20 | O5: 0.5 | P5: 0 | Q5: 330 | R5: 2000 | S5: 150 | T5: 4733 | U5: 5259 | V5: 30 | W5: 50 | X5: 99 | Y5: 1151 | Z5: 0.5 | AA5: 0.206907 | AB5: -1 | AC5: 20 | AD5: 20 | AE5: 20 | AF5: 20 | AG5: 0 | AH5: 0 | AI5: 0 | AJ5: 0 | AK5: 0 | AL5: 20010 | AM5: 0 | AN5: 20000 | AO5: 0 | AP5: 0 | AQ5: 0 | AR5: 0 | AS5: 1000 | AT5: irgef01 | AU5: 3 | AV5: irgea01 | AW5: 3 | AX5: -1 | AY5: 0 | AZ5: 1 | BA5: 1 | BB5: 1 | BC5: 1 | BD5: 1 | BE5: 0 | BF5: tgtbb002 | BG5: 11 | BH5: 2 | BI5: 0
A6: gtbb003 | B6: 730E00 | C6: 07000 | D6: Advanced Guard Tower [Lv40] | E6: 11000000 | F6: 40 | G6: -1 | H6: 0 | I6: 10 | J6: 0 | K6: 1 | L6: 40 | M6: 30 | N6: 20 | O6: 0.5 | P6: 0 | Q6: 330 | R6: 2000 | S6: 200 | T6: 10622 | U6: 11802 | V6: 30 | W6: 50 | X6: 99 | Y6: 1503 | Z6: 0.5 | AA6: 0.166805 | AB6: -1 | AC6: 20 | AD6: 20 | AE6: 20 | AF6: 20 | AG6: 0 | AH6: 0 | AI6: 0 | AJ6: 0 | AK6: 0 | AL6: 22570 | AM6: 0 | AN6: 1363637 | AO6: 0 | AP6: 0 | AQ6: 0 | AR6: 0 | AS6: 2500 | AT6: iybat01 | AU6: 1 | AV6: -1 | AW6: 0 | AX6: -1 | AY6: 0 | AZ6: 1 | BA6: 1 | BB6: 1 | BC6: 1 | BD6: 1 | BE6: 0 | BF6: tgtbb003 | BG6: 11 | BH6: 2 | BI6: 0
A7: gtbb004 | B7: 730E00 | C7: 07000 | D7: Epochal Guard Tower [Lv45] | E7: 11000000 | F7: 45 | G7: -1 | H7: 0 | I7: 10 | J7: 0 | K7: 1 | L7: 45 | M7: 30 | N7: 20 | O7: 0.5 | P7: 0 | Q7: 330 | R7: 1500 | S7: 250 | T7: 26655 | U7: 29616 | V7: 30 | W7: 50 | X7: 99 | Y7: 3110 | Z7: 0.5 | AA7: 0.114767 | AB7: -1 | AC7: 20 | AD7: 20 | AE7: 20 | AF7: 20 | AG7: 0 | AH7: 0 | AI7: 0 | AJ7: 0 | AK7: 0 | AL7: 26210 | AM7: 0 | AN7: 2272728 | AO7: 0 | AP7: 0 | AQ7: 0 | AR7: 0 | AS7: 50000 | AT7: iybat01 | AU7: 2 | AV7: -1 | AW7: 0 | AX7: -1 | AY7: 0 | AZ7: 1 | BA7: 1 | BB7: 1 | BC7: 1 | BD7: 1 | BE7: 0 | BF7: tgtbb004 | BG7: 11 | BH7: 2 | BI7: 0
A8: gtbb005 | B8: 730E00 | C8: 07000 | D8: Intense Epochal Guard Tower [Lv50] | E8: 11000000 | F8: 50 | G8: -1 | H8: 0 | I8: 10 | J8: 0 | K8: 1 | L8: 50 | M8: 30 | N8: 20 | O8: 0.5 | P8: 0 | Q8: 450 | R8: 1500 | S8: 300 | T8: 52254 | U8: 58061 | V8: 30 | W8: 50 | X8: 99 | Y8: 4136 | Z8: 0.5 | AA8: 0.088505 | AB8: -1 | AC8: 20 | AD8: 20 | AE8: 20 | AF8: 20 | AG8: 0 | AH8: 0 | AI8: 0 | AJ8: 0 | AK8: 0 | AL8: 28610 | AM8: 0 | AN8: 2500000 | AO8: 0 | AP8: 0 | AQ8: 0 | AR8: 0 | AS8: 125000 | AT8: iywhi01 | AU8: 1 | AV8: -1 | AW8: 0 | AX8: -1 | AY8: 0 | AZ8: 1 | BA8: 1 | BB8: 1 | BC8: 1 | BD8: 1 | BE8: 0 | BF8: tgtbb005 | BG8: 11 | BH8: 2 | BI8: 0
A9: gtbb006 | B9: 730E00 | C9: 07000 | D9: Hedge Hawk [Lv53] | E9: 11000000 | F9: 53 | G9: -1 | H9: 0 | I9: 10 | J9: 0 | K9: 1 | L9: 53 | M9: 30 | N9: 20 | O9: 0.5 | P9: 0 | Q9: 450 | R9: 1500 | S9: 300 | T9: 59238 | U9: 65820 | V9: 30 | W9: 50 | X9: 99 | Y9: 4340 | Z9: 0.5 | AA9: 0.085083 | AB9: -1 | AC9: 20 | AD9: 20 | AE9: 20 | AF9: 20 | AG9: 0 | AH9: 0 | AI9: 0 | AJ9: 0 | AK9: 0 | AL9: 29260 | AM9: 0 | AN9: 3000000 | AO9: 0 | AP9: 0 | AQ9: 0 | AR9: 0 | AS9: 150000 | AT9: iywhi02 | AU9: 1 | AV9: -1 | AW9: 0 | AX9: -1 | AY9: 0 | AZ9: 1 | BA9: 1 | BB9: 1 | BC9: 1 | BD9: 1 | BE9: 0 | BF9: tgtbb006 | BG9: 11 | BH9: 2 | BI9: 0
A10: gtbb007 | B10: 730E00 | C10: 07000 | D10: Advanced Hedge Hawk [Lv55] | E10: 11000000 | F10: 55 | G10: -1 | H10: 0 | I10: 10 | J10: 0 | K10: 1 | L10: 55 | M10: 30 | N10: 20 | O10: 0.5 | P10: 0 | Q10: 450 | R10: 1500 | S10: 300 | T10: 67589 | U10: 75098 | V10: 30 | W10: 50 | X10: 99 | Y10: 4546 | Z10: 0.5 | AA10: 0.081170999 | AB10: -1 | AC10: 20 | AD10: 20 | AE10: 20 | AF10: 20 | AG10: 0 | AH10: 0 | AI10: 0 | AJ10: 0 | AK10: 0 | AL10: 29620 | AM10: 0 | AN10: 4000000 | AO10: 0 | AP10: 0 | AQ10: 0 | AR10: 0 | AS10: 200000 | AT10: iywhi02 | AU10: 1 | AV10: -1 | AW10: 0 | AX10: -1 | AY10: 0 | AZ10: 1 | BA10: 1 | BB10: 1 | BC10: 1 | BD10: 1 | BE10: 0 | BF10: tgtbb007 | BG10: 11 | BH10: 2 | BI10: 0
A11: gtbb008 | B11: 730E00 | C11: 07000 | D11: Intense Epochal Guard Tower T1 [Lv50] | E11: 11000000 | F11: 50 | G11: -1 | H11: 0 | I11: 10 | J11: 0 | K11: 1 | L11: 50 | M11: 30 | N11: 20 | O11: 0.5 | P11: 0 | Q11: 450 | R11: 1500 | S11: 300 | T11: 54867 | U11: 60964 | V11: 30 | W11: 50 | X11: 99 | Y11: 4136 | Z11: 0.5 | AA11: 0.088505 | AB11: -1 | AC11: 20 | AD11: 20 | AE11: 20 | AF11: 20 | AG11: 0 | AH11: 0 | AI11: 0 | AJ11: 0 | AK11: 0 | AL11: 28610 | AM11: 0 | AN11: 10000 | AO11: 0 | AP11: 0 | AQ11: 0 | AR11: 0 | AS11: 500 | AT11: iywhi01 | AU11: 1 | AV11: -1 | AW11: 0 | AX11: -1 | AY11: 0 | AZ11: 1 | BA11: 1 | BB11: 1 | BC11: 1 | BD11: 1 | BE11: 0 | BF11: tgtbb008 | BG11: 11 | BH11: 2 | BI11: 0
A12: gtbb009 | B12: 730E00 | C12: 07000 | D12: Intense Epochal Guard Tower T2 [Lv50] | E12: 11000000 | F12: 50 | G12: -1 | H12: 0 | I12: 10 | J12: 0 | K12: 1 | L12: 50 | M12: 30 | N12: 20 | O12: 0.5 | P12: 0 | Q12: 450 | R12: 1500 | S12: 300 | T12: 60092 | U12: 66770 | V12: 30 | W12: 50 | X12: 99 | Y12: 4136 | Z12: 0.5 | AA12: 0.088505 | AB12: -1 | AC12: 20 | AD12: 20 | AE12: 20 | AF12: 20 | AG12: 0 | AH12: 0 | AI12: 0 | AJ12: 0 | AK12: 0 | AL12: 28610 | AM12: 0 | AN12: 10000 | AO12: 0 | AP12: 0 | AQ12: 0 | AR12: 0 | AS12: 500 | AT12: iywhi01 | AU12: 1 | AV12: -1 | AW12: 0 | AX12: -1 | AY12: 0 | AZ12: 1 | BA12: 1 | BB12: 1 | BC12: 1 | BD12: 1 | BE12: 0 | BF12: tgtbb009 | BG12: 11 | BH12: 2 | BI12: 0
A13: gtbb010 | B13: 730E00 | C13: 07000 | D13: Hedge Hawk T1 [Lv53] | E13: 11000000 | F13: 53 | G13: -1 | H13: 0 | I13: 10 | J13: 0 | K13: 1 | L13: 53 | M13: 30 | N13: 20 | O13: 0.5 | P13: 0 | Q13: 450 | R13: 1500 | S13: 300 | T13: 62200 | U13: 69111 | V13: 30 | W13: 50 | X13: 99 | Y13: 4340 | Z13: 0.5 | AA13: 0.085083 | AB13: -1 | AC13: 20 | AD13: 20 | AE13: 20 | AF13: 20 | AG13: 0 | AH13: 0 | AI13: 0 | AJ13: 0 | AK13: 0 | AL13: 29260 | AM13: 0 | AN13: 20000 | AO13: 0 | AP13: 0 | AQ13: 0 | AR13: 0 | AS13: 1000 | AT13: iywhi02 | AU13: 1 | AV13: -1 | AW13: 0 | AX13: -1 | AY13: 0 | AZ13: 1 | BA13: 1 | BB13: 1 | BC13: 1 | BD13: 1 | BE13: 0 | BF13: tgtbb010 | BG13: 11 | BH13: 2 | BI13: 0
A14: gtbb011 | B14: 730E00 | C14: 07000 | D14: Hedge Hawk T2 [Lv53] | E14: 11000000 | F14: 53 | G14: -1 | H14: 0 | I14: 10 | J14: 0 | K14: 1 | L14: 53 | M14: 30 | N14: 20 | O14: 0.5 | P14: 0 | Q14: 450 | R14: 1500 | S14: 300 | T14: 68124 | U14: 75693 | V14: 30 | W14: 50 | X14: 99 | Y14: 4340 | Z14: 0.5 | AA14: 0.085083 | AB14: -1 | AC14: 20 | AD14: 20 | AE14: 20 | AF14: 20 | AG14: 0 | AH14: 0 | AI14: 0 | AJ14: 0 | AK14: 0 | AL14: 29260 | AM14: 0 | AN14: 20000 | AO14: 0 | AP14: 0 | AQ14: 0 | AR14: 0 | AS14: 1000 | AT14: iywhi02 | AU14: 1 | AV14: -1 | AW14: 0 | AX14: -1 | AY14: 0 | AZ14: 1 | BA14: 1 | BB14: 1 | BC14: 1 | BD14: 1 | BE14: 0 | BF14: tgtbb011 | BG14: 11 | BH14: 2 | BI14: 0
... A65: gtaa020 | B65: 430E28 | C65: 04028 | D65: Guard Tower | E65: 00001000 | F65: 1 | G65: -1 | H65: 0 | I65: 0 | J65: 0 | K65: 7 | L65: 1 | M65: 30 | N65: 20 | O65: 0.5 | P65: 0 | Q65: 330 | R65: 2000 | S65: 0 | T65: 33 | U65: 44 | V65: 30 | W65: 50 | X65: 99 | Y65: 12 | Z65: 0.5 | AA65: 0.73154402 | AB65: -1 | AC65: 20 | AD65: 20 | AE65: 20 | AF65: 20 | AG65: 0 | AH65: 0 | AI65: 0 | AJ65: 0 | AK65: 0 | AL65: 220 | AM65: 0 | AN65: 50000 | AO65: 0 | AP65: 0 | AQ65: 0 | AR65: 0 | AS65: 2500 | AT65: -1 | AU65: 0 | AV65: -1 | AW65: 0 | AX65: -1 | AY65: 0 | AZ65: 1 | BA65: 1 | BB65: 1 | BC65: 1 | BD65: 1 | BE65: 0 | BF65: tgtaa020 | BG65: 16 | BH65: 2 | BI65: 0

Sheet 25decrypt
A1: clcode | B1: string[64] | C1: xeh | D1: dword | E1: stb | F1: byte | G1: byte | H1: word | I1: dword | J1: dword | K1: dword | L1: dword | M1: dword | N1: dword | O1: dword | P1: dword | Q1: dword | R1: dword | S1: dword | T1: dword | U1: dword | V1: dword | W1: long | X1: dword | Y1: xeh | Z1: dword | AA1: dword | AB1: float | AC1: dword | AD1: dword | AE1: dword | AF1: dword | AG1: byte | AH1: byte | AI1: word | AJ1: dword | AK1: dword | AL1: byte | AM1: byte | AN1: word | AO1: dword | AP1: byte | AQ1: byte | AR1: byte | AS1: byte | AT1: dword | AU1: custom | AV1: custom | AW1: custom | AX1: custom | AY1: custom | AZ1: custom | BA1: dword | BB1: dword | BC1: dword | BD1: END
A2: =GuardTowerItem!A2 -> Code | B2: =GuardTowerItem!D2 -> Name | C2: =GuardTowerItem!B2 -> Model | D2: =GuardTowerItem!K2 -> Icon | E2: =GuardTowerItem!E2 -> Civil | F2: ListID | G2: =GuardTowerItem!AM2 -> Money | H2: none | I2: =GuardTowerItem!AN2 -> StdPrice | J2: =GuardTowerItem!AO2 -> StdPoint | K2: =GuardTowerItem!AP2 -> GoldPoint | L2: =GuardTowerItem!AR2 -> ProcPoint | M2: =GuardTowerItem!AQ2 -> KillPoint | N2: =GuardTowerItem!AS2 -> StorePrice | O2: =GuardTowerItem!BA2 -> IsExchange | P2: =GuardTowerItem!AZ2 -> IsSell | Q2: =GuardTowerItem!BB2 -> IsGround | R2: =GuardTowerItem!BC2 -> IsStore | S2: Descript | T2: IsExist | U2: IsCash | V2: IsTime | W2: =GuardTowerItem!G2 -> UpLvLim | X2: =GuardTowerItem!L2 -> Level | Y2: =GuardTowerItem!C2 -> MeshID | Z2: =GuardTowerItem!AL2 -> MaxHP | AA2: =GuardTowerItem!F2 -> LvLim | AB2: =GuardTowerItem!Q2 -> GADst | AC2: =GuardTowerItem!I2 -> ExpTime | AD2: hz | AE2: hz | AF2: hz | AG2: =GuardTowerItem!M2 -> Height | AH2: =GuardTowerItem!N2 -> Width | AI2: none | AJ2: =GuardTowerItem!T2 -> GAMinAF | AK2: =GuardTowerItem!U2 -> GAMaxAF | AL2: =GuardTowerItem!J2 -> EffectGroup | AM2: =GuardTowerItem!AB2 -> Property | AN2: nope | AO2: =GuardTowerItem!Y2 -> DefFc | AP2: =GuardTowerItem!AC2 -> Fire | AQ2: =GuardTowerItem!AD2 -> Water | AR2: =GuardTowerItem!AE2 -> Soil | AS2: =GuardTowerItem!AF2 -> Wind | AT2: =GuardTowerItem!R2 -> GASpd | AU2: =GuardTowerItem!AT2 -> Material1 | AV2: =GuardTowerItem!AU2 -> Num1 | AW2: =GuardTowerItem!AV2 -> Material2 | AX2: =GuardTowerItem!AW2 -> Num2 | AY2: =GuardTowerItem!AX2 -> Material3 | AZ2: =GuardTowerItem!AY2 -> Num3 | BA2: =GuardTowerItem!BG2 -> AttEffType | BB2: =GuardTowerItem!BH2 -> DefEffType | BC2: hz
A3: =GuardTowerItem!A3 -> gtb0001 | B3: =GuardTowerItem!D3 -> Bellato System Guard Tower | C3: =GuardTowerItem!B3 -> 730E00 | D3: =GuardTowerItem!K3 -> 1 | E3: =GuardTowerItem!E3 -> 11000000 | F3: 25 | G3: =GuardTowerItem!AM3 -> 0 | H3: 0 | I3: =GuardTowerItem!AN3 -> 10000 | J3: =GuardTowerItem!AO3 -> 0 | K3: =GuardTowerItem!AP3 -> 0 | L3: =GuardTowerItem!AR3 -> 0 | M3: =GuardTowerItem!AQ3 -> 0 | N3: =GuardTowerItem!AS3 -> 500 | O3: =GuardTowerItem!BA3 -> 1 | P3: =GuardTowerItem!AZ3 -> 1 | Q3: =GuardTowerItem!BB3 -> 1 | R3: =GuardTowerItem!BC3 -> 1 | S3: 0 | T3: 1 | U3: 0 | V3: 0 | W3: =GuardTowerItem!G3 -> -1 | X3: =GuardTowerItem!L3 -> 30 | Y3: =GuardTowerItem!C3 -> 07000 | Z3: =GuardTowerItem!AL3 -> 300000 | AA3: =GuardTowerItem!F3 -> 30 | AB3: =GuardTowerItem!Q3 -> 450 | AC3: =GuardTowerItem!I3 -> 1 | AD3: 0 | AE3: 0 | AF3: 0 | AG3: =GuardTowerItem!M3 -> 30 | AH3: =GuardTowerItem!N3 -> 20 | AI3: 0 | AJ3: =GuardTowerItem!T3 -> 10999999 | AK3: =GuardTowerItem!U3 -> 50999999 | AL3: =GuardTowerItem!J3 -> 0 | AM3: =GuardTowerItem!AB3 -> -1 | AN3: 0 | AO3: =GuardTowerItem!Y3 -> 999999 | AP3: =GuardTowerItem!AC3 -> 20 | AQ3: =GuardTowerItem!AD3 -> 20 | AR3: =GuardTowerItem!AE3 -> 20 | AS3: =GuardTowerItem!AF3 -> 20 | AT3: =GuardTowerItem!R3 -> 100 | AU3: =GuardTowerItem!AT3 -> irgef01 | AV3: =GuardTowerItem!AU3 -> 2 | AW3: =GuardTowerItem!AV3 -> irgea01 | AX3: =GuardTowerItem!AW3 -> 5 | AY3: =GuardTowerItem!AX3 -> -1 | AZ3: =GuardTowerItem!AY3 -> 0 | BA3: =GuardTowerItem!BG3 -> 11 | BB3: =GuardTowerItem!BH3 -> 2 | BC3: 2490563
A4: =GuardTowerItem!A4 -> gtbb001 | B4: =GuardTowerItem!D4 -> Light Guard Tower [Lv30] | C4: =GuardTowerItem!B4 -> 730E00 | D4: =GuardTowerItem!K4 -> 1 | E4: =GuardTowerItem!E4 -> 11000000 | F4: 25 | G4: =GuardTowerItem!AM4 -> 0 | H4: 0 | I4: =GuardTowerItem!AN4 -> 10000 | J4: =GuardTowerItem!AO4 -> 0 | K4: =GuardTowerItem!AP4 -> 0 | L4: =GuardTowerItem!AR4 -> 0 | M4: =GuardTowerItem!AQ4 -> 0 | N4: =GuardTowerItem!AS4 -> 500 | O4: =GuardTowerItem!BA4 -> 1 | P4: =GuardTowerItem!AZ4 -> 1 | Q4: =GuardTowerItem!BB4 -> 1 | R4: =GuardTowerItem!BC4 -> 1 | S4: 1 | T4: 1 | U4: 0 | V4: 0 | W4: =GuardTowerItem!G4 -> -1 | X4: =GuardTowerItem!L4 -> 30 | Y4: =GuardTowerItem!C4 -> 07000 | Z4: =GuardTowerItem!AL4 -> 16120 | AA4: =GuardTowerItem!F4 -> 30 | AB4: =GuardTowerItem!Q4 -> 330 | AC4: =GuardTowerItem!I4 -> 10 | AD4: 0 | AE4: 0 | AF4: 0 | AG4: =GuardTowerItem!M4 -> 30 | AH4: =GuardTowerItem!N4 -> 20 | AI4: 0 | AJ4: =GuardTowerItem!T4 -> 1442 | AK4: =GuardTowerItem!U4 -> 1602 | AL4: =GuardTowerItem!J4 -> 0 | AM4: =GuardTowerItem!AB4 -> -1 | AN4: 0 | AO4: =GuardTowerItem!Y4 -> 671 | AP4: =GuardTowerItem!AC4 -> 20 | AQ4: =GuardTowerItem!AD4 -> 20 | AR4: =GuardTowerItem!AE4 -> 20 | AS4: =GuardTowerItem!AF4 -> 20 | AT4: =GuardTowerItem!R4 -> 2000 | AU4: =GuardTowerItem!AT4 -> irgef01 | AV4: =GuardTowerItem!AU4 -> 2 | AW4: =GuardTowerItem!AV4 -> irgea01 | AX4: =GuardTowerItem!AW4 -> 2 | AY4: =GuardTowerItem!AX4 -> -1 | AZ4: =GuardTowerItem!AY4 -> 0 | BA4: =GuardTowerItem!BG4 -> 11 | BB4: =GuardTowerItem!BH4 -> 2 | BC4: 2490563
A5: =GuardTowerItem!A5 -> gtbb002 | B5: =GuardTowerItem!D5 -> Guard Tower [Lv35] | C5: =GuardTowerItem!B5 -> 730E00 | D5: =GuardTowerItem!K5 -> 1 | E5: =GuardTowerItem!E5 -> 11000000 | F5: 25 | G5: =GuardTowerItem!AM5 -> 0 | H5: 0 | I5: =GuardTowerItem!AN5 -> 20000 | J5: =GuardTowerItem!AO5 -> 0 | K5: =GuardTowerItem!AP5 -> 0 | L5: =GuardTowerItem!AR5 -> 0 | M5: =GuardTowerItem!AQ5 -> 0 | N5: =GuardTowerItem!AS5 -> 1000 | O5: =GuardTowerItem!BA5 -> 1 | P5: =GuardTowerItem!AZ5 -> 1 | Q5: =GuardTowerItem!BB5 -> 1 | R5: =GuardTowerItem!BC5 -> 1 | S5: 2 | T5: 1 | U5: 0 | V5: 0 | W5: =GuardTowerItem!G5 -> -1 | X5: =GuardTowerItem!L5 -> 35 | Y5: =GuardTowerItem!C5 -> 07000 | Z5: =GuardTowerItem!AL5 -> 20010 | AA5: =GuardTowerItem!F5 -> 35 | AB5: =GuardTowerItem!Q5 -> 330 | AC5: =GuardTowerItem!I5 -> 10 | AD5: 0 | AE5: 0 | AF5: 0 | AG5: =GuardTowerItem!M5 -> 30 | AH5: =GuardTowerItem!N5 -> 20 | AI5: 0 | AJ5: =GuardTowerItem!T5 -> 4733 | AK5: =GuardTowerItem!U5 -> 5259 | AL5: =GuardTowerItem!J5 -> 0 | AM5: =GuardTowerItem!AB5 -> -1 | AN5: 0 | AO5: =GuardTowerItem!Y5 -> 1151 | AP5: =GuardTowerItem!AC5 -> 20 | AQ5: =GuardTowerItem!AD5 -> 20 | AR5: =GuardTowerItem!AE5 -> 20 | AS5: =GuardTowerItem!AF5 -> 20 | AT5: =GuardTowerItem!R5 -> 2000 | AU5: =GuardTowerItem!AT5 -> irgef01 | AV5: =GuardTowerItem!AU5 -> 3 | AW5: =GuardTowerItem!AV5 -> irgea01 | AX5: =GuardTowerItem!AW5 -> 3 | AY5: =GuardTowerItem!AX5 -> -1 | AZ5: =GuardTowerItem!AY5 -> 0 | BA5: =GuardTowerItem!BG5 -> 11 | BB5: =GuardTowerItem!BH5 -> 2 | BC5: 2490563
A6: =GuardTowerItem!A6 -> gtbb003 | B6: =GuardTowerItem!D6 -> Advanced Guard Tower [Lv40] | C6: =GuardTowerItem!B6 -> 730E00 | D6: =GuardTowerItem!K6 -> 1 | E6: =GuardTowerItem!E6 -> 11000000 | F6: 25 | G6: =GuardTowerItem!AM6 -> 0 | H6: 0 | I6: =GuardTowerItem!AN6 -> 1363637 | J6: =GuardTowerItem!AO6 -> 0 | K6: =GuardTowerItem!AP6 -> 0 | L6: =GuardTowerItem!AR6 -> 0 | M6: =GuardTowerItem!AQ6 -> 0 | N6: =GuardTowerItem!AS6 -> 2500 | O6: =GuardTowerItem!BA6 -> 1 | P6: =GuardTowerItem!AZ6 -> 1 | Q6: =GuardTowerItem!BB6 -> 1 | R6: =GuardTowerItem!BC6 -> 1 | S6: 3 | T6: 1 | U6: 0 | V6: 0 | W6: =GuardTowerItem!G6 -> -1 | X6: =GuardTowerItem!L6 -> 40 | Y6: =GuardTowerItem!C6 -> 07000 | Z6: =GuardTowerItem!AL6 -> 22570 | AA6: =GuardTowerItem!F6 -> 40 | AB6: =GuardTowerItem!Q6 -> 330 | AC6: =GuardTowerItem!I6 -> 10 | AD6: 0 | AE6: 0 | AF6: 0 | AG6: =GuardTowerItem!M6 -> 30 | AH6: =GuardTowerItem!N6 -> 20 | AI6: 0 | AJ6: =GuardTowerItem!T6 -> 10622 | AK6: =GuardTowerItem!U6 -> 11802 | AL6: =GuardTowerItem!J6 -> 0 | AM6: =GuardTowerItem!AB6 -> -1 | AN6: 0 | AO6: =GuardTowerItem!Y6 -> 1503 | AP6: =GuardTowerItem!AC6 -> 20 | AQ6: =GuardTowerItem!AD6 -> 20 | AR6: =GuardTowerItem!AE6 -> 20 | AS6: =GuardTowerItem!AF6 -> 20 | AT6: =GuardTowerItem!R6 -> 2000 | AU6: =GuardTowerItem!AT6 -> iybat01 | AV6: =GuardTowerItem!AU6 -> 1 | AW6: =GuardTowerItem!AV6 -> -1 | AX6: =GuardTowerItem!AW6 -> 0 | AY6: =GuardTowerItem!AX6 -> -1 | AZ6: =GuardTowerItem!AY6 -> 0 | BA6: =GuardTowerItem!BG6 -> 11 | BB6: =GuardTowerItem!BH6 -> 2 | BC6: 2490563
A7: =GuardTowerItem!A7 -> gtbb004 | B7: =GuardTowerItem!D7 -> Epochal Guard Tower [Lv45] | C7: =GuardTowerItem!B7 -> 730E00 | D7: =GuardTowerItem!K7 -> 1 | E7: =GuardTowerItem!E7 -> 11000000 | F7: 25 | G7: =GuardTowerItem!AM7 -> 0 | H7: 0 | I7: =GuardTowerItem!AN7 -> 2272728 | J7: =GuardTowerItem!AO7 -> 0 | K7: =GuardTowerItem!AP7 -> 0 | L7: =GuardTowerItem!AR7 -> 0 | M7: =GuardTowerItem!AQ7 -> 0 | N7: =GuardTowerItem!AS7 -> 50000 | O7: =GuardTowerItem!BA7 -> 1 | P7: =GuardTowerItem!AZ7 -> 1 | Q7: =GuardTowerItem!BB7 -> 1 | R7: =GuardTowerItem!BC7 -> 1 | S7: 4 | T7: 1 | U7: 0 | V7: 0 | W7: =GuardTowerItem!G7 -> -1 | X7: =GuardTowerItem!L7 -> 45 | Y7: =GuardTowerItem!C7 -> 07000 | Z7: =GuardTowerItem!AL7 -> 26210 | AA7: =GuardTowerItem!F7 -> 45 | AB7: =GuardTowerItem!Q7 -> 330 | AC7: =GuardTowerItem!I7 -> 10 | AD7: 0 | AE7: 0 | AF7: 0 | AG7: =GuardTowerItem!M7 -> 30 | AH7: =GuardTowerItem!N7 -> 20 | AI7: 0 | AJ7: =GuardTowerItem!T7 -> 26655 | AK7: =GuardTowerItem!U7 -> 29616 | AL7: =GuardTowerItem!J7 -> 0 | AM7: =GuardTowerItem!AB7 -> -1 | AN7: 0 | AO7: =GuardTowerItem!Y7 -> 3110 | AP7: =GuardTowerItem!AC7 -> 20 | AQ7: =GuardTowerItem!AD7 -> 20 | AR7: =GuardTowerItem!AE7 -> 20 | AS7: =GuardTowerItem!AF7 -> 20 | AT7: =GuardTowerItem!R7 -> 1500 | AU7: =GuardTowerItem!AT7 -> iybat01 | AV7: =GuardTowerItem!AU7 -> 2 | AW7: =GuardTowerItem!AV7 -> -1 | AX7: =GuardTowerItem!AW7 -> 0 | AY7: =GuardTowerItem!AX7 -> -1 | AZ7: =GuardTowerItem!AY7 -> 0 | BA7: =GuardTowerItem!BG7 -> 11 | BB7: =GuardTowerItem!BH7 -> 2 | BC7: 2490563
A8: =GuardTowerItem!A8 -> gtbb005 | B8: =GuardTowerItem!D8 -> Intense Epochal Guard Tower [Lv50] | C8: =GuardTowerItem!B8 -> 730E00 | D8: =GuardTowerItem!K8 -> 1 | E8: =GuardTowerItem!E8 -> 11000000 | F8: 25 | G8: =GuardTowerItem!AM8 -> 0 | H8: 0 | I8: =GuardTowerItem!AN8 -> 2500000 | J8: =GuardTowerItem!AO8 -> 0 | K8: =GuardTowerItem!AP8 -> 0 | L8: =GuardTowerItem!AR8 -> 0 | M8: =GuardTowerItem!AQ8 -> 0 | N8: =GuardTowerItem!AS8 -> 125000 | O8: =GuardTowerItem!BA8 -> 1 | P8: =GuardTowerItem!AZ8 -> 1 | Q8: =GuardTowerItem!BB8 -> 1 | R8: =GuardTowerItem!BC8 -> 1 | S8: 5 | T8: 1 | U8: 0 | V8: 0 | W8: =GuardTowerItem!G8 -> -1 | X8: =GuardTowerItem!L8 -> 50 | Y8: =GuardTowerItem!C8 -> 07000 | Z8: =GuardTowerItem!AL8 -> 28610 | AA8: =GuardTowerItem!F8 -> 50 | AB8: =GuardTowerItem!Q8 -> 450 | AC8: =GuardTowerItem!I8 -> 10 | AD8: 0 | AE8: 0 | AF8: 0 | AG8: =GuardTowerItem!M8 -> 30 | AH8: =GuardTowerItem!N8 -> 20 | AI8: 0 | AJ8: =GuardTowerItem!T8 -> 52254 | AK8: =GuardTowerItem!U8 -> 58061 | AL8: =GuardTowerItem!J8 -> 0 | AM8: =GuardTowerItem!AB8 -> -1 | AN8: 0 | AO8: =GuardTowerItem!Y8 -> 4136 | AP8: =GuardTowerItem!AC8 -> 20 | AQ8: =GuardTowerItem!AD8 -> 20 | AR8: =GuardTowerItem!AE8 -> 20 | AS8: =GuardTowerItem!AF8 -> 20 | AT8: =GuardTowerItem!R8 -> 1500 | AU8: =GuardTowerItem!AT8 -> iywhi01 | AV8: =GuardTowerItem!AU8 -> 1 | AW8: =GuardTowerItem!AV8 -> -1 | AX8: =GuardTowerItem!AW8 -> 0 | AY8: =GuardTowerItem!AX8 -> -1 | AZ8: =GuardTowerItem!AY8 -> 0 | BA8: =GuardTowerItem!BG8 -> 11 | BB8: =GuardTowerItem!BH8 -> 2 | BC8: 2490563
A9: =GuardTowerItem!A9 -> gtbb006 | B9: =GuardTowerItem!D9 -> Hedge Hawk [Lv53] | C9: =GuardTowerItem!B9 -> 730E00 | D9: =GuardTowerItem!K9 -> 1 | E9: =GuardTowerItem!E9 -> 11000000 | F9: 25 | G9: =GuardTowerItem!AM9 -> 0 | H9: 0 | I9: =GuardTowerItem!AN9 -> 3000000 | J9: =GuardTowerItem!AO9 -> 0 | K9: =GuardTowerItem!AP9 -> 0 | L9: =GuardTowerItem!AR9 -> 0 | M9: =GuardTowerItem!AQ9 -> 0 | N9: =GuardTowerItem!AS9 -> 150000 | O9: =GuardTowerItem!BA9 -> 1 | P9: =GuardTowerItem!AZ9 -> 1 | Q9: =GuardTowerItem!BB9 -> 1 | R9: =GuardTowerItem!BC9 -> 1 | S9: 6 | T9: 1 | U9: 0 | V9: 0 | W9: =GuardTowerItem!G9 -> -1 | X9: =GuardTowerItem!L9 -> 53 | Y9: =GuardTowerItem!C9 -> 07000 | Z9: =GuardTowerItem!AL9 -> 29260 | AA9: =GuardTowerItem!F9 -> 53 | AB9: =GuardTowerItem!Q9 -> 450 | AC9: =GuardTowerItem!I9 -> 10 | AD9: 0 | AE9: 0 | AF9: 0 | AG9: =GuardTowerItem!M9 -> 30 | AH9: =GuardTowerItem!N9 -> 20 | AI9: 0 | AJ9: =GuardTowerItem!T9 -> 59238 | AK9: =GuardTowerItem!U9 -> 65820 | AL9: =GuardTowerItem!J9 -> 0 | AM9: =GuardTowerItem!AB9 -> -1 | AN9: 0 | AO9: =GuardTowerItem!Y9 -> 4340 | AP9: =GuardTowerItem!AC9 -> 20 | AQ9: =GuardTowerItem!AD9 -> 20 | AR9: =GuardTowerItem!AE9 -> 20 | AS9: =GuardTowerItem!AF9 -> 20 | AT9: =GuardTowerItem!R9 -> 1500 | AU9: =GuardTowerItem!AT9 -> iywhi02 | AV9: =GuardTowerItem!AU9 -> 1 | AW9: =GuardTowerItem!AV9 -> -1 | AX9: =GuardTowerItem!AW9 -> 0 | AY9: =GuardTowerItem!AX9 -> -1 | AZ9: =GuardTowerItem!AY9 -> 0 | BA9: =GuardTowerItem!BG9 -> 11 | BB9: =GuardTowerItem!BH9 -> 2 | BC9: 2490563
A10: =GuardTowerItem!A10 -> gtbb007 | B10: =GuardTowerItem!D10 -> Advanced Hedge Hawk [Lv55] | C10: =GuardTowerItem!B10 -> 730E00 | D10: =GuardTowerItem!K10 -> 1 | E10: =GuardTowerItem!E10 -> 11000000 | F10: 25 | G10: =GuardTowerItem!AM10 -> 0 | H10: 0 | I10: =GuardTowerItem!AN10 -> 4000000 | J10: =GuardTowerItem!AO10 -> 0 | K10: =GuardTowerItem!AP10 -> 0 | L10: =GuardTowerItem!AR10 -> 0 | M10: =GuardTowerItem!AQ10 -> 0 | N10: =GuardTowerItem!AS10 -> 200000 | O10: =GuardTowerItem!BA10 -> 1 | P10: =GuardTowerItem!AZ10 -> 1 | Q10: =GuardTowerItem!BB10 -> 1 | R10: =GuardTowerItem!BC10 -> 1 | S10: 7 | T10: 1 | U10: 0 | V10: 0 | W10: =GuardTowerItem!G10 -> -1 | X10: =GuardTowerItem!L10 -> 55 | Y10: =GuardTowerItem!C10 -> 07000 | Z10: =GuardTowerItem!AL10 -> 29620 | AA10: =GuardTowerItem!F10 -> 55 | AB10: =GuardTowerItem!Q10 -> 450 | AC10: =GuardTowerItem!I10 -> 10 | AD10: 0 | AE10: 0 | AF10: 0 | AG10: =GuardTowerItem!M10 -> 30 | AH10: =GuardTowerItem!N10 -> 20 | AI10: 0 | AJ10: =GuardTowerItem!T10 -> 67589 | AK10: =GuardTowerItem!U10 -> 75098 | AL10: =GuardTowerItem!J10 -> 0 | AM10: =GuardTowerItem!AB10 -> -1 | AN10: 0 | AO10: =GuardTowerItem!Y10 -> 4546 | AP10: =GuardTowerItem!AC10 -> 20 | AQ10: =GuardTowerItem!AD10 -> 20 | AR10: =GuardTowerItem!AE10 -> 20 | AS10: =GuardTowerItem!AF10 -> 20 | AT10: =GuardTowerItem!R10 -> 1500 | AU10: =GuardTowerItem!AT10 -> iywhi02 | AV10: =GuardTowerItem!AU10 -> 1 | AW10: =GuardTowerItem!AV10 -> -1 | AX10: =GuardTowerItem!AW10 -> 0 | AY10: =GuardTowerItem!AX10 -> -1 | AZ10: =GuardTowerItem!AY10 -> 0 | BA10: =GuardTowerItem!BG10 -> 11 | BB10: =GuardTowerItem!BH10 -> 2 | BC10: 2490563
A11: =GuardTowerItem!A11 -> gtbb008 | B11: =GuardTowerItem!D11 -> Intense Epochal Guard Tower T1 [Lv50] | C11: =GuardTowerItem!B11 -> 730E00 | D11: =GuardTowerItem!K11 -> 1 | E11: =GuardTowerItem!E11 -> 11000000 | F11: 25 | G11: =GuardTowerItem!AM11 -> 0 | H11: 0 | I11: =GuardTowerItem!AN11 -> 10000 | J11: =GuardTowerItem!AO11 -> 0 | K11: =GuardTowerItem!AP11 -> 0 | L11: =GuardTowerItem!AR11 -> 0 | M11: =GuardTowerItem!AQ11 -> 0 | N11: =GuardTowerItem!AS11 -> 500 | O11: =GuardTowerItem!BA11 -> 1 | P11: =GuardTowerItem!AZ11 -> 1 | Q11: =GuardTowerItem!BB11 -> 1 | R11: =GuardTowerItem!BC11 -> 1 | S11: 8 | T11: 1 | U11: 0 | V11: 0 | W11: =GuardTowerItem!G11 -> -1 | X11: =GuardTowerItem!L11 -> 50 | Y11: =GuardTowerItem!C11 -> 07000 | Z11: =GuardTowerItem!AL11 -> 28610 | AA11: =GuardTowerItem!F11 -> 50 | AB11: =GuardTowerItem!Q11 -> 450 | AC11: =GuardTowerItem!I11 -> 10 | AD11: 0 | AE11: 0 | AF11: 0 | AG11: =GuardTowerItem!M11 -> 30 | AH11: =GuardTowerItem!N11 -> 20 | AI11: 0 | AJ11: =GuardTowerItem!T11 -> 54867 | AK11: =GuardTowerItem!U11 -> 60964 | AL11: =GuardTowerItem!J11 -> 0 | AM11: =GuardTowerItem!AB11 -> -1 | AN11: 0 | AO11: =GuardTowerItem!Y11 -> 4136 | AP11: =GuardTowerItem!AC11 -> 20 | AQ11: =GuardTowerItem!AD11 -> 20 | AR11: =GuardTowerItem!AE11 -> 20 | AS11: =GuardTowerItem!AF11 -> 20 | AT11: =GuardTowerItem!R11 -> 1500 | AU11: =GuardTowerItem!AT11 -> iywhi01 | AV11: =GuardTowerItem!AU11 -> 1 | AW11: =GuardTowerItem!AV11 -> -1 | AX11: =GuardTowerItem!AW11 -> 0 | AY11: =GuardTowerItem!AX11 -> -1 | AZ11: =GuardTowerItem!AY11 -> 0 | BA11: =GuardTowerItem!BG11 -> 11 | BB11: =GuardTowerItem!BH11 -> 2 | BC11: 2490563
A12: =GuardTowerItem!A12 -> gtbb009 | B12: =GuardTowerItem!D12 -> Intense Epochal Guard Tower T2 [Lv50] | C12: =GuardTowerItem!B12 -> 730E00 | D12: =GuardTowerItem!K12 -> 1 | E12: =GuardTowerItem!E12 -> 11000000 | F12: 25 | G12: =GuardTowerItem!AM12 -> 0 | H12: 0 | I12: =GuardTowerItem!AN12 -> 10000 | J12: =GuardTowerItem!AO12 -> 0 | K12: =GuardTowerItem!AP12 -> 0 | L12: =GuardTowerItem!AR12 -> 0 | M12: =GuardTowerItem!AQ12 -> 0 | N12: =GuardTowerItem!AS12 -> 500 | O12: =GuardTowerItem!BA12 -> 1 | P12: =GuardTowerItem!AZ12 -> 1 | Q12: =GuardTowerItem!BB12 -> 1 | R12: =GuardTowerItem!BC12 -> 1 | S12: 9 | T12: 1 | U12: 0 | V12: 0 | W12: =GuardTowerItem!G12 -> -1 | X12: =GuardTowerItem!L12 -> 50 | Y12: =GuardTowerItem!C12 -> 07000 | Z12: =GuardTowerItem!AL12 -> 28610 | AA12: =GuardTowerItem!F12 -> 50 | AB12: =GuardTowerItem!Q12 -> 450 | AC12: =GuardTowerItem!I12 -> 10 | AD12: 0 | AE12: 0 | AF12: 0 | AG12: =GuardTowerItem!M12 -> 30 | AH12: =GuardTowerItem!N12 -> 20 | AI12: 0 | AJ12: =GuardTowerItem!T12 -> 60092 | AK12: =GuardTowerItem!U12 -> 66770 | AL12: =GuardTowerItem!J12 -> 0 | AM12: =GuardTowerItem!AB12 -> -1 | AN12: 0 | AO12: =GuardTowerItem!Y12 -> 4136 | AP12: =GuardTowerItem!AC12 -> 20 | AQ12: =GuardTowerItem!AD12 -> 20 | AR12: =GuardTowerItem!AE12 -> 20 | AS12: =GuardTowerItem!AF12 -> 20 | AT12: =GuardTowerItem!R12 -> 1500 | AU12: =GuardTowerItem!AT12 -> iywhi01 | AV12: =GuardTowerItem!AU12 -> 1 | AW12: =GuardTowerItem!AV12 -> -1 | AX12: =GuardTowerItem!AW12 -> 0 | AY12: =GuardTowerItem!AX12 -> -1 | AZ12: =GuardTowerItem!AY12 -> 0 | BA12: =GuardTowerItem!BG12 -> 11 | BB12: =GuardTowerItem!BH12 -> 2 | BC12: 2490563
A13: =GuardTowerItem!A13 -> gtbb010 | B13: =GuardTowerItem!D13 -> Hedge Hawk T1 [Lv53] | C13: =GuardTowerItem!B13 -> 730E00 | D13: =GuardTowerItem!K13 -> 1 | E13: =GuardTowerItem!E13 -> 11000000 | F13: 25 | G13: =GuardTowerItem!AM13 -> 0 | H13: 0 | I13: =GuardTowerItem!AN13 -> 20000 | J13: =GuardTowerItem!AO13 -> 0 | K13: =GuardTowerItem!AP13 -> 0 | L13: =GuardTowerItem!AR13 -> 0 | M13: =GuardTowerItem!AQ13 -> 0 | N13: =GuardTowerItem!AS13 -> 1000 | O13: =GuardTowerItem!BA13 -> 1 | P13: =GuardTowerItem!AZ13 -> 1 | Q13: =GuardTowerItem!BB13 -> 1 | R13: =GuardTowerItem!BC13 -> 1 | S13: 10 | T13: 1 | U13: 0 | V13: 0 | W13: =GuardTowerItem!G13 -> -1 | X13: =GuardTowerItem!L13 -> 53 | Y13: =GuardTowerItem!C13 -> 07000 | Z13: =GuardTowerItem!AL13 -> 29260 | AA13: =GuardTowerItem!F13 -> 53 | AB13: =GuardTowerItem!Q13 -> 450 | AC13: =GuardTowerItem!I13 -> 10 | AD13: 0 | AE13: 0 | AF13: 0 | AG13: =GuardTowerItem!M13 -> 30 | AH13: =GuardTowerItem!N13 -> 20 | AI13: 0 | AJ13: =GuardTowerItem!T13 -> 62200 | AK13: =GuardTowerItem!U13 -> 69111 | AL13: =GuardTowerItem!J13 -> 0 | AM13: =GuardTowerItem!AB13 -> -1 | AN13: 0 | AO13: =GuardTowerItem!Y13 -> 4340 | AP13: =GuardTowerItem!AC13 -> 20 | AQ13: =GuardTowerItem!AD13 -> 20 | AR13: =GuardTowerItem!AE13 -> 20 | AS13: =GuardTowerItem!AF13 -> 20 | AT13: =GuardTowerItem!R13 -> 1500 | AU13: =GuardTowerItem!AT13 -> iywhi02 | AV13: =GuardTowerItem!AU13 -> 1 | AW13: =GuardTowerItem!AV13 -> -1 | AX13: =GuardTowerItem!AW13 -> 0 | AY13: =GuardTowerItem!AX13 -> -1 | AZ13: =GuardTowerItem!AY13 -> 0 | BA13: =GuardTowerItem!BG13 -> 11 | BB13: =GuardTowerItem!BH13 -> 2 | BC13: 2490563
A14: =GuardTowerItem!A14 -> gtbb011 | B14: =GuardTowerItem!D14 -> Hedge Hawk T2 [Lv53] | C14: =GuardTowerItem!B14 -> 730E00 | D14: =GuardTowerItem!K14 -> 1 | E14: =GuardTowerItem!E14 -> 11000000 | F14: 25 | G14: =GuardTowerItem!AM14 -> 0 | H14: 0 | I14: =GuardTowerItem!AN14 -> 20000 | J14: =GuardTowerItem!AO14 -> 0 | K14: =GuardTowerItem!AP14 -> 0 | L14: =GuardTowerItem!AR14 -> 0 | M14: =GuardTowerItem!AQ14 -> 0 | N14: =GuardTowerItem!AS14 -> 1000 | O14: =GuardTowerItem!BA14 -> 1 | P14: =GuardTowerItem!AZ14 -> 1 | Q14: =GuardTowerItem!BB14 -> 1 | R14: =GuardTowerItem!BC14 -> 1 | S14: 11 | T14: 1 | U14: 0 | V14: 0 | W14: =GuardTowerItem!G14 -> -1 | X14: =GuardTowerItem!L14 -> 53 | Y14: =GuardTowerItem!C14 -> 07000 | Z14: =GuardTowerItem!AL14 -> 29260 | AA14: =GuardTowerItem!F14 -> 53 | AB14: =GuardTowerItem!Q14 -> 450 | AC14: =GuardTowerItem!I14 -> 10 | AD14: 0 | AE14: 0 | AF14: 0 | AG14: =GuardTowerItem!M14 -> 30 | AH14: =GuardTowerItem!N14 -> 20 | AI14: 0 | AJ14: =GuardTowerItem!T14 -> 68124 | AK14: =GuardTowerItem!U14 -> 75693 | AL14: =GuardTowerItem!J14 -> 0 | AM14: =GuardTowerItem!AB14 -> -1 | AN14: 0 | AO14: =GuardTowerItem!Y14 -> 4340 | AP14: =GuardTowerItem!AC14 -> 20 | AQ14: =GuardTowerItem!AD14 -> 20 | AR14: =GuardTowerItem!AE14 -> 20 | AS14: =GuardTowerItem!AF14 -> 20 | AT14: =GuardTowerItem!R14 -> 1500 | AU14: =GuardTowerItem!AT14 -> iywhi02 | AV14: =GuardTowerItem!AU14 -> 1 | AW14: =GuardTowerItem!AV14 -> -1 | AX14: =GuardTowerItem!AW14 -> 0 | AY14: =GuardTowerItem!AX14 -> -1 | AZ14: =GuardTowerItem!AY14 -> 0 | BA14: =GuardTowerItem!BG14 -> 11 | BB14: =GuardTowerItem!BH14 -> 2 | BC14: 2490563
... A65: =GuardTowerItem!A65 -> gtaa020 | B65: =GuardTowerItem!D65 -> Guard Tower | C65: =GuardTowerItem!B65 -> 430E28 | D65: =GuardTowerItem!K65 -> 7 | E65: =GuardTowerItem!E65 -> 00001000 | F65: 25 | G65: =GuardTowerItem!AM65 -> 0 | H65: 0 | I65: =GuardTowerItem!AN65 -> 50000 | J65: =GuardTowerItem!AO65 -> 0 | K65: =GuardTowerItem!AP65 -> 0 | L65: =GuardTowerItem!AR65 -> 0 | M65: =GuardTowerItem!AQ65 -> 0 | N65: =GuardTowerItem!AS65 -> 2500 | O65: =GuardTowerItem!BA65 -> 1 | P65: =GuardTowerItem!AZ65 -> 1 | Q65: =GuardTowerItem!BB65 -> 1 | R65: =GuardTowerItem!BC65 -> 1 | S65: 62 | T65: 1 | U65: 0 | V65: 0 | W65: =GuardTowerItem!G65 -> -1 | X65: =GuardTowerItem!L65 -> 1 | Y65: =GuardTowerItem!C65 -> 04028 | Z65: =GuardTowerItem!AL65 -> 220 | AA65: =GuardTowerItem!F65 -> 1 | AB65: =GuardTowerItem!Q65 -> 330 | AC65: =GuardTowerItem!I65 -> 0 | AD65: 0 | AE65: 0 | AF65: 0 | AG65: =GuardTowerItem!M65 -> 30 | AH65: =GuardTowerItem!N65 -> 20 | AI65: 0 | AJ65: =GuardTowerItem!T65 -> 33 | AK65: =GuardTowerItem!U65 -> 44 | AL65: =GuardTowerItem!J65 -> 0 | AM65: =GuardTowerItem!AB65 -> -1 | AN65: 0 | AO65: =GuardTowerItem!Y65 -> 12 | AP65: =GuardTowerItem!AC65 -> 20 | AQ65: =GuardTowerItem!AD65 -> 20 | AR65: =GuardTowerItem!AE65 -> 20 | AS65: =GuardTowerItem!AF65 -> 20 | AT65: =GuardTowerItem!R65 -> 2000 | AU65: =GuardTowerItem!AT65 -> -1 | AV65: =GuardTowerItem!AU65 -> 0 | AW65: =GuardTowerItem!AV65 -> -1 | AX65: =GuardTowerItem!AW65 -> 0 | AY65: =GuardTowerItem!AX65 -> -1 | AZ65: =GuardTowerItem!AY65 -> 0 | BA65: =GuardTowerItem!BG65 -> 16 | BB65: =GuardTowerItem!BH65 -> 2 | BC65: 2490563

Sheet 25desc
A1: dword | B1: text | C1: END
A2: Count | B2: desc
A3: 0 | B3: Federation System Guard Tower
A4: 1 | B4: Bellato Union Guard Tower Installation Kit Type-A
A5: 2 | B5: Bellato Union Guard Tower Installation Kit Type-B
A6: 3 | B6: Bellato Union Guard Tower Installation Kit Type-C
A7: 4 | B7: Bellato Union Guard Tower Installation Kit Type-D
A8: 5 | B8: Bellato Union Guard Tower Installation Kit Type-E
A9: 6 | B9: Bellato Union Guard Tower Installation Kit Type-F
A10: 7 | B10: Bellato Union Guard Tower Installation Kit Type-G
A11: 8 | B11: Guard Tower Installation Kit Type-H for Union Army with little increase of attack power
A12: 9 | B12: Guard Tower Installation Kit Type-I for Union Army with big increase of attack power
A13: 10 | B13: Guard Tower Installation Kit Type-J for Union Army with little increase of attack power
A14: 11 | B14: Guard Tower Installation Kit Type-K for Union Army with big increase of attack power
... A65: 62 | B65: Accretia Empire Guard Tower Installation Kit Type-T
