Workbook

Sheet BulletItem
A1: string[64] | B1: dword | C1: string[64] | D1: dword | E1: string[64] | F1: dword | G1: dword | H1: string[64] | I1: string[64] | J1: string[64] | K1: dword | L1: dword | M1: dword | N1: dword | O1: dword | P1: dword | Q1: dword | R1: dword | S1: dword | T1: dword | U1: float | V1: dword | W1: dword | X1: float | Y1: float | Z1: float | AA1: float | AB1: float | AC1: string[64] | AD1: dword | AE1: dword | AF1: dword | AG1: dword | AH1: dword | AI1: dword | AJ1: string[64] | AK1: dword | AL1: dword | AM1: dword | AN1: END
A2: Code | B2: IsExist | C2: Model | D2: Icon | E2: Name | F2: KindClt | G2: FixPart | H2: Civil | I2: BulletType | J2: EffBulletType | K2: LvLim | L2: UpLvLim | M2: Money | N2: StdPrice | O2: StdPoint | P2: GoldPoint | Q2: KillPoint | R2: ProcPoint | S2: StorePrice | T2: DurUnit | U2: EquipSpeed | V2: EffectGroup | W2: Property | X2: fire | Y2: water | Z2: soil | AA2: wind | AB2: GAAF | AC2: EffectIndex | AD2: IsSell | AE2: IsExchange | AF2: IsGround | AG2: IsStore | AH2: IsNormAcc | AI2: Upgarde | AJ2: ToolTip | AK2: IsCash | AL2: UsePCCash | AM2: IsTime
A3: ibbow01 | B3: 1 | C3: A20400 | D3: 1 | E3: Arrow | F3: 204 | G3: 200 | H3: 11111000 | I3: A | J3: -1 | K3: 1 | L3: -1 | M3: 0 | N3: 400 | O3: 0 | P3: 0 | Q3: 0 | R3: 0 | S3: 20 | T3: 100 | U3: 1 | V3: 0 | W3: -1 | X3: 0 | Y3: 0 | Z3: 0 | AA3: 0 | AB3: 1 | AC3: -1 | AD3: 1 | AE3: 1 | AF3: 1 | AG3: 1 | AH3: 1 | AI3: 0 | AJ3: ="t"&A3 -> tibbow01 | AK3: 0 | AL3: 0 | AM3: 0
A4: ibbow02 | B4: 1 | C4: A20401 | D4: 2 | E4: Fire Arrow | F4: 204 | G4: 200 | H4: 11111000 | I4: A | J4: -1 | K4: 1 | L4: -1 | M4: 0 | N4: 400 | O4: 0 | P4: 0 | Q4: 0 | R4: 0 | S4: 20 | T4: 100 | U4: 1 | V4: 0 | W4: 0 | X4: 0 | Y4: 0 | Z4: 0 | AA4: 0 | AB4: 1 | AC4: -1 | AD4: 1 | AE4: 1 | AF4: 1 | AG4: 1 | AH4: 1 | AI4: 0 | AJ4: ="t"&A4 -> tibbow02 | AK4: 0 | AL4: 0 | AM4: 0
A5: ibbow03 | B5: 1 | C5: A20402 | D5: 3 | E5: Ice Arrow | F5: 204 | G5: 200 | H5: 11111000 | I5: A | J5: -1 | K5: 1 | L5: -1 | M5: 0 | N5: 400 | O5: 0 | P5: 0 | Q5: 0 | R5: 0 | S5: 20 | T5: 100 | U5: 1 | V5: 0 | W5: 1 | X5: 0 | Y5: 0 | Z5: 0 | AA5: 0 | AB5: 1 | AC5: -1 | AD5: 1 | AE5: 1 | AF5: 1 | AG5: 1 | AH5: 1 | AI5: 0 | AJ5: ="t"&A5 -> tibbow03 | AK5: 0 | AL5: 0 | AM5: 0
A6: ibbow04 | B6: 1 | C6: A20403 | D6: 4 | E6: Poison Arrow | F6: 204 | G6: 200 | H6: 11111000 | I6: A | J6: -1 | K6: 1 | L6: -1 | M6: 0 | N6: 400 | O6: 0 | P6: 0 | Q6: 0 | R6: 0 | S6: 20 | T6: 100 | U6: 1 | V6: 0 | W6: 2 | X6: 0 | Y6: 0 | Z6: 0 | AA6: 0 | AB6: 1 | AC6: -1 | AD6: 1 | AE6: 1 | AF6: 1 | AG6: 1 | AH6: 1 | AI6: 0 | AJ6: ="t"&A6 -> tibbow04 | AK6: 0 | AL6: 0 | AM6: 0
A7: ibbow05 | B7: 1 | C7: A20404 | D7: 5 | E7: Multi Arrow | F7: 204 | G7: 200 | H7: 11111000 | I7: A | J7: -1 | K7: 1 | L7: -1 | M7: 0 | N7: 400 | O7: 0 | P7: 0 | Q7: 0 | R7: 0 | S7: 20 | T7: 100 | U7: 1 | V7: 0 | W7: -1 | X7: 0 | Y7: 0 | Z7: 0 | AA7: 0 | AB7: 1 | AC7: -1 | AD7: 1 | AE7: 1 | AF7: 1 | AG7: 1 | AH7: 1 | AI7: 0 | AJ7: ="t"&A7 -> tibbow05 | AK7: 0 | AL7: 0 | AM7: 0
A8: ibbow06 | B8: 1 | C8: A20405 | D8: 6 | E8: Mineral Arrow | F8: 204 | G8: 200 | H8: 11111000 | I8: A | J8: -1 | K8: 1 | L8: -1 | M8: 0 | N8: 400 | O8: 0 | P8: 0 | Q8: 0 | R8: 0 | S8: 20 | T8: 100 | U8: 1 | V8: 0 | W8: 3 | X8: 0 | Y8: 0 | Z8: 0 | AA8: 0 | AB8: 1 | AC8: -1 | AD8: 1 | AE8: 1 | AF8: 1 | AG8: 1 | AH8: 1 | AI8: 0 | AJ8: ="t"&A8 -> tibbow06 | AK8: 0 | AL8: 0 | AM8: 0
A9: ibbow07 | B9: 1 | C9: A20406 | D9: 7 | E9: Exploding Arrow | F9: 204 | G9: 200 | H9: 11111000 | I9: A | J9: -1 | K9: 1 | L9: -1 | M9: 0 | N9: 500 | O9: 0 | P9: 0 | Q9: 0 | R9: 0 | S9: 25 | T9: 100 | U9: 1 | V9: 6 | W9: 0 | X9: 0 | Y9: 0 | Z9: 0 | AA9: 0 | AB9: 1 | AC9: -1 | AD9: 1 | AE9: 1 | AF9: 1 | AG9: 1 | AH9: 1 | AI9: 0 | AJ9: ="t"&A9 -> tibbow07 | AK9: 0 | AL9: 0 | AM9: 0
A10: ibbow08 | B10: 1 | C10: A20407 | D10: 8 | E10: Bolt | F10: 204 | G10: 200 | H10: 11111000 | I10: B | J10: -1 | K10: 1 | L10: -1 | M10: 0 | N10: 400 | O10: 0 | P10: 0 | Q10: 0 | R10: 0 | S10: 20 | T10: 100 | U10: 1 | V10: 0 | W10: -1 | X10: 0 | Y10: 0 | Z10: 0 | AA10: 0 | AB10: 1 | AC10: -1 | AD10: 1 | AE10: 1 | AF10: 1 | AG10: 1 | AH10: 1 | AI10: 0 | AJ10: ="t"&A10 -> tibbow08 | AK10: 0 | AL10: 0 | AM10: 0
A11: ibbow09 | B11: 1 | C11: A20408 | D11: 9 | E11: Fire Bolt | F11: 204 | G11: 200 | H11: 11111000 | I11: B | J11: -1 | K11: 1 | L11: -1 | M11: 0 | N11: 400 | O11: 0 | P11: 0 | Q11: 0 | R11: 0 | S11: 20 | T11: 100 | U11: 1 | V11: 0 | W11: 0 | X11: 0 | Y11: 0 | Z11: 0 | AA11: 0 | AB11: 1 | AC11: -1 | AD11: 1 | AE11: 1 | AF11: 1 | AG11: 1 | AH11: 1 | AI11: 0 | AJ11: ="t"&A11 -> tibbow09 | AK11: 0 | AL11: 0 | AM11: 0
A12: ibbow10 | B12: 1 | C12: A20409 | D12: 10 | E12: Ice Bolt | F12: 204 | G12: 200 | H12: 11111000 | I12: B | J12: -1 | K12: 1 | L12: -1 | M12: 0 | N12: 400 | O12: 0 | P12: 0 | Q12: 0 | R12: 0 | S12: 20 | T12: 100 | U12: 1 | V12: 0 | W12: 1 | X12: 0 | Y12: 0 | Z12: 0 | AA12: 0 | AB12: 1 | AC12: -1 | AD12: 1 | AE12: 1 | AF12: 1 | AG12: 1 | AH12: 1 | AI12: 0 | AJ12: ="t"&A12 -> tibbow10 | AK12: 0 | AL12: 0 | AM12: 0
A13: ibbow11 | B13: 1 | C13: A2040A | D13: 11 | E13: Poison Bolt | F13: 204 | G13: 200 | H13: 11111000 | I13: B | J13: -1 | K13: 1 | L13: -1 | M13: 0 | N13: 400 | O13: 0 | P13: 0 | Q13: 0 | R13: 0 | S13: 20 | T13: 100 | U13: 1 | V13: 0 | W13: 2 | X13: 0 | Y13: 0 | Z13: 0 | AA13: 0 | AB13: 1 | AC13: -1 | AD13: 1 | AE13: 1 | AF13: 1 | AG13: 1 | AH13: 1 | AI13: 0 | AJ13: ="t"&A13 -> tibbow11 | AK13: 0 | AL13: 0 | AM13: 0
A14: ibbow12 | B14: 1 | C14: A2040B | D14: 12 | E14: Multi Bolt | F14: 204 | G14: 200 | H14: 11111000 | I14: B | J14: -1 | K14: 1 | L14: -1 | M14: 0 | N14: 400 | O14: 0 | P14: 0 | Q14: 0 | R14: 0 | S14: 20 | T14: 100 | U14: 1 | V14: 0 | W14: -1 | X14: 0 | Y14: 0 | Z14: 0 | AA14: 0 | AB14: 1 | AC14: -1 | AD14: 1 | AE14: 1 | AF14: 1 | AG14: 1 | AH14: 1 | AI14: 0 | AJ14: ="t"&A14 -> tibbow12 | AK14: 0 | AL14: 0 | AM14: 0
... A405: ibbnn08 | B405: 1 | C405: 820E00 | D405: 155 | E405: High Grade Communion Crystal[Donate] | F405: 203 | G405: 400 | H405: 00110000 | I405: Q | J405: -1 | K405: 1 | L405: -1 | M405: 0 | N405: 0 | O405: 0 | P405: 2500 | Q405: 0 | R405: 0 | S405: 500 | T405: 3000 | U405: 1 | V405: 0 | W405: -1 | X405: 0 | Y405: 0 | Z405: 0 | AA405: 0 | AB405: 1 | AC405: -1 | AD405: 1 | AE405: 1 | AF405: 1 | AG405: 1 | AH405: 1 | AI405: 0 | AJ405: ="t"&A405 -> tibbnn08 | AK405: 0 | AL405: 0 | AM405: 0

Sheet 11decrypt
A1: clcode | B1: string[64] | C1: xeh | D1: dword | E1: stb | F1: byte | G1: byte | H1: word | I1: dword | J1: dword | K1: dword | L1: dword | M1: dword | N1: dword | O1: dword | P1: dword | Q1: dword | R1: dword | S1: dword | T1: dword | U1: dword | V1: dword | W1: long | X1: byte | Y1: byte | Z1: byte | AA1: byte | AB1: float | AC1: dword | AD1: bttype | AE1: dword | AF1: dword | AG1: dword | AH1: dword | AI1: dword | AJ1: dword | AK1: dword | AL1: dword | AM1: dword | AN1: dword | AO1: dword | AP1: xeh | AQ1: dword | AR1: effbttype | AS1: dword | AT1: END
A2: =BulletItem!A2 -> Code | B2: =BulletItem!E2 -> Name | C2: =BulletItem!C2 -> Model | D2: =BulletItem!D2 -> Icon | E2: =BulletItem!H2 -> Civil | F2: ListID | G2: =BulletItem!M2 -> Money | H2: none | I2: =BulletItem!N2 -> StdPrice | J2: =BulletItem!O2 -> StdPoint | K2: =BulletItem!P2 -> GoldPoint | L2: =BulletItem!R2 -> ProcPoint | M2: =BulletItem!Q2 -> KillPoint | N2: =BulletItem!S2 -> StorePrice | O2: =BulletItem!AE2 -> IsExchange | P2: =BulletItem!AD2 -> IsSell | Q2: =BulletItem!AF2 -> IsGround | R2: =BulletItem!AG2 -> IsStore | S2: Description | T2: =BulletItem!B2 -> IsExist | U2: =BulletItem!AK2 -> IsCash | V2: =BulletItem!AM2 -> IsTime | W2: =BulletItem!L2 -> UpLvLim | X2: =BulletItem!W2 -> Property | Y2: none | Z2: none | AA2: none | AB2: =BulletItem!AB2 -> GAAF | AC2: =BulletItem!T2 -> DurUnit | AD2: =BulletItem!I2 -> BulletType | AE2: none | AF2: none | AG2: none | AH2: none | AI2: none | AJ2: none | AK2: none | AL2: none | AM2: none | AN2: none | AO2: none | AP2: =BulletItem!AC2 -> EffectIndex | AQ2: =BulletItem!AL2 -> UsePCCash | AR2: =BulletItem!J2 -> EffBulletType | AS2: none
A3: =BulletItem!A3 -> ibbow01 | B3: =BulletItem!E3 -> Arrow | C3: =BulletItem!C3 -> A20400 | D3: =BulletItem!D3 -> 1 | E3: =BulletItem!H3 -> 11111000 | F3: 11 | G3: =BulletItem!M3 -> 0 | H3: 0 | I3: =BulletItem!N3 -> 400 | J3: =BulletItem!O3 -> 0 | K3: =BulletItem!P3 -> 0 | L3: =BulletItem!R3 -> 0 | M3: =BulletItem!Q3 -> 0 | N3: =BulletItem!S3 -> 20 | O3: =BulletItem!AE3 -> 1 | P3: =BulletItem!AD3 -> 1 | Q3: =BulletItem!AF3 -> 1 | R3: =BulletItem!AG3 -> 1 | S3: 0 | T3: =BulletItem!B3 -> 1 | U3: =BulletItem!AK3 -> 0 | V3: =BulletItem!AM3 -> 0 | W3: =BulletItem!L3 -> -1 | X3: =BulletItem!W3 -> -1 | Y3: 0 | Z3: 0 | AA3: 0 | AB3: =BulletItem!AB3 -> 1 | AC3: =BulletItem!T3 -> 100 | AD3: =BulletItem!I3 -> A | AE3: 0 | AF3: 0 | AG3: 0 | AH3: 0 | AI3: 0 | AJ3: 0 | AK3: 0 | AL3: 0 | AM3: 0 | AN3: 0 | AO3: 0 | AP3: =BulletItem!AC3 -> -1 | AQ3: =BulletItem!AL3 -> 0 | AR3: =BulletItem!J3 -> -1 | AS3: 0
A4: =BulletItem!A4 -> ibbow02 | B4: =BulletItem!E4 -> Fire Arrow | C4: =BulletItem!C4 -> A20401 | D4: =BulletItem!D4 -> 2 | E4: =BulletItem!H4 -> 11111000 | F4: 11 | G4: =BulletItem!M4 -> 0 | H4: 0 | I4: =BulletItem!N4 -> 400 | J4: =BulletItem!O4 -> 0 | K4: =BulletItem!P4 -> 0 | L4: =BulletItem!R4 -> 0 | M4: =BulletItem!Q4 -> 0 | N4: =BulletItem!S4 -> 20 | O4: =BulletItem!AE4 -> 1 | P4: =BulletItem!AD4 -> 1 | Q4: =BulletItem!AF4 -> 1 | R4: =BulletItem!AG4 -> 1 | S4: 1 | T4: =BulletItem!B4 -> 1 | U4: =BulletItem!AK4 -> 0 | V4: =BulletItem!AM4 -> 0 | W4: =BulletItem!L4 -> -1 | X4: =BulletItem!W4 -> 0 | Y4: 0 | Z4: 0 | AA4: 0 | AB4: =BulletItem!AB4 -> 1 | AC4: =BulletItem!T4 -> 100 | AD4: =BulletItem!I4 -> A | AE4: 0 | AF4: 0 | AG4: 0 | AH4: 0 | AI4: 0 | AJ4: 0 | AK4: 0 | AL4: 0 | AM4: 0 | AN4: 0 | AO4: 0 | AP4: =BulletItem!AC4 -> -1 | AQ4: =BulletItem!AL4 -> 0 | AR4: =BulletItem!J4 -> -1 | AS4: 0
A5: =BulletItem!A5 -> ibbow03 | B5: =BulletItem!E5 -> Ice Arrow | C5: =BulletItem!C5 -> A20402 | D5: =BulletItem!D5 -> 3 | E5: =BulletItem!H5 -> 11111000 | F5: 11 | G5: =BulletItem!M5 -> 0 | H5: 0 | I5: =BulletItem!N5 -> 400 | J5: =BulletItem!O5 -> 0 | K5: =BulletItem!P5 -> 0 | L5: =BulletItem!R5 -> 0 | M5: =BulletItem!Q5 -> 0 | N5: =BulletItem!S5 -> 20 | O5: =BulletItem!AE5 -> 1 | P5: =BulletItem!AD5 -> 1 | Q5: =BulletItem!AF5 -> 1 | R5: =BulletItem!AG5 -> 1 | S5: 2 | T5: =BulletItem!B5 -> 1 | U5: =BulletItem!AK5 -> 0 | V5: =BulletItem!AM5 -> 0 | W5: =BulletItem!L5 -> -1 | X5: =BulletItem!W5 -> 1 | Y5: 0 | Z5: 0 | AA5: 0 | AB5: =BulletItem!AB5 -> 1 | AC5: =BulletItem!T5 -> 100 | AD5: =BulletItem!I5 -> A | AE5: 0 | AF5: 0 | AG5: 0 | AH5: 0 | AI5: 0 | AJ5: 0 | AK5: 0 | AL5: 0 | AM5: 0 | AN5: 0 | AO5: 0 | AP5: =BulletItem!AC5 -> -1 | AQ5: =BulletItem!AL5 -> 0 | AR5: =BulletItem!J5 -> -1 | AS5: 0
A6: =BulletItem!A6 -> ibbow04 | B6: =BulletItem!E6 -> Poison Arrow | C6: =BulletItem!C6 -> A20403 | D6: =BulletItem!D6 -> 4 | E6: =BulletItem!H6 -> 11111000 | F6: 11 | G6: =BulletItem!M6 -> 0 | H6: 0 | I6: =BulletItem!N6 -> 400 | J6: =BulletItem!O6 -> 0 | K6: =BulletItem!P6 -> 0 | L6: =BulletItem!R6 -> 0 | M6: =BulletItem!Q6 -> 0 | N6: =BulletItem!S6 -> 20 | O6: =BulletItem!AE6 -> 1 | P6: =BulletItem!AD6 -> 1 | Q6: =BulletItem!AF6 -> 1 | R6: =BulletItem!AG6 -> 1 | S6: 3 | T6: =BulletItem!B6 -> 1 | U6: =BulletItem!AK6 -> 0 | V6: =BulletItem!AM6 -> 0 | W6: =BulletItem!L6 -> -1 | X6: =BulletItem!W6 -> 2 | Y6: 0 | Z6: 0 | AA6: 0 | AB6: =BulletItem!AB6 -> 1 | AC6: =BulletItem!T6 -> 100 | AD6: =BulletItem!I6 -> A | AE6: 0 | AF6: 0 | AG6: 0 | AH6: 0 | AI6: 0 | AJ6: 0 | AK6: 0 | AL6: 0 | AM6: 0 | AN6: 0 | AO6: 0 | AP6: =BulletItem!AC6 -> -1 | AQ6: =BulletItem!AL6 -> 0 | AR6: =BulletItem!J6 -> -1 | AS6: 0
A7: =BulletItem!A7 -> ibbow05 | B7: =BulletItem!E7 -> Multi Arrow | C7: =BulletItem!C7 -> A20404 | D7: =BulletItem!D7 -> 5 | E7: =BulletItem!H7 -> 11111000 | F7: 11 | G7: =BulletItem!M7 -> 0 | H7: 0 | I7: =BulletItem!N7 -> 400 | J7: =BulletItem!O7 -> 0 | K7: =BulletItem!P7 -> 0 | L7: =BulletItem!R7 -> 0 | M7: =BulletItem!Q7 -> 0 | N7: =BulletItem!S7 -> 20 | O7: =BulletItem!AE7 -> 1 | P7: =BulletItem!AD7 -> 1 | Q7: =BulletItem!AF7 -> 1 | R7: =BulletItem!AG7 -> 1 | S7: 4 | T7: =BulletItem!B7 -> 1 | U7: =BulletItem!AK7 -> 0 | V7: =BulletItem!AM7 -> 0 | W7: =BulletItem!L7 -> -1 | X7: =BulletItem!W7 -> -1 | Y7: 0 | Z7: 0 | AA7: 0 | AB7: =BulletItem!AB7 -> 1 | AC7: =BulletItem!T7 -> 100 | AD7: =BulletItem!I7 -> A | AE7: 0 | AF7: 0 | AG7: 0 | AH7: 0 | AI7: 0 | AJ7: 0 | AK7: 0 | AL7: 0 | AM7: 0 | AN7: 0 | AO7: 0 | AP7: =BulletItem!AC7 -> -1 | AQ7: =BulletItem!AL7 -> 0 | AR7: =BulletItem!J7 -> -1 | AS7: 0
A8: =BulletItem!A8 -> ibbow06 | B8: =BulletItem!E8 -> Mineral Arrow | C8: =BulletItem!C8 -> A20405 | D8: =BulletItem!D8 -> 6 | E8: =BulletItem!H8 -> 11111000 | F8: 11 | G8: =BulletItem!M8 -> 0 | H8: 0 | I8: =BulletItem!N8 -> 400 | J8: =BulletItem!O8 -> 0 | K8: =BulletItem!P8 -> 0 | L8: =BulletItem!R8 -> 0 | M8: =BulletItem!Q8 -> 0 | N8: =BulletItem!S8 -> 20 | O8: =BulletItem!AE8 -> 1 | P8: =BulletItem!AD8 -> 1 | Q8: =BulletItem!AF8 -> 1 | R8: =BulletItem!AG8 -> 1 | S8: 5 | T8: =BulletItem!B8 -> 1 | U8: =BulletItem!AK8 -> 0 | V8: =BulletItem!AM8 -> 0 | W8: =BulletItem!L8 -> -1 | X8: =BulletItem!W8 -> 3 | Y8: 0 | Z8: 0 | AA8: 0 | AB8: =BulletItem!AB8 -> 1 | AC8: =BulletItem!T8 -> 100 | AD8: =BulletItem!I8 -> A | AE8: 0 | AF8: 0 | AG8: 0 | AH8: 0 | AI8: 0 | AJ8: 0 | AK8: 0 | AL8: 0 | AM8: 0 | AN8: 0 | AO8: 0 | AP8: =BulletItem!AC8 -> -1 | AQ8: =BulletItem!AL8 -> 0 | AR8: =BulletItem!J8 -> -1 | AS8: 0
A9: =BulletItem!A9 -> ibbow07 | B9: =BulletItem!E9 -> Exploding Arrow | C9: =BulletItem!C9 -> A20406 | D9: =BulletItem!D9 -> 7 | E9: =BulletItem!H9 -> 11111000 | F9: 11 | G9: =BulletItem!M9 -> 0 | H9: 0 | I9: =BulletItem!N9 -> 500 | J9: =BulletItem!O9 -> 0 | K9: =BulletItem!P9 -> 0 | L9: =BulletItem!R9 -> 0 | M9: =BulletItem!Q9 -> 0 | N9: =BulletItem!S9 -> 25 | O9: =BulletItem!AE9 -> 1 | P9: =BulletItem!AD9 -> 1 | Q9: =BulletItem!AF9 -> 1 | R9: =BulletItem!AG9 -> 1 | S9: 6 | T9: =BulletItem!B9 -> 1 | U9: =BulletItem!AK9 -> 0 | V9: =BulletItem!AM9 -> 0 | W9: =BulletItem!L9 -> -1 | X9: =BulletItem!W9 -> 0 | Y9: 0 | Z9: 0 | AA9: 0 | AB9: =BulletItem!AB9 -> 1 | AC9: =BulletItem!T9 -> 100 | AD9: =BulletItem!I9 -> A | AE9: 0 | AF9: 0 | AG9: 0 | AH9: 0 | AI9: 0 | AJ9: 0 | AK9: 0 | AL9: 0 | AM9: 0 | AN9: 0 | AO9: 0 | AP9: =BulletItem!AC9 -> -1 | AQ9: =BulletItem!AL9 -> 0 | AR9: =BulletItem!J9 -> -1 | AS9: 0
A10: =BulletItem!A10 -> ibbow08 | B10: =BulletItem!E10 -> Bolt | C10: =BulletItem!C10 -> A20407 | D10: =BulletItem!D10 -> 8 | E10: =BulletItem!H10 -> 11111000 | F10: 11 | G10: =BulletItem!M10 -> 0 | H10: 0 | I10: =BulletItem!N10 -> 400 | J10: =BulletItem!O10 -> 0 | K10: =BulletItem!P10 -> 0 | L10: =BulletItem!R10 -> 0 | M10: =BulletItem!Q10 -> 0 | N10: =BulletItem!S10 -> 20 | O10: =BulletItem!AE10 -> 1 | P10: =BulletItem!AD10 -> 1 | Q10: =BulletItem!AF10 -> 1 | R10: =BulletItem!AG10 -> 1 | S10: 7 | T10: =BulletItem!B10 -> 1 | U10: =BulletItem!AK10 -> 0 | V10: =BulletItem!AM10 -> 0 | W10: =BulletItem!L10 -> -1 | X10: =BulletItem!W10 -> -1 | Y10: 0 | Z10: 0 | AA10: 0 | AB10: =BulletItem!AB10 -> 1 | AC10: =BulletItem!T10 -> 100 | AD10: =BulletItem!I10 -> B | AE10: 0 | AF10: 0 | AG10: 0 | AH10: 0 | AI10: 0 | AJ10: 0 | AK10: 0 | AL10: 0 | AM10: 0 | AN10: 0 | AO10: 0 | AP10: =BulletItem!AC10 -> -1 | AQ10: =BulletItem!AL10 -> 0 | AR10: =BulletItem!J10 -> -1 | AS10: 0
A11: =BulletItem!A11 -> ibbow09 | B11: =BulletItem!E11 -> Fire Bolt | C11: =BulletItem!C11 -> A20408 | D11: =BulletItem!D11 -> 9 | E11: =BulletItem!H11 -> 11111000 | F11: 11 | G11: =BulletItem!M11 -> 0 | H11: 0 | I11: =BulletItem!N11 -> 400 | J11: =BulletItem!O11 -> 0 | K11: =BulletItem!P11 -> 0 | L11: =BulletItem!R11 -> 0 | M11: =BulletItem!Q11 -> 0 | N11: =BulletItem!S11 -> 20 | O11: =BulletItem!AE11 -> 1 | P11: =BulletItem!AD11 -> 1 | Q11: =BulletItem!AF11 -> 1 | R11: =BulletItem!AG11 -> 1 | S11: 8 | T11: =BulletItem!B11 -> 1 | U11: =BulletItem!AK11 -> 0 | V11: =BulletItem!AM11 -> 0 | W11: =BulletItem!L11 -> -1 | X11: =BulletItem!W11 -> 0 | Y11: 0 | Z11: 0 | AA11: 0 | AB11: =BulletItem!AB11 -> 1 | AC11: =BulletItem!T11 -> 100 | AD11: =BulletItem!I11 -> B | AE11: 0 | AF11: 0 | AG11: 0 | AH11: 0 | AI11: 0 | AJ11: 0 | AK11: 0 | AL11: 0 | AM11: 0 | AN11: 0 | AO11: 0 | AP11: =BulletItem!AC11 -> -1 | AQ11: =BulletItem!AL11 -> 0 | AR11: =BulletItem!J11 -> -1 | AS11: 0
A12: =BulletItem!A12 -> ibbow10 | B12: =BulletItem!E12 -> Ice Bolt | C12: =BulletItem!C12 -> A20409 | D12: =BulletItem!D12 -> 10 | E12: =BulletItem!H12 -> 11111000 | F12: 11 | G12: =BulletItem!M12 -> 0 | H12: 0 | I12: =BulletItem!N12 -> 400 | J12: =BulletItem!O12 -> 0 | K12: =BulletItem!P12 -> 0 | L12: =BulletItem!R12 -> 0 | M12: =BulletItem!Q12 -> 0 | N12: =BulletItem!S12 -> 20 | O12: =BulletItem!AE12 -> 1 | P12: =BulletItem!AD12 -> 1 | Q12: =BulletItem!AF12 -> 1 | R12: =BulletItem!AG12 -> 1 | S12: 9 | T12: =BulletItem!B12 -> 1 | U12: =BulletItem!AK12 -> 0 | V12: =BulletItem!AM12 -> 0 | W12: =BulletItem!L12 -> -1 | X12: =BulletItem!W12 -> 1 | Y12: 0 | Z12: 0 | AA12: 0 | AB12: =BulletItem!AB12 -> 1 | AC12: =BulletItem!T12 -> 100 | AD12: =BulletItem!I12 -> B | AE12: 0 | AF12: 0 | AG12: 0 | AH12: 0 | AI12: 0 | AJ12: 0 | AK12: 0 | AL12: 0 | AM12: 0 | AN12: 0 | AO12: 0 | AP12: =BulletItem!AC12 -> -1 | AQ12: =BulletItem!AL12 -> 0 | AR12: =BulletItem!J12 -> -1 | AS12: 0
A13: =BulletItem!A13 -> ibbow11 | B13: =BulletItem!E13 -> Poison Bolt | C13: =BulletItem!C13 -> A2040A | D13: =BulletItem!D13 -> 11 | E13: =BulletItem!H13 -> 11111000 | F13: 11 | G13: =BulletItem!M13 -> 0 | H13: 0 | I13: =BulletItem!N13 -> 400 | J13: =BulletItem!O13 -> 0 | K13: =BulletItem!P13 -> 0 | L13: =BulletItem!R13 -> 0 | M13: =BulletItem!Q13 -> 0 | N13: =BulletItem!S13 -> 20 | O13: =BulletItem!AE13 -> 1 | P13: =BulletItem!AD13 -> 1 | Q13: =BulletItem!AF13 -> 1 | R13: =BulletItem!AG13 -> 1 | S13: 10 | T13: =BulletItem!B13 -> 1 | U13: =BulletItem!AK13 -> 0 | V13: =BulletItem!AM13 -> 0 | W13: =BulletItem!L13 -> -1 | X13: =BulletItem!W13 -> 2 | Y13: 0 | Z13: 0 | AA13: 0 | AB13: =BulletItem!AB13 -> 1 | AC13: =BulletItem!T13 -> 100 | AD13: =BulletItem!I13 -> B | AE13: 0 | AF13: 0 | AG13: 0 | AH13: 0 | AI13: 0 | AJ13: 0 | AK13: 0 | AL13: 0 | AM13: 0 | AN13: 0 | AO13: 0 | AP13: =BulletItem!AC13 -> -1 | AQ13: =BulletItem!AL13 -> 0 | AR13: =BulletItem!J13 -> -1 | AS13: 0
A14: =BulletItem!A14 -> ibbow12 | B14: =BulletItem!E14 -> Multi Bolt | C14: =BulletItem!C14 -> A2040B | D14: =BulletItem!D14 -> 12 | E14: =BulletItem!H14 -> 11111000 | F14: 11 | G14: =BulletItem!M14 -> 0 | H14: 0 | I14: =BulletItem!N14 -> 400 | J14: =BulletItem!O14 -> 0 | K14: =BulletItem!P14 -> 0 | L14: =BulletItem!R14 -> 0 | M14: =BulletItem!Q14 -> 0 | N14: =BulletItem!S14 -> 20 | O14: =BulletItem!AE14 -> 1 | P14: =BulletItem!AD14 -> 1 | Q14: =BulletItem!AF14 -> 1 | R14: =BulletItem!AG14 -> 1 | S14: 11 | T14: =BulletItem!B14 -> 1 | U14: =BulletItem!AK14 -> 0 | V14: =BulletItem!AM14 -> 0 | W14: =BulletItem!L14 -> -1 | X14: =BulletItem!W14 -> -1 | Y14: 0 | Z14: 0 | AA14: 0 | AB14: =BulletItem!AB14 -> 1 | AC14: =BulletItem!T14 -> 100 | AD14: =BulletItem!I14 -> B | AE14: 0 | AF14: 0 | AG14: 0 | AH14: 0 | AI14: 0 | AJ14: 0 | AK14: 0 | AL14: 0 | AM14: 0 | AN14: 0 | AO14: 0 | AP14: =BulletItem!AC14 -> -1 | AQ14: =BulletItem!AL14 -> 0 | AR14: =BulletItem!J14 -> -1 | AS14: 0
... A405: =BulletItem!A405 -> ibbnn08 | B405: =BulletItem!E405 -> High Grade Communion Crystal[Donate] | C405: =BulletItem!C405 -> 820E00 | D405: =BulletItem!D405 -> 155 | E405: =BulletItem!H405 -> 00110000 | F405: 11 | G405: =BulletItem!M405 -> 0 | H405: 0 | I405: =BulletItem!N405 -> 0 | J405: =BulletItem!O405 -> 0 | K405: =BulletItem!P405 -> 2500 | L405: =BulletItem!R405 -> 0 | M405: =BulletItem!Q405 -> 0 | N405: =BulletItem!S405 -> 500 | O405: =BulletItem!AE405 -> 1 | P405: =BulletItem!AD405 -> 1 | Q405: =BulletItem!AF405 -> 1 | R405: =BulletItem!AG405 -> 1 | S405: 559 | T405: =BulletItem!B405 -> 1 | U405: =BulletItem!AK405 -> 0 | V405: =BulletItem!AM405 -> 0 | W405: =BulletItem!L405 -> -1 | X405: =BulletItem!W405 -> -1 | Y405: 0 | Z405: 0 | AA405: 0 | AB405: =BulletItem!AB405 -> 1 | AC405: =BulletItem!T405 -> 3000 | AD405: =BulletItem!I405 -> Q | AE405: 0 | AF405: 0 | AG405: 0 | AH405: 0 | AI405: 0 | AJ405: 0 | AK405: 0 | AL405: 0 | AM405: 0 | AN405: 0 | AO405: 0 | AP405: =BulletItem!AC405 -> -1 | AQ405: =BulletItem!AL405 -> 0 | AR405: =BulletItem!J405 -> -1 | AS405: 0

Sheet 11desc
A1: dword | B1: text | C1: END
A2: Count | B2: Desc
A3: 0 | B3: Used with Bow class weapons.
A4: 1 | B4: Fire Arrows. Arrows laced with Fire element. Used with Bow class weapons.
A5: 2 | B5: Water Arrows. Arrows laced with Aqua element. Used with Bow class weapons.
A6: 3 | B6: Terra Arrows. Arrows laced with Terra element. Used with Bow class weapons.
A7: 4 | B7: Normal Arrow
A8: 5 | B8: Wind Arrows. Arrows laced with Wind element. Used with Bow class weapons.
A9: 6 | B9: Explosive Arrows. Deals minor damage to enemies around target. Used with Bow class weapons.
A10: 7 | B10: Quiver of Bolts [ammunition]: Used with Crossbow class weapons.
A11: 8 | B11: Fire Bolts. Arrow laced with Fire element. Used with Crossbow class weapons.
A12: 9 | B12: Quiver of Bolts [ammunition]: Ice Bolts. Bolts laced with Aqua element. Used with Crossbow class weapons.
A13: 10 | B13: Quiver of Bolts [ammunition]: Terra Bolts. Bolts laced with Terra element. Used with Crossbow class weapons.
A14: 11 | B14: Normal Bolt
... A318: 315 | B318: Given training Granade Launcher only projectile.Creates a shock wave that removes the target's latest buff.
A319: 316
A320: 317
A321: 318
A322: 319
A323: 320 | B323: Now enjoy with 10,000 unit ammo for slim bag and slim price.
A324: 321 | B324: Now enjoy with 10,000 unit ammo for slim bag and slim price.
A325: 322 | B325: Now enjoy with 10,000 unit ammo for slim bag and slim price.
A326: 323 | B326: Now enjoy with 10,000 unit ammo for slim bag and slim price.
A327: 324 | B327: Now enjoy with 10,000 unit ammo for slim bag and slim price.
A328: 325 | B328: Now enjoy with 10,000 unit ammo for slim bag and slim price.
A329: 326 | B329: Now enjoy with 10,000 unit ammo for slim bag and slim price.
A330: 327 | B330: Now enjoy with 10,000 unit ammo for slim bag and slim price.
A331: 328 | B331: Now enjoy with 10,000 unit ammo for slim bag and slim price.
A332: 329 | B332: Now enjoy with 10,000 unit ammo for slim bag and slim price.
A333: 330 | B333: Now enjoy with 10,000 unit ammo for slim bag and slim price.
A334: 331 | B334: Now enjoy with 10,000 unit ammo for slim bag and slim price.
... A562: 559 | B562: Crystal that increase the attack of Animus by <font color='ffcc00'>(100%)</font> (Except Inanna)<br><font color='8dacda'>[Usage]</font><br>Equip this Crystal in bullet slot to activate.<br><font color='ffcc00'>(This item effect will stack with Sympathy Charm)</font>
