Workbook

Sheet UnitUpper
A1: string[64] | B1: string[64] | C1: dword | D1: string[64] | E1: dword | F1: string[64] | G1: dword | H1: dword | I1: dword | J1: dword | K1: dword | L1: dword | M1: dword | N1: dword | O1: dword | P1: dword | Q1: dword | R1: float | S1: dword | T1: float | U1: dword | V1: float | W1: dword | X1: dword | Y1: dword | Z1: dword | AA1: dword | AB1: dword | AC1: dword | AD1: dword | AE1: dword | AF1: dword | AG1: dword | AH1: dword | AI1: dword | AJ1: dword | AK1: dword | AL1: dword | AM1: dword | AN1: dword | AO1: float | AP1: dword | AQ1: dword | AR1: float | AS1: dword | AT1: float | AU1: dword | AV1: float | AW1: dword | AX1: float | AY1: string[64] | AZ1: dword | BA1: dword | BB1: END
A2: Code | B2: Model | C2: Icon | D2: Name | E2: FixPart | F2: DefFrame | G2: WPType | H2: EffectGroup | I2: NeedBullet | J2: IsAbr | K2: DurUnit | L2: LvLim | M2: UpLvLim | N2: ExpertID1 | O2: ExpertLim1 | P2: ExpertID2 | Q2: ExpertLim2 | R2: AttGap | S2: Attack_DP | T2: AttackRange | U2: AttackDelay | V2: MoveSpdRev | W2: GAMinAF | X2: GAMaxAF | Y2: AttMastery | Z2: GAMinSelProb | AA2: GAMaxSelProb | AB2: DefFc | AC2: DefMastery | AD2: Property | AE2: Fire | AF2: Water | AG2: Soil | AH2: Wind | AI2: Money | AJ2: StdPrice | AK2: StdPoint | AL2: RepPrice | AM2: DesRepPrice | AN2: BstCha | AO2: BstSpd | AP2: BackSlt | AQ2: EffCode1 | AR2: EffUnit1 | AS2: EffCode2 | AT2: EffUnit2 | AU2: EffCode3 | AV2: EffUnit3 | AW2: EffCode4 | AX2: EffUnit4 | AY2: ToolTip | AZ2: AttEffType | BA2: DefEffType
A3: unup001 | B3: 00200 | C3: 1 | D3: Pressed Armor | E3: 1 | F3: 10000000 | G3: -1 | H3: -1 | I3: -1 | J3: 0 | K3: 0 | L3: 30 | M3: -1 | N3: 2 | O3: 1 | P3: -1 | Q3: -1 | R3: 1 | S3: 0 | T3: 0 | U3: 0 | V3: 0 | W3: -1 | X3: -1 | Y3: 0 | Z3: 50 | AA3: 50 | AB3: 607 | AC3: 49 | AD3: -1 | AE3: 5 | AF3: 5 | AG3: 5 | AH3: 5 | AI3: 0 | AJ3: 100000 | AK3: 1 | AL3: 1 | AM3: 2000 | AN3: 0 | AO3: 0 | AP3: 0 | AQ3: 0 | AR3: 0 | AS3: 0 | AT3: 0 | AU3: 0 | AV3: 0 | AW3: 0 | AX3: 0 | AY3: ="t"&A3 -> tunup001 | AZ3: -1 | BA3: 2
A4: unup002 | B4: 0022E | C4: 16 | D4: Advanced Mirage Core | E4: 1 | F4: 10000000 | G4: -1 | H4: -1 | I4: -1 | J4: 0 | K4: 0 | L4: 67 | M4: -1 | N4: 2 | O4: 99 | P4: -1 | Q4: -1 | R4: 1 | S4: 0 | T4: 0 | U4: 0 | V4: 0 | W4: -1 | X4: -1 | Y4: 0 | Z4: 50 | AA4: 50 | AB4: 27648 | AC4: 49 | AD4: -1 | AE4: 38 | AF4: 38 | AG4: 38 | AH4: 38 | AI4: 0 | AJ4: 45360000 | AK4: 3 | AL4: 9 | AM4: 142000 | AN4: 0 | AO4: 0 | AP4: 0 | AQ4: 0 | AR4: 0 | AS4: 0 | AT4: 0 | AU4: 0 | AV4: 0 | AW4: 0 | AX4: 0 | AY4: ="t"&A4 -> tunup002 | AZ4: -1 | BA4: 2
A5: unup003 | B5: 00230 | C5: 17 | D5: Beelzebub Goliath Core | E5: 1 | F5: 10000000 | G5: -1 | H5: -1 | I5: -1 | J5: 0 | K5: 0 | L5: 72 | M5: -1 | N5: 2 | O5: 99 | P5: -1 | Q5: -1 | R5: 1 | S5: 0 | T5: 0 | U5: 0 | V5: 0 | W5: -1 | X5: -1 | Y5: 0 | Z5: 50 | AA5: 50 | AB5: 33000 | AC5: 60 | AD5: -1 | AE5: 40 | AF5: 40 | AG5: 40 | AH5: 40 | AI5: 0 | AJ5: 75000000 | AK5: 3 | AL5: 10 | AM5: 142000 | AN5: 0 | AO5: 0 | AP5: 0 | AQ5: 0 | AR5: 0 | AS5: 0 | AT5: 0 | AU5: 0 | AV5: 0 | AW5: 0 | AX5: 0 | AY5: ="t"&A5 -> tunup003 | AZ5: -1 | BA5: 2
A6: unup004 | B6: 00200 | C6: 100 | D6: Advance Pressed Armor | E6: 1 | F6: 10000000 | G6: -1 | H6: -1 | I6: -1 | J6: 0 | K6: 0 | L6: 100 | M6: -1 | N6: 2 | O6: 100 | P6: -1 | Q6: -1 | R6: 1 | S6: 0 | T6: 0 | U6: 0 | V6: 0 | W6: -1 | X6: -1 | Y6: 0 | Z6: 50 | AA6: 50 | AB6: 843 | AC6: 49 | AD6: -1 | AE6: 75 | AF6: 75 | AG6: 75 | AH6: 75 | AI6: 0 | AJ6: 7100000 | AK6: 1 | AL6: 1 | AM6: 142000 | AN6: 0 | AO6: 0 | AP6: 0 | AQ6: 0 | AR6: 0 | AS6: 0 | AT6: 0 | AU6: 0 | AV6: 0 | AW6: 0 | AX6: 0 | AY6: ="t"&A6 -> tunup004 | AZ6: -1 | BA6: 2
A7: unup005 | B7: 00200 | C7: 100 | D7: F.Coating Protect | E7: 1 | F7: 10000000 | G7: -1 | H7: -1 | I7: -1 | J7: 0 | K7: 0 | L7: 100 | M7: -1 | N7: 2 | O7: 100 | P7: -1 | Q7: -1 | R7: 1 | S7: 0 | T7: 0 | U7: 0 | V7: 0 | W7: -1 | X7: -1 | Y7: 0 | Z7: 50 | AA7: 50 | AB7: 843 | AC7: 49 | AD7: -1 | AE7: 75 | AF7: 75 | AG7: 75 | AH7: 75 | AI7: 0 | AJ7: 7100000 | AK7: 1 | AL7: 1 | AM7: 142000 | AN7: 0 | AO7: 0 | AP7: 0 | AQ7: 0 | AR7: 0 | AS7: 0 | AT7: 0 | AU7: 0 | AV7: 0 | AW7: 0 | AX7: 0 | AY7: ="t"&A7 -> tunup005 | AZ7: -1 | BA7: 2
A8: unup006 | B8: 00200 | C8: 1 | D8: Annex Hard Armor | E8: 1 | F8: 10000000 | G8: -1 | H8: -1 | I8: -1 | J8: 0 | K8: 0 | L8: 38 | M8: -1 | N8: 2 | O8: 55 | P8: -1 | Q8: -1 | R8: 1 | S8: 0 | T8: 0 | U8: 0 | V8: 0 | W8: -1 | X8: -1 | Y8: 0 | Z8: 50 | AA8: 50 | AB8: 2025 | AC8: 49 | AD8: -1 | AE8: 13 | AF8: 13 | AG8: 13 | AH8: 13 | AI8: 0 | AJ8: 900000 | AK8: 1 | AL8: 1 | AM8: 18000 | AN8: 0 | AO8: 0 | AP8: 0 | AQ8: 0 | AR8: 0 | AS8: 0 | AT8: 0 | AU8: 0 | AV8: 0 | AW8: 0 | AX8: 0 | AY8: ="t"&A8 -> tunup006 | AZ8: -1 | BA8: 2
A9: unup007 | B9: 00200 | C9: 100 | D9: NotUsed | E9: 1 | F9: 10000000 | G9: -1 | H9: -1 | I9: -1 | J9: 0 | K9: 0 | L9: 100 | M9: -1 | N9: 2 | O9: 61 | P9: -1 | Q9: -1 | R9: 1 | S9: 0 | T9: 0 | U9: 0 | V9: 0 | W9: -1 | X9: -1 | Y9: 0 | Z9: 50 | AA9: 50 | AB9: 1012 | AC9: 49 | AD9: -1 | AE9: 75 | AF9: 75 | AG9: 75 | AH9: 75 | AI9: 0 | AJ9: 7100000 | AK9: 1 | AL9: 1 | AM9: 142000 | AN9: 0 | AO9: 0 | AP9: 0 | AQ9: 0 | AR9: 0 | AS9: 0 | AT9: 0 | AU9: 0 | AV9: 0 | AW9: 0 | AX9: 0 | AY9: ="t"&A9 -> tunup007 | AZ9: -1 | BA9: 2
A10: unup008 | B10: 00207 | C10: 100 | D10: NotUsed | E10: 1 | F10: 10000000 | G10: -1 | H10: -1 | I10: -1 | J10: 0 | K10: 0 | L10: 100 | M10: -1 | N10: 2 | O10: 100 | P10: -1 | Q10: -1 | R10: 1 | S10: 0 | T10: 0 | U10: 0 | V10: 0 | W10: -1 | X10: -1 | Y10: 0 | Z10: 50 | AA10: 50 | AB10: 112 | AC10: 49 | AD10: -1 | AE10: 75 | AF10: 75 | AG10: 75 | AH10: 75 | AI10: 0 | AJ10: 7100000 | AK10: 1 | AL10: 1 | AM10: 142000 | AN10: 0 | AO10: 0 | AP10: 0 | AQ10: 0 | AR10: 0 | AS10: 0 | AT10: 0 | AU10: 0 | AV10: 0 | AW10: 0 | AX10: 0 | AY10: ="t"&A10 -> tunup008 | AZ10: -1 | BA10: 2
A11: unup009 | B11: 00208 | C11: 100 | D11: NotUsed | E11: 1 | F11: 10000000 | G11: -1 | H11: -1 | I11: -1 | J11: 0 | K11: 0 | L11: 100 | M11: -1 | N11: 2 | O11: 100 | P11: -1 | Q11: -1 | R11: 1 | S11: 0 | T11: 0 | U11: 0 | V11: 0 | W11: -1 | X11: -1 | Y11: 0 | Z11: 50 | AA11: 50 | AB11: 112 | AC11: 49 | AD11: -1 | AE11: 75 | AF11: 75 | AG11: 75 | AH11: 75 | AI11: 0 | AJ11: 7100000 | AK11: 1 | AL11: 1 | AM11: 142000 | AN11: 0 | AO11: 0 | AP11: 0 | AQ11: 0 | AR11: 0 | AS11: 0 | AT11: 0 | AU11: 0 | AV11: 0 | AW11: 0 | AX11: 0 | AY11: ="t"&A11 -> tunup009 | AZ11: -1 | BA11: 2
A12: unup010 | B12: 00209 | C12: 2 | D12: Heavy Duty Armor | E12: 1 | F12: 10000000 | G12: -1 | H12: -1 | I12: -1 | J12: 0 | K12: 0 | L12: 40 | M12: -1 | N12: 2 | O12: 70 | P12: -1 | Q12: -1 | R12: 1 | S12: 0 | T12: 0 | U12: 0 | V12: 0 | W12: -1 | X12: -1 | Y12: 0 | Z12: 50 | AA12: 50 | AB12: 2685 | AC12: 49 | AD12: -1 | AE12: 15 | AF12: 15 | AG12: 15 | AH12: 15 | AI12: 0 | AJ12: 1100000 | AK12: 1 | AL12: 1 | AM12: 22000 | AN12: 0 | AO12: 0 | AP12: 0 | AQ12: 0 | AR12: 0 | AS12: 0 | AT12: 0 | AU12: 0 | AV12: 0 | AW12: 0 | AX12: 0 | AY12: ="t"&A12 -> tunup010 | AZ12: -1 | BA12: 2
A13: unup011 | B13: 0020A | C13: 100 | D13: NotUsed | E13: 1 | F13: 10000000 | G13: -1 | H13: -1 | I13: -1 | J13: 0 | K13: 0 | L13: 100 | M13: -1 | N13: 2 | O13: 100 | P13: -1 | Q13: -1 | R13: 1 | S13: 0 | T13: 0 | U13: 0 | V13: 0 | W13: -1 | X13: -1 | Y13: 0 | Z13: 50 | AA13: 50 | AB13: 3605 | AC13: 49 | AD13: -1 | AE13: 75 | AF13: 75 | AG13: 75 | AH13: 75 | AI13: 0 | AJ13: 7100000 | AK13: 1 | AL13: 1 | AM13: 142000 | AN13: 0 | AO13: 0 | AP13: 0 | AQ13: 0 | AR13: 0 | AS13: 0 | AT13: 0 | AU13: 0 | AV13: 0 | AW13: 0 | AX13: 0 | AY13: ="t"&A13 -> tunup011 | AZ13: -1 | BA13: 2
A14: unup012 | B14: 00209 | C14: 2 | D14: F.Reflect Protect | E14: 1 | F14: 10000000 | G14: -1 | H14: -1 | I14: -1 | J14: 0 | K14: 0 | L14: 48 | M14: -1 | N14: 2 | O14: 95 | P14: -1 | Q14: -1 | R14: 1 | S14: 0 | T14: 0 | U14: 0 | V14: 0 | W14: -1 | X14: -1 | Y14: 0 | Z14: 50 | AA14: 50 | AB14: 4596 | AC14: 49 | AD14: -1 | AE14: 23 | AF14: 23 | AG14: 23 | AH14: 23 | AI14: 0 | AJ14: 3727272 | AK14: 1 | AL14: 1 | AM14: 372727 | AN14: 0 | AO14: 0 | AP14: 0 | AQ14: 0 | AR14: 0 | AS14: 0 | AT14: 0 | AU14: 0 | AV14: 0 | AW14: 0 | AX14: 0 | AY14: ="t"&A14 -> tunup012 | AZ14: -1 | BA14: 2
... A82: unup080 | B82: 3024F | C82: 100 | D82: NotUsed | E82: 1 | F82: 00010000 | G82: -1 | H82: -1 | I82: -1 | J82: 0 | K82: 0 | L82: 100 | M82: -1 | N82: 2 | O82: 100 | P82: -1 | Q82: -1 | R82: 1 | S82: 0 | T82: 0 | U82: 0 | V82: 0 | W82: -1 | X82: -1 | Y82: 0 | Z82: 50 | AA82: 50 | AB82: 0 | AC82: 49 | AD82: -1 | AE82: 0 | AF82: 0 | AG82: 0 | AH82: 0 | AI82: 0 | AJ82: 0 | AK82: 1 | AL82: 1 | AM82: 0 | AN82: 0 | AO82: 0 | AP82: 0 | AQ82: 0 | AR82: 0 | AS82: 0 | AT82: 0 | AU82: 0 | AV82: 0 | AW82: 0 | AX82: 0 | AY82: ="t"&A82 -> tunup080 | AZ82: -1 | BA82: 2

Sheet 38decrypt
A1: clcode | B1: string[64] | C1: xeh | D1: dword | E1: stb | F1: byte | G1: byte | H1: word | I1: dword | J1: dword | K1: dword | L1: dword | M1: dword | N1: dword | O1: dword | P1: dword | Q1: dword | R1: dword | S1: dword | T1: dword | U1: dword | V1: dword | W1: dword | X1: byte | Y1: stb | Z1: byte | AA1: word | AB1: dword | AC1: word | AD1: word | AE1: word | AF1: word | AG1: byte | AH1: byte | AI1: word | AJ1: dword | AK1: dword | AL1: dword | AM1: dword | AN1: dword | AO1: byte | AP1: byte | AQ1: byte | AR1: byte | AS1: byte | AT1: byte | AU1: word | AV1: dword | AW1: dword | AX1: dword | AY1: dword | AZ1: END
A2: =UnitUpper!A2 -> Code | B2: =UnitUpper!D2 -> Name | C2: =UnitUpper!B2 -> Model | D2: =UnitUpper!C2 -> Icon | E2: Civil | F2: ListID | G2: =UnitUpper!AI2 -> Money | H2: none | I2: =UnitUpper!AJ2 -> StdPrice | J2: =UnitUpper!AK2 -> StdPoint | K2: GoldPoint | L2: ProcPoint | M2: KillPoint | N2: StorePrice | O2: IsExchange | P2: IsSell | Q2: IsGround | R2: IsStore | S2: Descript | T2: IsExist | U2: IsCash | V2: IsTime | W2: =UnitUpper!M2 -> UpLvLim | X2: =UnitUpper!E2 -> FixPart | Y2: =UnitUpper!F2 -> DefFrame | Z2: none | AA2: none | AB2: =UnitUpper!AB2 -> DefFc | AC2: =UnitUpper!AE2 -> Fire | AD2: =UnitUpper!AF2 -> Water | AE2: =UnitUpper!AG2 -> Soil | AF2: =UnitUpper!AH2 -> Wind | AG2: =UnitUpper!Y2 -> AttMastery | AH2: =UnitUpper!AC2 -> DefMastery | AI2: none | AJ2: hz | AK2: hz | AL2: hz | AM2: hz | AN2: hz | AO2: =UnitUpper!L2 -> LvLim | AP2: =UnitUpper!N2 -> ExpertID1 | AQ2: =UnitUpper!P2 -> ExpertID2 | AR2: =UnitUpper!O2 -> ExpertLim1 | AS2: =UnitUpper!Q2 -> ExpertLim2 | AT2: none | AU2: none | AV2: =UnitUpper!AL2 -> RepPrice | AW2: =UnitUpper!AZ2 -> AttEffType | AX2: =UnitUpper!BA2 -> DefEffType | AY2: hz
A3: =UnitUpper!A3 -> unup001 | B3: =UnitUpper!D3 -> Pressed Armor | C3: =UnitUpper!B3 -> 00200 | D3: =UnitUpper!C3 -> 1 | E3: 11000000 | F3: 38 | G3: =UnitUpper!AI3 -> 0 | H3: 0 | I3: =UnitUpper!AJ3 -> 100000 | J3: =UnitUpper!AK3 -> 1 | K3: 0 | L3: 0 | M3: 0 | N3: 0 | O3: 0 | P3: 0 | Q3: 0 | R3: 0 | S3: 0 | T3: 0 | U3: 0 | V3: 0 | W3: =UnitUpper!M3 -> -1 | X3: =UnitUpper!E3 -> 1 | Y3: =UnitUpper!F3 -> 10000000 | Z3: 0 | AA3: 0 | AB3: =UnitUpper!AB3 -> 607 | AC3: =UnitUpper!AE3 -> 5 | AD3: =UnitUpper!AF3 -> 5 | AE3: =UnitUpper!AG3 -> 5 | AF3: =UnitUpper!AH3 -> 5 | AG3: =UnitUpper!Y3 -> 0 | AH3: =UnitUpper!AC3 -> 49 | AI3: 0 | AJ3: 0 | AK3: 0 | AL3: 0 | AM3: 0 | AN3: 0 | AO3: =UnitUpper!L3 -> 30 | AP3: =UnitUpper!N3 -> 2 | AQ3: =UnitUpper!P3 -> -1 | AR3: =UnitUpper!O3 -> 1 | AS3: =UnitUpper!Q3 -> -1 | AT3: 0 | AU3: 0 | AV3: =UnitUpper!AL3 -> 1 | AW3: =UnitUpper!AZ3 -> -1 | AX3: =UnitUpper!BA3 -> 2 | AY3: 0
A4: =UnitUpper!A4 -> unup002 | B4: =UnitUpper!D4 -> Advanced Mirage Core | C4: =UnitUpper!B4 -> 0022E | D4: =UnitUpper!C4 -> 16 | E4: 11000000 | F4: 38 | G4: =UnitUpper!AI4 -> 0 | H4: 0 | I4: =UnitUpper!AJ4 -> 45360000 | J4: =UnitUpper!AK4 -> 3 | K4: 0 | L4: 0 | M4: 0 | N4: 0 | O4: 0 | P4: 0 | Q4: 0 | R4: 0 | S4: 19 | T4: 0 | U4: 0 | V4: 0 | W4: =UnitUpper!M4 -> -1 | X4: =UnitUpper!E4 -> 1 | Y4: =UnitUpper!F4 -> 10000000 | Z4: 0 | AA4: 0 | AB4: =UnitUpper!AB4 -> 27648 | AC4: =UnitUpper!AE4 -> 38 | AD4: =UnitUpper!AF4 -> 38 | AE4: =UnitUpper!AG4 -> 38 | AF4: =UnitUpper!AH4 -> 38 | AG4: =UnitUpper!Y4 -> 0 | AH4: =UnitUpper!AC4 -> 49 | AI4: 0 | AJ4: 0 | AK4: 0 | AL4: 0 | AM4: 0 | AN4: 0 | AO4: =UnitUpper!L4 -> 67 | AP4: =UnitUpper!N4 -> 2 | AQ4: =UnitUpper!P4 -> -1 | AR4: =UnitUpper!O4 -> 99 | AS4: =UnitUpper!Q4 -> -1 | AT4: 0 | AU4: 0 | AV4: =UnitUpper!AL4 -> 9 | AW4: =UnitUpper!AZ4 -> -1 | AX4: =UnitUpper!BA4 -> 2 | AY4: 0
A5: =UnitUpper!A5 -> unup003 | B5: =UnitUpper!D5 -> Beelzebub Goliath Core | C5: =UnitUpper!B5 -> 00230 | D5: =UnitUpper!C5 -> 17 | E5: 11000000 | F5: 38 | G5: =UnitUpper!AI5 -> 0 | H5: 0 | I5: =UnitUpper!AJ5 -> 75000000 | J5: =UnitUpper!AK5 -> 3 | K5: 0 | L5: 0 | M5: 0 | N5: 0 | O5: 0 | P5: 0 | Q5: 0 | R5: 0 | S5: 2 | T5: 0 | U5: 0 | V5: 0 | W5: =UnitUpper!M5 -> -1 | X5: =UnitUpper!E5 -> 1 | Y5: =UnitUpper!F5 -> 10000000 | Z5: 0 | AA5: 0 | AB5: =UnitUpper!AB5 -> 33000 | AC5: =UnitUpper!AE5 -> 40 | AD5: =UnitUpper!AF5 -> 40 | AE5: =UnitUpper!AG5 -> 40 | AF5: =UnitUpper!AH5 -> 40 | AG5: =UnitUpper!Y5 -> 0 | AH5: =UnitUpper!AC5 -> 60 | AI5: 0 | AJ5: 0 | AK5: 0 | AL5: 0 | AM5: 0 | AN5: 0 | AO5: =UnitUpper!L5 -> 72 | AP5: =UnitUpper!N5 -> 2 | AQ5: =UnitUpper!P5 -> -1 | AR5: =UnitUpper!O5 -> 99 | AS5: =UnitUpper!Q5 -> -1 | AT5: 0 | AU5: 0 | AV5: =UnitUpper!AL5 -> 10 | AW5: =UnitUpper!AZ5 -> -1 | AX5: =UnitUpper!BA5 -> 2 | AY5: 0
A6: =UnitUpper!A6 -> unup004 | B6: =UnitUpper!D6 -> Advance Pressed Armor | C6: =UnitUpper!B6 -> 00200 | D6: =UnitUpper!C6 -> 100 | E6: 11000000 | F6: 38 | G6: =UnitUpper!AI6 -> 0 | H6: 0 | I6: =UnitUpper!AJ6 -> 7100000 | J6: =UnitUpper!AK6 -> 1 | K6: 0 | L6: 0 | M6: 0 | N6: 0 | O6: 0 | P6: 0 | Q6: 0 | R6: 0 | S6: 3 | T6: 0 | U6: 0 | V6: 0 | W6: =UnitUpper!M6 -> -1 | X6: =UnitUpper!E6 -> 1 | Y6: =UnitUpper!F6 -> 10000000 | Z6: 0 | AA6: 0 | AB6: =UnitUpper!AB6 -> 843 | AC6: =UnitUpper!AE6 -> 75 | AD6: =UnitUpper!AF6 -> 75 | AE6: =UnitUpper!AG6 -> 75 | AF6: =UnitUpper!AH6 -> 75 | AG6: =UnitUpper!Y6 -> 0 | AH6: =UnitUpper!AC6 -> 49 | AI6: 0 | AJ6: 0 | AK6: 0 | AL6: 0 | AM6: 0 | AN6: 0 | AO6: =UnitUpper!L6 -> 100 | AP6: =UnitUpper!N6 -> 2 | AQ6: =UnitUpper!P6 -> -1 | AR6: =UnitUpper!O6 -> 100 | AS6: =UnitUpper!Q6 -> -1 | AT6: 0 | AU6: 0 | AV6: =UnitUpper!AL6 -> 1 | AW6: =UnitUpper!AZ6 -> -1 | AX6: =UnitUpper!BA6 -> 2 | AY6: 0
A7: =UnitUpper!A7 -> unup005 | B7: =UnitUpper!D7 -> F.Coating Protect | C7: =UnitUpper!B7 -> 00200 | D7: =UnitUpper!C7 -> 100 | E7: 11000000 | F7: 38 | G7: =UnitUpper!AI7 -> 0 | H7: 0 | I7: =UnitUpper!AJ7 -> 7100000 | J7: =UnitUpper!AK7 -> 1 | K7: 0 | L7: 0 | M7: 0 | N7: 0 | O7: 0 | P7: 0 | Q7: 0 | R7: 0 | S7: 4 | T7: 0 | U7: 0 | V7: 0 | W7: =UnitUpper!M7 -> -1 | X7: =UnitUpper!E7 -> 1 | Y7: =UnitUpper!F7 -> 10000000 | Z7: 0 | AA7: 0 | AB7: =UnitUpper!AB7 -> 843 | AC7: =UnitUpper!AE7 -> 75 | AD7: =UnitUpper!AF7 -> 75 | AE7: =UnitUpper!AG7 -> 75 | AF7: =UnitUpper!AH7 -> 75 | AG7: =UnitUpper!Y7 -> 0 | AH7: =UnitUpper!AC7 -> 49 | AI7: 0 | AJ7: 0 | AK7: 0 | AL7: 0 | AM7: 0 | AN7: 0 | AO7: =UnitUpper!L7 -> 100 | AP7: =UnitUpper!N7 -> 2 | AQ7: =UnitUpper!P7 -> -1 | AR7: =UnitUpper!O7 -> 100 | AS7: =UnitUpper!Q7 -> -1 | AT7: 0 | AU7: 0 | AV7: =UnitUpper!AL7 -> 1 | AW7: =UnitUpper!AZ7 -> -1 | AX7: =UnitUpper!BA7 -> 2 | AY7: 0
A8: =UnitUpper!A8 -> unup006 | B8: =UnitUpper!D8 -> Annex Hard Armor | C8: =UnitUpper!B8 -> 00200 | D8: =UnitUpper!C8 -> 1 | E8: 11000000 | F8: 38 | G8: =UnitUpper!AI8 -> 0 | H8: 0 | I8: =UnitUpper!AJ8 -> 900000 | J8: =UnitUpper!AK8 -> 1 | K8: 0 | L8: 0 | M8: 0 | N8: 0 | O8: 0 | P8: 0 | Q8: 0 | R8: 0 | S8: 5 | T8: 0 | U8: 0 | V8: 0 | W8: =UnitUpper!M8 -> -1 | X8: =UnitUpper!E8 -> 1 | Y8: =UnitUpper!F8 -> 10000000 | Z8: 0 | AA8: 0 | AB8: =UnitUpper!AB8 -> 2025 | AC8: =UnitUpper!AE8 -> 13 | AD8: =UnitUpper!AF8 -> 13 | AE8: =UnitUpper!AG8 -> 13 | AF8: =UnitUpper!AH8 -> 13 | AG8: =UnitUpper!Y8 -> 0 | AH8: =UnitUpper!AC8 -> 49 | AI8: 0 | AJ8: 0 | AK8: 0 | AL8: 0 | AM8: 0 | AN8: 0 | AO8: =UnitUpper!L8 -> 38 | AP8: =UnitUpper!N8 -> 2 | AQ8: =UnitUpper!P8 -> -1 | AR8: =UnitUpper!O8 -> 55 | AS8: =UnitUpper!Q8 -> -1 | AT8: 0 | AU8: 0 | AV8: =UnitUpper!AL8 -> 1 | AW8: =UnitUpper!AZ8 -> -1 | AX8: =UnitUpper!BA8 -> 2 | AY8: 0
A9: =UnitUpper!A9 -> unup007 | B9: =UnitUpper!D9 -> NotUsed | C9: =UnitUpper!B9 -> 00200 | D9: =UnitUpper!C9 -> 100 | E9: 11000000 | F9: 38 | G9: =UnitUpper!AI9 -> 0 | H9: 0 | I9: =UnitUpper!AJ9 -> 7100000 | J9: =UnitUpper!AK9 -> 1 | K9: 0 | L9: 0 | M9: 0 | N9: 0 | O9: 0 | P9: 0 | Q9: 0 | R9: 0 | S9: 6 | T9: 0 | U9: 0 | V9: 0 | W9: =UnitUpper!M9 -> -1 | X9: =UnitUpper!E9 -> 1 | Y9: =UnitUpper!F9 -> 10000000 | Z9: 0 | AA9: 0 | AB9: =UnitUpper!AB9 -> 1012 | AC9: =UnitUpper!AE9 -> 75 | AD9: =UnitUpper!AF9 -> 75 | AE9: =UnitUpper!AG9 -> 75 | AF9: =UnitUpper!AH9 -> 75 | AG9: =UnitUpper!Y9 -> 0 | AH9: =UnitUpper!AC9 -> 49 | AI9: 0 | AJ9: 0 | AK9: 0 | AL9: 0 | AM9: 0 | AN9: 0 | AO9: =UnitUpper!L9 -> 100 | AP9: =UnitUpper!N9 -> 2 | AQ9: =UnitUpper!P9 -> -1 | AR9: =UnitUpper!O9 -> 61 | AS9: =UnitUpper!Q9 -> -1 | AT9: 0 | AU9: 0 | AV9: =UnitUpper!AL9 -> 1 | AW9: =UnitUpper!AZ9 -> -1 | AX9: =UnitUpper!BA9 -> 2 | AY9: 0
A10: =UnitUpper!A10 -> unup008 | B10: =UnitUpper!D10 -> NotUsed | C10: =UnitUpper!B10 -> 00207 | D10: =UnitUpper!C10 -> 100 | E10: 11000000 | F10: 38 | G10: =UnitUpper!AI10 -> 0 | H10: 0 | I10: =UnitUpper!AJ10 -> 7100000 | J10: =UnitUpper!AK10 -> 1 | K10: 0 | L10: 0 | M10: 0 | N10: 0 | O10: 0 | P10: 0 | Q10: 0 | R10: 0 | S10: 7 | T10: 0 | U10: 0 | V10: 0 | W10: =UnitUpper!M10 -> -1 | X10: =UnitUpper!E10 -> 1 | Y10: =UnitUpper!F10 -> 10000000 | Z10: 0 | AA10: 0 | AB10: =UnitUpper!AB10 -> 112 | AC10: =UnitUpper!AE10 -> 75 | AD10: =UnitUpper!AF10 -> 75 | AE10: =UnitUpper!AG10 -> 75 | AF10: =UnitUpper!AH10 -> 75 | AG10: =UnitUpper!Y10 -> 0 | AH10: =UnitUpper!AC10 -> 49 | AI10: 0 | AJ10: 0 | AK10: 0 | AL10: 0 | AM10: 0 | AN10: 0 | AO10: =UnitUpper!L10 -> 100 | AP10: =UnitUpper!N10 -> 2 | AQ10: =UnitUpper!P10 -> -1 | AR10: =UnitUpper!O10 -> 100 | AS10: =UnitUpper!Q10 -> -1 | AT10: 0 | AU10: 0 | AV10: =UnitUpper!AL10 -> 1 | AW10: =UnitUpper!AZ10 -> -1 | AX10: =UnitUpper!BA10 -> 2 | AY10: 0
A11: =UnitUpper!A11 -> unup009 | B11: =UnitUpper!D11 -> NotUsed | C11: =UnitUpper!B11 -> 00208 | D11: =UnitUpper!C11 -> 100 | E11: 11000000 | F11: 38 | G11: =UnitUpper!AI11 -> 0 | H11: 0 | I11: =UnitUpper!AJ11 -> 7100000 | J11: =UnitUpper!AK11 -> 1 | K11: 0 | L11: 0 | M11: 0 | N11: 0 | O11: 0 | P11: 0 | Q11: 0 | R11: 0 | S11: 8 | T11: 0 | U11: 0 | V11: 0 | W11: =UnitUpper!M11 -> -1 | X11: =UnitUpper!E11 -> 1 | Y11: =UnitUpper!F11 -> 10000000 | Z11: 0 | AA11: 0 | AB11: =UnitUpper!AB11 -> 112 | AC11: =UnitUpper!AE11 -> 75 | AD11: =UnitUpper!AF11 -> 75 | AE11: =UnitUpper!AG11 -> 75 | AF11: =UnitUpper!AH11 -> 75 | AG11: =UnitUpper!Y11 -> 0 | AH11: =UnitUpper!AC11 -> 49 | AI11: 0 | AJ11: 0 | AK11: 0 | AL11: 0 | AM11: 0 | AN11: 0 | AO11: =UnitUpper!L11 -> 100 | AP11: =UnitUpper!N11 -> 2 | AQ11: =UnitUpper!P11 -> -1 | AR11: =UnitUpper!O11 -> 100 | AS11: =UnitUpper!Q11 -> -1 | AT11: 0 | AU11: 0 | AV11: =UnitUpper!AL11 -> 1 | AW11: =UnitUpper!AZ11 -> -1 | AX11: =UnitUpper!BA11 -> 2 | AY11: 0
A12: =UnitUpper!A12 -> unup010 | B12: =UnitUpper!D12 -> Heavy Duty Armor | C12: =UnitUpper!B12 -> 00209 | D12: =UnitUpper!C12 -> 2 | E12: 11000000 | F12: 38 | G12: =UnitUpper!AI12 -> 0 | H12: 0 | I12: =UnitUpper!AJ12 -> 1100000 | J12: =UnitUpper!AK12 -> 1 | K12: 0 | L12: 0 | M12: 0 | N12: 0 | O12: 0 | P12: 0 | Q12: 0 | R12: 0 | S12: 9 | T12: 0 | U12: 0 | V12: 0 | W12: =UnitUpper!M12 -> -1 | X12: =UnitUpper!E12 -> 1 | Y12: =UnitUpper!F12 -> 10000000 | Z12: 0 | AA12: 0 | AB12: =UnitUpper!AB12 -> 2685 | AC12: =UnitUpper!AE12 -> 15 | AD12: =UnitUpper!AF12 -> 15 | AE12: =UnitUpper!AG12 -> 15 | AF12: =UnitUpper!AH12 -> 15 | AG12: =UnitUpper!Y12 -> 0 | AH12: =UnitUpper!AC12 -> 49 | AI12: 0 | AJ12: 0 | AK12: 0 | AL12: 0 | AM12: 0 | AN12: 0 | AO12: =UnitUpper!L12 -> 40 | AP12: =UnitUpper!N12 -> 2 | AQ12: =UnitUpper!P12 -> -1 | AR12: =UnitUpper!O12 -> 70 | AS12: =UnitUpper!Q12 -> -1 | AT12: 0 | AU12: 0 | AV12: =UnitUpper!AL12 -> 1 | AW12: =UnitUpper!AZ12 -> -1 | AX12: =UnitUpper!BA12 -> 2 | AY12: 0
A13: =UnitUpper!A13 -> unup011 | B13: =UnitUpper!D13 -> NotUsed | C13: =UnitUpper!B13 -> 0020A | D13: =UnitUpper!C13 -> 100 | E13: 11000000 | F13: 38 | G13: =UnitUpper!AI13 -> 0 | H13: 0 | I13: =UnitUpper!AJ13 -> 7100000 | J13: =UnitUpper!AK13 -> 1 | K13: 0 | L13: 0 | M13: 0 | N13: 0 | O13: 0 | P13: 0 | Q13: 0 | R13: 0 | S13: 10 | T13: 0 | U13: 0 | V13: 0 | W13: =UnitUpper!M13 -> -1 | X13: =UnitUpper!E13 -> 1 | Y13: =UnitUpper!F13 -> 10000000 | Z13: 0 | AA13: 0 | AB13: =UnitUpper!AB13 -> 3605 | AC13: =UnitUpper!AE13 -> 75 | AD13: =UnitUpper!AF13 -> 75 | AE13: =UnitUpper!AG13 -> 75 | AF13: =UnitUpper!AH13 -> 75 | AG13: =UnitUpper!Y13 -> 0 | AH13: =UnitUpper!AC13 -> 49 | AI13: 0 | AJ13: 0 | AK13: 0 | AL13: 0 | AM13: 0 | AN13: 0 | AO13: =UnitUpper!L13 -> 100 | AP13: =UnitUpper!N13 -> 2 | AQ13: =UnitUpper!P13 -> -1 | AR13: =UnitUpper!O13 -> 100 | AS13: =UnitUpper!Q13 -> -1 | AT13: 0 | AU13: 0 | AV13: =UnitUpper!AL13 -> 1 | AW13: =UnitUpper!AZ13 -> -1 | AX13: =UnitUpper!BA13 -> 2 | AY13: 0
A14: =UnitUpper!A14 -> unup012 | B14: =UnitUpper!D14 -> F.Reflect Protect | C14: =UnitUpper!B14 -> 00209 | D14: =UnitUpper!C14 -> 2 | E14: 11000000 | F14: 38 | G14: =UnitUpper!AI14 -> 0 | H14: 0 | I14: =UnitUpper!AJ14 -> 3727272 | J14: =UnitUpper!AK14 -> 1 | K14: 0 | L14: 0 | M14: 0 | N14: 0 | O14: 0 | P14: 0 | Q14: 0 | R14: 0 | S14: 11 | T14: 0 | U14: 0 | V14: 0 | W14: =UnitUpper!M14 -> -1 | X14: =UnitUpper!E14 -> 1 | Y14: =UnitUpper!F14 -> 10000000 | Z14: 0 | AA14: 0 | AB14: =UnitUpper!AB14 -> 4596 | AC14: =UnitUpper!AE14 -> 23 | AD14: =UnitUpper!AF14 -> 23 | AE14: =UnitUpper!AG14 -> 23 | AF14: =UnitUpper!AH14 -> 23 | AG14: =UnitUpper!Y14 -> 0 | AH14: =UnitUpper!AC14 -> 49 | AI14: 0 | AJ14: 0 | AK14: 0 | AL14: 0 | AM14: 0 | AN14: 0 | AO14: =UnitUpper!L14 -> 48 | AP14: =UnitUpper!N14 -> 2 | AQ14: =UnitUpper!P14 -> -1 | AR14: =UnitUpper!O14 -> 95 | AS14: =UnitUpper!Q14 -> -1 | AT14: 0 | AU14: 0 | AV14: =UnitUpper!AL14 -> 1 | AW14: =UnitUpper!AZ14 -> -1 | AX14: =UnitUpper!BA14 -> 2 | AY14: 0
... A82: =UnitUpper!A82 -> unup080 | B82: =UnitUpper!D82 -> NotUsed | C82: =UnitUpper!B82 -> 3024F | D82: =UnitUpper!C82 -> 100 | E82: 11000000 | F82: 38 | G82: =UnitUpper!AI82 -> 0 | H82: 0 | I82: =UnitUpper!AJ82 -> 0 | J82: =UnitUpper!AK82 -> 1 | K82: 0 | L82: 0 | M82: 0 | N82: 0 | O82: 0 | P82: 0 | Q82: 0 | R82: 0 | S82: 79 | T82: 0 | U82: 0 | V82: 0 | W82: =UnitUpper!M82 -> -1 | X82: =UnitUpper!E82 -> 1 | Y82: =UnitUpper!F82 -> 00010000 | Z82: 0 | AA82: 0 | AB82: =UnitUpper!AB82 -> 0 | AC82: =UnitUpper!AE82 -> 0 | AD82: =UnitUpper!AF82 -> 0 | AE82: =UnitUpper!AG82 -> 0 | AF82: =UnitUpper!AH82 -> 0 | AG82: =UnitUpper!Y82 -> 0 | AH82: =UnitUpper!AC82 -> 49 | AI82: 0 | AJ82: 0 | AK82: 0 | AL82: 0 | AM82: 0 | AN82: 0 | AO82: =UnitUpper!L82 -> 100 | AP82: =UnitUpper!N82 -> 2 | AQ82: =UnitUpper!P82 -> -1 | AR82: =UnitUpper!O82 -> 100 | AS82: =UnitUpper!Q82 -> -1 | AT82: 0 | AU82: 0 | AV82: =UnitUpper!AL82 -> 1 | AW82: =UnitUpper!AZ82 -> -1 | AX82: =UnitUpper!BA82 -> 2 | AY82: 0

Sheet 38desc
A1: dword | B1: text | C1: END
A2: Count | B2: Desc
A3: 0 | B3: Basic upper component for close range type MAU
A4: 1 | B4: Upper Component
A5: 2 | B5: Upper Component
A6: 3 | B6: Upper Component
A7: 4 | B7: Upper Component
A8: 5 | B8: Upper Component
A9: 6 | B9: Upper Component
A10: 7 | B10: Upper Component
A11: 8 | B11: Upper Component
A12: 9 | B12: Upper Component
A13: 10 | B13: Upper Component
A14: 11 | B14: Upper Component
... A82: 79 | B82: Upper Component
