Workbook

Sheet Pai
A1: string[64] | B1: dword | C1: qword | D1: dword | E1: float | F1: float | G1: dword | H1: dword | I1: dword | J1: dword | K1: dword | L1: dword | M1: float | N1: dword | O1: float | P1: float | Q1: dword | R1: dword | S1: dword | T1: dword | U1: dword | V1: dword | W1: dword | X1: string[64] | Y1: dword | Z1: dword | AA1: string[64] | AB1: dword | AC1: string[64] | AD1: dword | AE1: dword | AF1: dword | AG1: dword | AH1: dword | AI1: dword | AJ1: dword | AK1: dword | AL1: dword | AM1: dword | AN1: dword | AO1: dword | AP1: dword | AQ1: dword | AR1: dword | AS1: dword | AT1: dword | AU1: dword | AV1: dword | AW1: END
A2: Code | B2: Level | C2: NeedExp | D2: UseFP | E2: Penalty | F2: AttGap | G2: Attack_DP | H2: AttFcStd | I2: MinAfSelProb | J2: MaxAFSelProb | K2: AttSklUnit | L2: DefSklUnit | M2: WeakPart | N2: StdDefFc | O2: DefGap | P2: DefFacing | Q2: fire | R2: water | S2: soil | T2: wind | U2: ForceLv | V2: ForceMast | W2: ForceAttStd | X2: AttTechID1 | Y2: AttTech1Prob | Z2: AttTech1MotionTime | AA2: PSecTechID | AB2: PSecTechMotionTime | AC2: MSecTechID | AD2: MSeacTechMotionTime | AE2: MaxHP | AF2: HPRecDelay | AG2: HPRecUnit | AH2: MaxFP | AI2: FPRecDelay | AJ2: FPRecUnit | AK2: AttSpd | AL2: AttMoTime1 | AM2: AttMoTime2 | AN2: CrtMoTime | AO2: ViewExt | AP2: RefExt | AQ2: AttExt | AR2: MovSpd | AS2: ScaleRate | AT2: Width | AU2: AttEffType | AV2: DefEffType
A3: 0 | B3: 1 | C3: 200 | D3: 0 | E3: 0.02 | F3: 1 | G3: 0 | H3: 34 | I3: 30 | J3: 50 | K3: 135 | L3: 1 | M3: -1 | N3: 14 | O3: 0.69999999 | P3: 0.078273997 | Q3: 0 | R3: 0 | S3: 0 | T3: 0 | U3: 1 | V3: 1 | W3: 16 | X3: 0 | Y3: 0 | Z3: 1000 | AA3: 0 | AB3: 1000 | AC3: 0 | AD3: 1000 | AE3: 28 | AF3: 2000 | AG3: 5 | AH3: 50 | AI3: 2000 | AJ3: 4 | AK3: 2000 | AL3: 1575 | AM3: 1575 | AN3: 0 | AO3: 340 | AP3: 340 | AQ3: 45 | AR3: 6 | AS3: 100 | AT3: 20 | AU3: 1 | AV3: 512
A4: 0 | B4: 2 | C4: 600 | D4: 0 | E4: 0.02 | F4: 1 | G4: 0 | H4: 35 | I4: 30 | J4: 50 | K4: 137 | L4: 1 | M4: -1 | N4: 21 | O4: 0.69999999 | P4: 0.079306997 | Q4: 0 | R4: 0 | S4: 0 | T4: 0 | U4: 1 | V4: 1 | W4: 16 | X4: 0 | Y4: 0 | Z4: 1000 | AA4: 0 | AB4: 1000 | AC4: 0 | AD4: 1000 | AE4: 36 | AF4: 2000 | AG4: 5 | AH4: 50 | AI4: 2000 | AJ4: 4 | AK4: 2000 | AL4: 1575 | AM4: 1575 | AN4: 0 | AO4: 340 | AP4: 340 | AQ4: 45 | AR4: 6 | AS4: 102 | AT4: 20 | AU4: 1 | AV4: 512
A5: 0 | B5: 3 | C5: 1200 | D5: 0 | E5: 0.02 | F5: 1 | G5: 0 | H5: 37 | I5: 30 | J5: 50 | K5: 139 | L5: 1 | M5: -1 | N5: 23 | O5: 0.69999999 | P5: 0.082814001 | Q5: 0 | R5: 0 | S5: 0 | T5: 0 | U5: 1 | V5: 1 | W5: 16 | X5: 0 | Y5: 0 | Z5: 1000 | AA5: 0 | AB5: 1000 | AC5: 0 | AD5: 1000 | AE5: 48 | AF5: 2000 | AG5: 6 | AH5: 50 | AI5: 2000 | AJ5: 4 | AK5: 2000 | AL5: 1575 | AM5: 1575 | AN5: 0 | AO5: 340 | AP5: 340 | AQ5: 45 | AR5: 6 | AS5: 104 | AT5: 20 | AU5: 1 | AV5: 512
A6: 0 | B6: 4 | C6: 2000 | D6: 0 | E6: 0.02 | F6: 1 | G6: 0 | H6: 42 | I6: 30 | J6: 50 | K6: 141 | L6: 1 | M6: -1 | N6: 23 | O6: 0.69999999 | P6: 0.082640998 | Q6: 0 | R6: 0 | S6: 0 | T6: 0 | U6: 1 | V6: 1 | W6: 16 | X6: 0 | Y6: 0 | Z6: 1000 | AA6: 0 | AB6: 1000 | AC6: 0 | AD6: 1000 | AE6: 52 | AF6: 2000 | AG6: 6 | AH6: 50 | AI6: 2000 | AJ6: 4 | AK6: 2000 | AL6: 1575 | AM6: 1575 | AN6: 0 | AO6: 340 | AP6: 340 | AQ6: 45 | AR6: 6 | AS6: 106 | AT6: 20 | AU6: 1 | AV6: 512
A7: 0 | B7: 5 | C7: 3000 | D7: 0 | E7: 0.02 | F7: 1 | G7: 0 | H7: 50 | I7: 30 | J7: 50 | K7: 160 | L7: 1 | M7: -1 | N7: 28 | O7: 0.69999999 | P7: 0.082736999 | Q7: 0 | R7: 0 | S7: 0 | T7: 0 | U7: 1 | V7: 1 | W7: 16 | X7: 0 | Y7: 0 | Z7: 1000 | AA7: 0 | AB7: 1000 | AC7: 0 | AD7: 1000 | AE7: 68 | AF7: 2000 | AG7: 6 | AH7: 50 | AI7: 2000 | AJ7: 4 | AK7: 2000 | AL7: 1575 | AM7: 1575 | AN7: 0 | AO7: 340 | AP7: 340 | AQ7: 45 | AR7: 6 | AS7: 108 | AT7: 20 | AU7: 1 | AV7: 512
A8: 0 | B8: 6 | C8: 4201 | D8: 0 | E8: 0.02 | F8: 1 | G8: 0 | H8: 53 | I8: 30 | J8: 50 | K8: 162 | L8: 1 | M8: -1 | N8: 31 | O8: 0.69999999 | P8: 0.081169002 | Q8: 0 | R8: 0 | S8: 0 | T8: 0 | U8: 1 | V8: 1 | W8: 16 | X8: 0 | Y8: 0 | Z8: 1000 | AA8: 0 | AB8: 1000 | AC8: 0 | AD8: 1000 | AE8: 80 | AF8: 2000 | AG8: 6 | AH8: 50 | AI8: 2000 | AJ8: 4 | AK8: 2000 | AL8: 1575 | AM8: 1575 | AN8: 0 | AO8: 340 | AP8: 340 | AQ8: 45 | AR8: 6 | AS8: 110 | AT8: 20 | AU8: 1 | AV8: 512
A9: 0 | B9: 7 | C9: 5602 | D9: 0 | E9: 0.02 | F9: 1 | G9: 0 | H9: 59 | I9: 30 | J9: 50 | K9: 164 | L9: 1 | M9: -1 | N9: 35 | O9: 0.69999999 | P9: 0.080023997 | Q9: 0 | R9: 0 | S9: 0 | T9: 0 | U9: 1 | V9: 1 | W9: 16 | X9: 0 | Y9: 0 | Z9: 1000 | AA9: 0 | AB9: 1000 | AC9: 0 | AD9: 1000 | AE9: 84 | AF9: 2000 | AG9: 7 | AH9: 50 | AI9: 2000 | AJ9: 4 | AK9: 2000 | AL9: 1575 | AM9: 1575 | AN9: 0 | AO9: 340 | AP9: 340 | AQ9: 45 | AR9: 6 | AS9: 112 | AT9: 20 | AU9: 1 | AV9: 512
A10: 0 | B10: 8 | C10: 7204 | D10: 0 | E10: 0.02 | F10: 1 | G10: 0 | H10: 66 | I10: 30 | J10: 50 | K10: 166 | L10: 1 | M10: -1 | N10: 43 | O10: 0.69999999 | P10: 0.07784 | Q10: 0 | R10: 0 | S10: 0 | T10: 0 | U10: 1 | V10: 1 | W10: 16 | X10: 0 | Y10: 0 | Z10: 1000 | AA10: 0 | AB10: 1000 | AC10: 0 | AD10: 1000 | AE10: 100 | AF10: 2000 | AG10: 7 | AH10: 50 | AI10: 2000 | AJ10: 4 | AK10: 2000 | AL10: 1575 | AM10: 1575 | AN10: 0 | AO10: 340 | AP10: 340 | AQ10: 45 | AR10: 6 | AS10: 114 | AT10: 20 | AU10: 1 | AV10: 512
A11: 0 | B11: 9 | C11: 9008 | D11: 0 | E11: 0.02 | F11: 1 | G11: 0 | H11: 76 | I11: 30 | J11: 50 | K11: 168 | L11: 1 | M11: -1 | N11: 50 | O11: 0.69999999 | P11: 0.075383998 | Q11: 0 | R11: 0 | S11: 0 | T11: 0 | U11: 1 | V11: 1 | W11: 16 | X11: 0 | Y11: 0 | Z11: 1000 | AA11: 0 | AB11: 1000 | AC11: 0 | AD11: 1000 | AE11: 112 | AF11: 2000 | AG11: 8 | AH11: 50 | AI11: 2000 | AJ11: 4 | AK11: 2000 | AL11: 1575 | AM11: 1575 | AN11: 0 | AO11: 340 | AP11: 340 | AQ11: 45 | AR11: 6 | AS11: 116 | AT11: 20 | AU11: 1 | AV11: 512
A12: 0 | B12: 10 | C12: 11014 | D12: 0 | E12: 0.02 | F12: 1 | G12: 0 | H12: 86 | I12: 30 | J12: 50 | K12: 185 | L12: 1 | M12: -1 | N12: 61 | O12: 0.69999999 | P12: 0.073120996 | Q12: 0 | R12: 0 | S12: 0 | T12: 0 | U12: 1 | V12: 1 | W12: 16 | X12: 0 | Y12: 0 | Z12: 1000 | AA12: 0 | AB12: 1000 | AC12: 0 | AD12: 1000 | AE12: 124 | AF12: 2000 | AG12: 8 | AH12: 50 | AI12: 2000 | AJ12: 4 | AK12: 2000 | AL12: 1575 | AM12: 1575 | AN12: 0 | AO12: 340 | AP12: 340 | AQ12: 45 | AR12: 6 | AS12: 118 | AT12: 20 | AU12: 1 | AV12: 512
A13: 0 | B13: 11 | C13: 13223 | D13: 0 | E13: 0.02 | F13: 1 | G13: 0 | H13: 97 | I13: 30 | J13: 50 | K13: 187 | L13: 1 | M13: -1 | N13: 70 | O13: 0.69999999 | P13: 0.070991002 | Q13: 0 | R13: 0 | S13: 0 | T13: 0 | U13: 1 | V13: 1 | W13: 16 | X13: 0 | Y13: 0 | Z13: 1000 | AA13: 0 | AB13: 1000 | AC13: 0 | AD13: 1000 | AE13: 132 | AF13: 2000 | AG13: 9 | AH13: 50 | AI13: 2000 | AJ13: 4 | AK13: 2000 | AL13: 1575 | AM13: 1575 | AN13: 0 | AO13: 340 | AP13: 340 | AQ13: 45 | AR13: 6 | AS13: 120 | AT13: 20 | AU13: 1 | AV13: 512
A14: 0 | B14: 12 | C14: 15638 | D14: 0 | E14: 0.02 | F14: 1 | G14: 0 | H14: 108 | I14: 30 | J14: 50 | K14: 189 | L14: 1 | M14: -1 | N14: 84 | O14: 0.69999999 | P14: 0.069271997 | Q14: 0 | R14: 0 | S14: 0 | T14: 0 | U14: 1 | V14: 1 | W14: 16 | X14: 0 | Y14: 0 | Z14: 1000 | AA14: 0 | AB14: 1000 | AC14: 0 | AD14: 1000 | AE14: 160 | AF14: 2000 | AG14: 9 | AH14: 50 | AI14: 2000 | AJ14: 4 | AK14: 2000 | AL14: 1575 | AM14: 1575 | AN14: 0 | AO14: 340 | AP14: 340 | AQ14: 45 | AR14: 6 | AS14: 122 | AT14: 20 | AU14: 1 | AV14: 512
... A77: 0 | B77: 75 | C77: 7.0665409e+15 | D77: 134 | E77: 0.02 | F77: 1 | G77: 0 | H77: 13152 | I77: 30 | J77: 50 | K77: 255 | L77: 1 | M77: -1 | N77: 80000 | O77: 0.69999999 | P77: 0.0035610001 | Q77: 0 | R77: 0 | S77: 0 | T77: 0 | U77: 1 | V77: 1 | W77: 16 | X77: 0 | Y77: 0 | Z77: 1000 | AA77: 0 | AB77: 1000 | AC77: 0 | AD77: 1000 | AE77: 60000 | AF77: 2000 | AG77: 111 | AH77: 50 | AI77: 2000 | AJ77: 4 | AK77: 2000 | AL77: 1575 | AM77: 1575 | AN77: 0 | AO77: 340 | AP77: 340 | AQ77: 45 | AR77: 6 | AS77: 270 | AT77: 20 | AU77: 1 | AV77: 512

Sheet Hec
A1: string[64] | B1: dword | C1: qword | D1: dword | E1: float | F1: float | G1: dword | H1: dword | I1: dword | J1: dword | K1: dword | L1: dword | M1: float | N1: dword | O1: float | P1: float | Q1: dword | R1: dword | S1: dword | T1: dword | U1: dword | V1: dword | W1: dword | X1: string[64] | Y1: dword | Z1: dword | AA1: string[64] | AB1: dword | AC1: string[64] | AD1: dword | AE1: dword | AF1: dword | AG1: dword | AH1: dword | AI1: dword | AJ1: dword | AK1: dword | AL1: dword | AM1: dword | AN1: dword | AO1: dword | AP1: dword | AQ1: dword | AR1: dword | AS1: dword | AT1: dword | AU1: dword | AV1: dword | AW1: END
A2: Code | B2: Level | C2: NeedExp | D2: UseFP | E2: Penalty | F2: AttGap | G2: Attack_DP | H2: AttFcStd | I2: MinAfSelProb | J2: MaxAFSelProb | K2: AttSklUnit | L2: DefSklUnit | M2: WeakPart | N2: StdDefFc | O2: DefGap | P2: DefFacing | Q2: fire | R2: water | S2: soil | T2: wind | U2: ForceLv | V2: ForceMast | W2: ForceAttStd | X2: AttTechID1 | Y2: AttTech1Prob | Z2: AttTech1MotionTime | AA2: PSecTechID | AB2: PSecTechMotionTime | AC2: MSecTechID | AD2: MSeacTechMotionTime | AE2: MaxHP | AF2: HPRecDelay | AG2: HPRecUnit | AH2: MaxFP | AI2: FPRecDelay | AJ2: FPRecUnit | AK2: AttSpd | AL2: AttMoTime1 | AM2: AttMoTime2 | AN2: CrtMoTime | AO2: ViewExt | AP2: RefExt | AQ2: AttExt | AR2: MovSpd | AS2: ScaleRate | AT2: Width | AU2: AttEffType | AV2: DefEffType
A3: 0 | B3: 1 | C3: 200 | D3: 0 | E3: 0.02 | F3: 1 | G3: 0 | H3: 1 | I3: 37 | J3: 50 | K3: 95 | L3: 3 | M3: -1 | N3: 10 | O3: 0.57499999 | P3: 0.74255002 | Q3: 10 | R3: 10 | S3: 10 | T3: 10 | U3: 1 | V3: 1 | W3: 16 | X3: 0 | Y3: 0 | Z3: 1000 | AA3: 0 | AB3: 1000 | AC3: 0 | AD3: 1000 | AE3: 70 | AF3: 2000 | AG3: 12 | AH3: 50 | AI3: 2000 | AJ3: 4 | AK3: 900 | AL3: 900 | AM3: 900 | AN3: 0 | AO3: 340 | AP3: 340 | AQ3: 225 | AR3: 6 | AS3: 100 | AT3: 20 | AU3: 10 | AV3: 273
A4: 0 | B4: 2 | C4: 600 | D4: 0 | E4: 0.02 | F4: 1 | G4: 0 | H4: 1 | I4: 34 | J4: 45 | K4: 97 | L4: 3 | M4: -1 | N4: 12 | O4: 0.57499999 | P4: 0.79121798 | Q4: 10 | R4: 10 | S4: 10 | T4: 10 | U4: 1 | V4: 1 | W4: 16 | X4: 0 | Y4: 0 | Z4: 1000 | AA4: 0 | AB4: 1000 | AC4: 0 | AD4: 1000 | AE4: 90 | AF4: 2000 | AG4: 12 | AH4: 50 | AI4: 2000 | AJ4: 4 | AK4: 900 | AL4: 900 | AM4: 900 | AN4: 0 | AO4: 340 | AP4: 340 | AQ4: 225 | AR4: 6 | AS4: 100 | AT4: 20 | AU4: 10 | AV4: 273
A5: 0 | B5: 3 | C5: 1200 | D5: 0 | E5: 0.02 | F5: 1 | G5: 0 | H5: 1 | I5: 32 | J5: 43 | K5: 99 | L5: 3 | M5: -1 | N5: 16 | O5: 0.57499999 | P5: 0.773498 | Q5: 10 | R5: 10 | S5: 10 | T5: 10 | U5: 1 | V5: 1 | W5: 16 | X5: 0 | Y5: 0 | Z5: 1000 | AA5: 0 | AB5: 1000 | AC5: 0 | AD5: 1000 | AE5: 120 | AF5: 2000 | AG5: 14 | AH5: 50 | AI5: 2000 | AJ5: 4 | AK5: 900 | AL5: 900 | AM5: 900 | AN5: 0 | AO5: 340 | AP5: 340 | AQ5: 225 | AR5: 6 | AS5: 100 | AT5: 20 | AU5: 10 | AV5: 273
A6: 0 | B6: 4 | C6: 2000 | D6: 0 | E6: 0.02 | F6: 1 | G6: 0 | H6: 1 | I6: 30 | J6: 41 | K6: 101 | L6: 6 | M6: -1 | N6: 18 | O6: 0.57499999 | P6: 0.80910701 | Q6: 10 | R6: 10 | S6: 10 | T6: 10 | U6: 1 | V6: 1 | W6: 16 | X6: 0 | Y6: 0 | Z6: 1000 | AA6: 0 | AB6: 1000 | AC6: 0 | AD6: 1000 | AE6: 130 | AF6: 2000 | AG6: 14 | AH6: 50 | AI6: 2000 | AJ6: 4 | AK6: 900 | AL6: 900 | AM6: 900 | AN6: 0 | AO6: 340 | AP6: 340 | AQ6: 225 | AR6: 6 | AS6: 100 | AT6: 20 | AU6: 10 | AV6: 273
A7: 0 | B7: 5 | C7: 3000 | D7: 0 | E7: 0.02 | F7: 1 | G7: 0 | H7: 1 | I7: 30 | J7: 40 | K7: 120 | L7: 9 | M7: -1 | N7: 22 | O7: 0.57499999 | P7: 0.81847501 | Q7: 10 | R7: 10 | S7: 10 | T7: 10 | U7: 1 | V7: 1 | W7: 16 | X7: 0 | Y7: 0 | Z7: 1000 | AA7: 0 | AB7: 1000 | AC7: 0 | AD7: 1000 | AE7: 170 | AF7: 2000 | AG7: 16 | AH7: 50 | AI7: 2000 | AJ7: 4 | AK7: 900 | AL7: 900 | AM7: 900 | AN7: 0 | AO7: 340 | AP7: 340 | AQ7: 225 | AR7: 6 | AS7: 100 | AT7: 20 | AU7: 10 | AV7: 273
A8: 0 | B8: 6 | C8: 4201 | D8: 0 | E8: 0.02 | F8: 1 | G8: 0 | H8: 1 | I8: 29 | J8: 38 | K8: 122 | L8: 9 | M8: -1 | N8: 22 | O8: 0.57499999 | P8: 0.85005099 | Q8: 10 | R8: 10 | S8: 10 | T8: 10 | U8: 1 | V8: 1 | W8: 16 | X8: 0 | Y8: 0 | Z8: 1000 | AA8: 0 | AB8: 1000 | AC8: 0 | AD8: 1000 | AE8: 200 | AF8: 2000 | AG8: 16 | AH8: 50 | AI8: 2000 | AJ8: 4 | AK8: 900 | AL8: 900 | AM8: 900 | AN8: 0 | AO8: 340 | AP8: 340 | AQ8: 225 | AR8: 6 | AS8: 100 | AT8: 20 | AU8: 10 | AV8: 273
A9: 0 | B9: 7 | C9: 5602 | D9: 0 | E9: 0.02 | F9: 1 | G9: 0 | H9: 1 | I9: 28 | J9: 38 | K9: 124 | L9: 12 | M9: -1 | N9: 26 | O9: 0.57499999 | P9: 0.84850597 | Q9: 10 | R9: 10 | S9: 10 | T9: 10 | U9: 1 | V9: 1 | W9: 16 | X9: 0 | Y9: 0 | Z9: 1000 | AA9: 0 | AB9: 1000 | AC9: 0 | AD9: 1000 | AE9: 210 | AF9: 2000 | AG9: 18 | AH9: 50 | AI9: 2000 | AJ9: 4 | AK9: 900 | AL9: 900 | AM9: 900 | AN9: 0 | AO9: 340 | AP9: 340 | AQ9: 225 | AR9: 6 | AS9: 100 | AT9: 20 | AU9: 10 | AV9: 273
A10: 0 | B10: 8 | C10: 7204 | D10: 0 | E10: 0.02 | F10: 1 | G10: 0 | H10: 1 | I10: 28 | J10: 37 | K10: 126 | L10: 12 | M10: -1 | N10: 30 | O10: 0.57499999 | P10: 0.84936303 | Q10: 10 | R10: 10 | S10: 10 | T10: 10 | U10: 1 | V10: 1 | W10: 16 | X10: 0 | Y10: 0 | Z10: 1000 | AA10: 0 | AB10: 1000 | AC10: 0 | AD10: 1000 | AE10: 250 | AF10: 2000 | AG10: 18 | AH10: 50 | AI10: 2000 | AJ10: 4 | AK10: 900 | AL10: 900 | AM10: 900 | AN10: 0 | AO10: 340 | AP10: 340 | AQ10: 225 | AR10: 6 | AS10: 100 | AT10: 20 | AU10: 10 | AV10: 273
A11: 0 | B11: 9 | C11: 9008 | D11: 0 | E11: 0.02 | F11: 1 | G11: 0 | H11: 1 | I11: 27 | J11: 36 | K11: 128 | L11: 12 | M11: -1 | N11: 38 | O11: 0.57499999 | P11: 0.83528602 | Q11: 10 | R11: 10 | S11: 10 | T11: 10 | U11: 1 | V11: 1 | W11: 16 | X11: 0 | Y11: 0 | Z11: 1000 | AA11: 0 | AB11: 1000 | AC11: 0 | AD11: 1000 | AE11: 280 | AF11: 2000 | AG11: 20 | AH11: 50 | AI11: 2000 | AJ11: 4 | AK11: 900 | AL11: 900 | AM11: 900 | AN11: 0 | AO11: 340 | AP11: 340 | AQ11: 225 | AR11: 6 | AS11: 100 | AT11: 20 | AU11: 10 | AV11: 273
A12: 0 | B12: 10 | C12: 11014 | D12: 0 | E12: 0.02 | F12: 1 | G12: 0 | H12: 1 | I12: 27 | J12: 36 | K12: 145 | L12: 15 | M12: -1 | N12: 46 | O12: 0.57499999 | P12: 0.82496297 | Q12: 10 | R12: 10 | S12: 10 | T12: 10 | U12: 1 | V12: 1 | W12: 16 | X12: 0 | Y12: 0 | Z12: 1000 | AA12: 0 | AB12: 1000 | AC12: 0 | AD12: 1000 | AE12: 310 | AF12: 2000 | AG12: 20 | AH12: 50 | AI12: 2000 | AJ12: 4 | AK12: 900 | AL12: 900 | AM12: 900 | AN12: 0 | AO12: 340 | AP12: 340 | AQ12: 225 | AR12: 6 | AS12: 100 | AT12: 20 | AU12: 10 | AV12: 273
A13: 0 | B13: 11 | C13: 13223 | D13: 0 | E13: 0.02 | F13: 1 | G13: 0 | H13: 1 | I13: 26 | J13: 35 | K13: 147 | L13: 15 | M13: -1 | N13: 58 | O13: 0.57499999 | P13: 0.80516201 | Q13: 10 | R13: 10 | S13: 10 | T13: 10 | U13: 1 | V13: 1 | W13: 16 | X13: 0 | Y13: 0 | Z13: 1000 | AA13: 0 | AB13: 1000 | AC13: 0 | AD13: 1000 | AE13: 330 | AF13: 2000 | AG13: 22 | AH13: 50 | AI13: 2000 | AJ13: 4 | AK13: 900 | AL13: 900 | AM13: 900 | AN13: 0 | AO13: 340 | AP13: 340 | AQ13: 225 | AR13: 6 | AS13: 100 | AT13: 20 | AU13: 10 | AV13: 273
A14: 0 | B14: 12 | C14: 15638 | D14: 0 | E14: 0.02 | F14: 1 | G14: 0 | H14: 1 | I14: 26 | J14: 35 | K14: 149 | L14: 18 | M14: -1 | N14: 72 | O14: 0.57499999 | P14: 0.78274101 | Q14: 10 | R14: 10 | S14: 10 | T14: 10 | U14: 1 | V14: 1 | W14: 16 | X14: 0 | Y14: 0 | Z14: 1000 | AA14: 0 | AB14: 1000 | AC14: 0 | AD14: 1000 | AE14: 400 | AF14: 2000 | AG14: 22 | AH14: 50 | AI14: 2000 | AJ14: 4 | AK14: 900 | AL14: 900 | AM14: 900 | AN14: 0 | AO14: 340 | AP14: 340 | AQ14: 225 | AR14: 6 | AS14: 100 | AT14: 20 | AU14: 10 | AV14: 273
... A77: 0 | B77: 75 | C77: 7.0006654e+17 | D77: 134 | E77: 0.02 | F77: 1 | G77: 0 | H77: 1 | I77: 4 | J77: 6 | K77: 255 | L77: 743 | M77: -1 | N77: 7883 | O77: 0.57499999 | P77: 0.048413999 | Q77: 10 | R77: 10 | S77: 10 | T77: 10 | U77: 1 | V77: 1 | W77: 16 | X77: 0 | Y77: 0 | Z77: 1000 | AA77: 0 | AB77: 1000 | AC77: 0 | AD77: 1000 | AE77: 60000 | AF77: 2000 | AG77: 74 | AH77: 50 | AI77: 2000 | AJ77: 4 | AK77: 900 | AL77: 900 | AM77: 900 | AN77: 0 | AO77: 340 | AP77: 340 | AQ77: 230 | AR77: 6 | AS77: 100 | AT77: 20 | AU77: 10 | AV77: 273

Sheet Ina
A1: string[64] | B1: dword | C1: qword | D1: dword | E1: float | F1: float | G1: dword | H1: dword | I1: dword | J1: dword | K1: dword | L1: dword | M1: float | N1: dword | O1: float | P1: float | Q1: dword | R1: dword | S1: dword | T1: dword | U1: dword | V1: dword | W1: dword | X1: string[64] | Y1: dword | Z1: dword | AA1: string[64] | AB1: dword | AC1: string[64] | AD1: dword | AE1: dword | AF1: dword | AG1: dword | AH1: dword | AI1: dword | AJ1: dword | AK1: dword | AL1: dword | AM1: dword | AN1: dword | AO1: dword | AP1: dword | AQ1: dword | AR1: dword | AS1: dword | AT1: dword | AU1: dword | AV1: dword | AW1: END
A2: Code | B2: Level | C2: NeedExp | D2: UseFP | E2: Penalty | F2: AttGap | G2: Attack_DP | H2: AttFcStd | I2: MinAfSelProb | J2: MaxAFSelProb | K2: AttSklUnit | L2: DefSklUnit | M2: WeakPart | N2: StdDefFc | O2: DefGap | P2: DefFacing | Q2: fire | R2: water | S2: soil | T2: wind | U2: ForceLv | V2: ForceMast | W2: ForceAttStd | X2: AttTechID1 | Y2: AttTech1Prob | Z2: AttTech1MotionTime | AA2: PSecTechID | AB2: PSecTechMotionTime | AC2: MSecTechID | AD2: MSeacTechMotionTime | AE2: MaxHP | AF2: HPRecDelay | AG2: HPRecUnit | AH2: MaxFP | AI2: FPRecDelay | AJ2: FPRecUnit | AK2: AttSpd | AL2: AttMoTime1 | AM2: AttMoTime2 | AN2: CrtMoTime | AO2: ViewExt | AP2: RefExt | AQ2: AttExt | AR2: MovSpd | AS2: ScaleRate | AT2: Width | AU2: AttEffType | AV2: DefEffType
A3: 0 | B3: 1 | C3: 2160 | D3: 0 | E3: 0.02 | F3: 1 | G3: 0 | H3: 27 | I3: 50 | J3: 50 | K3: 1 | L3: 1 | M3: -1 | N3: 10 | O3: 0.57499999 | P3: 0.74255002 | Q3: 0 | R3: 0 | S3: 0 | T3: 0 | U3: 1 | V3: 1 | W3: 16 | X3: 0 | Y3: 0 | Z3: 1000 | AA3: 0 | AB3: 1000 | AC3: 0 | AD3: 1000 | AE3: 70 | AF3: 2000 | AG3: 12 | AH3: 50 | AI3: 2000 | AJ3: 4 | AK3: 1575 | AL3: 1575 | AM3: 1575 | AN3: 0 | AO3: 340 | AP3: 340 | AQ3: 225 | AR3: 6 | AS3: 70 | AT3: 20 | AU3: 0 | AV3: 1041
A4: 0 | B4: 2 | C4: 4752 | D4: 0 | E4: 0.02 | F4: 1 | G4: 0 | H4: 32 | I4: 50 | J4: 50 | K4: 1 | L4: 2 | M4: -1 | N4: 12 | O4: 0.57499999 | P4: 0.79121798 | Q4: 0 | R4: 0 | S4: 0 | T4: 0 | U4: 1 | V4: 1 | W4: 16 | X4: 0 | Y4: 0 | Z4: 1000 | AA4: 0 | AB4: 1000 | AC4: 0 | AD4: 1000 | AE4: 90 | AF4: 2000 | AG4: 12 | AH4: 50 | AI4: 2000 | AJ4: 4 | AK4: 1575 | AL4: 1575 | AM4: 1575 | AN4: 0 | AO4: 340 | AP4: 340 | AQ4: 225 | AR4: 6 | AS4: 70 | AT4: 20 | AU4: 0 | AV4: 1041
A5: 0 | B5: 3 | C5: 8682 | D5: 0 | E5: 0.02 | F5: 1 | G5: 0 | H5: 39 | I5: 50 | J5: 50 | K5: 1 | L5: 3 | M5: -1 | N5: 16 | O5: 0.57499999 | P5: 0.773498 | Q5: 0 | R5: 0 | S5: 0 | T5: 0 | U5: 1 | V5: 1 | W5: 16 | X5: 0 | Y5: 0 | Z5: 1000 | AA5: 0 | AB5: 1000 | AC5: 0 | AD5: 1000 | AE5: 120 | AF5: 2000 | AG5: 14 | AH5: 50 | AI5: 2000 | AJ5: 4 | AK5: 1575 | AL5: 1575 | AM5: 1575 | AN5: 0 | AO5: 340 | AP5: 340 | AQ5: 225 | AR5: 6 | AS5: 70 | AT5: 20 | AU5: 0 | AV5: 1041
A6: 0 | B6: 4 | C6: 14046 | D6: 0 | E6: 0.02 | F6: 1 | G6: 0 | H6: 45 | I6: 50 | J6: 50 | K6: 2 | L6: 4 | M6: -1 | N6: 18 | O6: 0.57499999 | P6: 0.80910701 | Q6: 0 | R6: 0 | S6: 0 | T6: 0 | U6: 1 | V6: 1 | W6: 16 | X6: 0 | Y6: 0 | Z6: 1000 | AA6: 0 | AB6: 1000 | AC6: 0 | AD6: 1000 | AE6: 130 | AF6: 2000 | AG6: 14 | AH6: 50 | AI6: 2000 | AJ6: 4 | AK6: 1575 | AL6: 1575 | AM6: 1575 | AN6: 0 | AO6: 340 | AP6: 340 | AQ6: 225 | AR6: 6 | AS6: 70 | AT6: 20 | AU6: 0 | AV6: 1041
A7: 0 | B7: 5 | C7: 21606 | D7: 0 | E7: 0.02 | F7: 1 | G7: 0 | H7: 54 | I7: 50 | J7: 50 | K7: 3 | L7: 10 | M7: -1 | N7: 22 | O7: 0.57499999 | P7: 0.81847501 | Q7: 0 | R7: 0 | S7: 0 | T7: 0 | U7: 1 | V7: 1 | W7: 16 | X7: 0 | Y7: 0 | Z7: 1000 | AA7: 0 | AB7: 1000 | AC7: 0 | AD7: 1000 | AE7: 170 | AF7: 2000 | AG7: 16 | AH7: 50 | AI7: 2000 | AJ7: 4 | AK7: 1575 | AL7: 1575 | AM7: 1575 | AN7: 0 | AO7: 340 | AP7: 340 | AQ7: 225 | AR7: 6 | AS7: 70 | AT7: 20 | AU7: 0 | AV7: 1041
A8: 0 | B8: 6 | C8: 31214 | D8: 0 | E8: 0.02 | F8: 1 | G8: 0 | H8: 60 | I8: 50 | J8: 50 | K8: 4 | L8: 11 | M8: -1 | N8: 22 | O8: 0.57499999 | P8: 0.85005099 | Q8: 0 | R8: 0 | S8: 0 | T8: 0 | U8: 1 | V8: 1 | W8: 16 | X8: 0 | Y8: 0 | Z8: 1000 | AA8: 0 | AB8: 1000 | AC8: 0 | AD8: 1000 | AE8: 200 | AF8: 2000 | AG8: 16 | AH8: 50 | AI8: 2000 | AJ8: 4 | AK8: 1575 | AL8: 1575 | AM8: 1575 | AN8: 0 | AO8: 340 | AP8: 340 | AQ8: 225 | AR8: 6 | AS8: 70 | AT8: 20 | AU8: 0 | AV8: 1041
A9: 0 | B9: 7 | C9: 43102 | D9: 0 | E9: 0.02 | F9: 1 | G9: 0 | H9: 66 | I9: 50 | J9: 50 | K9: 4 | L9: 12 | M9: -1 | N9: 26 | O9: 0.57499999 | P9: 0.84850597 | Q9: 0 | R9: 0 | S9: 0 | T9: 0 | U9: 1 | V9: 1 | W9: 16 | X9: 0 | Y9: 0 | Z9: 1000 | AA9: 0 | AB9: 1000 | AC9: 0 | AD9: 1000 | AE9: 210 | AF9: 2000 | AG9: 18 | AH9: 50 | AI9: 2000 | AJ9: 4 | AK9: 1575 | AL9: 1575 | AM9: 1575 | AN9: 0 | AO9: 340 | AP9: 340 | AQ9: 225 | AR9: 6 | AS9: 70 | AT9: 20 | AU9: 0 | AV9: 1041
A10: 0 | B10: 8 | C10: 58601 | D10: 0 | E10: 0.02 | F10: 1 | G10: 0 | H10: 77 | I10: 50 | J10: 50 | K10: 4 | L10: 13 | M10: -1 | N10: 30 | O10: 0.57499999 | P10: 0.84936303 | Q10: 0 | R10: 0 | S10: 0 | T10: 0 | U10: 1 | V10: 1 | W10: 16 | X10: 0 | Y10: 0 | Z10: 1000 | AA10: 0 | AB10: 1000 | AC10: 0 | AD10: 1000 | AE10: 250 | AF10: 2000 | AG10: 18 | AH10: 50 | AI10: 2000 | AJ10: 4 | AK10: 1575 | AL10: 1575 | AM10: 1575 | AN10: 0 | AO10: 340 | AP10: 340 | AQ10: 225 | AR10: 6 | AS10: 70 | AT10: 20 | AU10: 0 | AV10: 1041
A11: 0 | B11: 9 | C11: 77188 | D11: 0 | E11: 0.02 | F11: 1 | G11: 0 | H11: 84 | I11: 50 | J11: 50 | K11: 5 | L11: 14 | M11: -1 | N11: 38 | O11: 0.57499999 | P11: 0.83528602 | Q11: 0 | R11: 0 | S11: 0 | T11: 0 | U11: 1 | V11: 1 | W11: 16 | X11: 0 | Y11: 0 | Z11: 1000 | AA11: 0 | AB11: 1000 | AC11: 0 | AD11: 1000 | AE11: 280 | AF11: 2000 | AG11: 20 | AH11: 50 | AI11: 2000 | AJ11: 4 | AK11: 1575 | AL11: 1575 | AM11: 1575 | AN11: 0 | AO11: 340 | AP11: 340 | AQ11: 225 | AR11: 6 | AS11: 70 | AT11: 20 | AU11: 0 | AV11: 1041
A12: 0 | B12: 10 | C12: 100585 | D12: 0 | E12: 0.02 | F12: 1 | G12: 0 | H12: 97 | I12: 50 | J12: 50 | K12: 5 | L12: 20 | M12: -1 | N12: 46 | O12: 0.57499999 | P12: 0.82496297 | Q12: 0 | R12: 0 | S12: 0 | T12: 0 | U12: 1 | V12: 1 | W12: 16 | X12: 0 | Y12: 0 | Z12: 1000 | AA12: 0 | AB12: 1000 | AC12: 0 | AD12: 1000 | AE12: 310 | AF12: 2000 | AG12: 20 | AH12: 50 | AI12: 2000 | AJ12: 4 | AK12: 1575 | AL12: 1575 | AM12: 1575 | AN12: 0 | AO12: 340 | AP12: 340 | AQ12: 225 | AR12: 6 | AS12: 70 | AT12: 20 | AU12: 0 | AV12: 1041
A13: 0 | B13: 11 | C13: 127918 | D13: 0 | E13: 0.02 | F13: 1 | G13: 0 | H13: 105 | I13: 50 | J13: 50 | K13: 6 | L13: 21 | M13: -1 | N13: 58 | O13: 0.57499999 | P13: 0.80516201 | Q13: 0 | R13: 0 | S13: 0 | T13: 0 | U13: 1 | V13: 1 | W13: 16 | X13: 0 | Y13: 0 | Z13: 1000 | AA13: 0 | AB13: 1000 | AC13: 0 | AD13: 1000 | AE13: 330 | AF13: 2000 | AG13: 22 | AH13: 50 | AI13: 2000 | AJ13: 4 | AK13: 1575 | AL13: 1575 | AM13: 1575 | AN13: 0 | AO13: 340 | AP13: 340 | AQ13: 225 | AR13: 6 | AS13: 70 | AT13: 20 | AU13: 0 | AV13: 1041
A14: 0 | B14: 12 | C14: 161474 | D14: 0 | E14: 0.02 | F14: 1 | G14: 0 | H14: 119 | I14: 50 | J14: 50 | K14: 6 | L14: 22 | M14: -1 | N14: 72 | O14: 0.57499999 | P14: 0.78274101 | Q14: 0 | R14: 0 | S14: 0 | T14: 0 | U14: 1 | V14: 1 | W14: 16 | X14: 0 | Y14: 0 | Z14: 1000 | AA14: 0 | AB14: 1000 | AC14: 0 | AD14: 1000 | AE14: 400 | AF14: 2000 | AG14: 22 | AH14: 50 | AI14: 2000 | AJ14: 4 | AK14: 1575 | AL14: 1575 | AM14: 1575 | AN14: 0 | AO14: 340 | AP14: 340 | AQ14: 225 | AR14: 6 | AS14: 70 | AT14: 20 | AU14: 0 | AV14: 1041
... A77: 0 | B77: 75 | C77: 7.0665409e+15 | D77: 134 | E77: 0.02 | F77: 1 | G77: 0 | H77: 4500 | I77: 50 | J77: 50 | K77: 99 | L77: 150 | M77: -1 | N77: 7883 | O77: 0.57499999 | P77: 0.048413999 | Q77: 0 | R77: 0 | S77: 0 | T77: 0 | U77: 1 | V77: 1 | W77: 16 | X77: 0 | Y77: 0 | Z77: 1000 | AA77: 0 | AB77: 1000 | AC77: 0 | AD77: 1000 | AE77: 60000 | AF77: 2000 | AG77: 74 | AH77: 50 | AI77: 2000 | AJ77: 4 | AK77: 1400 | AL77: 1575 | AM77: 1575 | AN77: 0 | AO77: 340 | AP77: 340 | AQ77: 225 | AR77: 6 | AS77: 70 | AT77: 20 | AU77: 0 | AV77: 1041

Sheet Isi
A1: string[64] | B1: dword | C1: qword | D1: dword | E1: float | F1: float | G1: dword | H1: dword | I1: dword | J1: dword | K1: dword | L1: dword | M1: float | N1: dword | O1: float | P1: float | Q1: dword | R1: dword | S1: dword | T1: dword | U1: dword | V1: dword | W1: dword | X1: string[64] | Y1: dword | Z1: dword | AA1: string[64] | AB1: dword | AC1: string[64] | AD1: dword | AE1: dword | AF1: dword | AG1: dword | AH1: dword | AI1: dword | AJ1: dword | AK1: dword | AL1: dword | AM1: dword | AN1: dword | AO1: dword | AP1: dword | AQ1: dword | AR1: dword | AS1: dword | AT1: dword | AU1: dword | AV1: dword | AW1: END
A2: Code | B2: Level | C2: NeedExp | D2: UseFP | E2: Penalty | F2: AttGap | G2: Attack_DP | H2: AttFcStd | I2: MinAfSelProb | J2: MaxAFSelProb | K2: AttSklUnit | L2: DefSklUnit | M2: WeakPart | N2: StdDefFc | O2: DefGap | P2: DefFacing | Q2: fire | R2: water | S2: soil | T2: wind | U2: ForceLv | V2: ForceMast | W2: ForceAttStd | X2: AttTechID1 | Y2: AttTech1Prob | Z2: AttTech1MotionTime | AA2: PSecTechID | AB2: PSecTechMotionTime | AC2: MSecTechID | AD2: MSeacTechMotionTime | AE2: MaxHP | AF2: HPRecDelay | AG2: HPRecUnit | AH2: MaxFP | AI2: FPRecDelay | AJ2: FPRecUnit | AK2: AttSpd | AL2: AttMoTime1 | AM2: AttMoTime2 | AN2: CrtMoTime | AO2: ViewExt | AP2: RefExt | AQ2: AttExt | AR2: MovSpd | AS2: ScaleRate | AT2: Width | AU2: AttEffType | AV2: DefEffType
A3: 0 | B3: 1 | C3: 200 | D3: 0 | E3: 0.02 | F3: 0.5 | G3: 0 | H3: 150 | I3: 40 | J3: 60 | K3: 175 | L3: 1 | M3: -1 | N3: 5 | O3: 0.5 | P3: 0.71028 | Q3: 50 | R3: 50 | S3: 50 | T3: 50 | U3: 1 | V3: 1 | W3: 16 | X3: 0 | Y3: 0 | Z3: 1000 | AA3: 0 | AB3: 1000 | AC3: 0 | AD3: 1000 | AE3: 70 | AF3: 2000 | AG3: 12 | AH3: 50 | AI3: 2000 | AJ3: 4 | AK3: 1800 | AL3: 1575 | AM3: 1575 | AN3: 0 | AO3: 300 | AP3: 300 | AQ3: 300 | AR3: 6 | AS3: 100 | AT3: 20 | AU3: 1 | AV3: 7
A4: 0 | B4: 2 | C4: 600 | D4: 0 | E4: 0.02 | F4: 0.5 | G4: 0 | H4: 172 | I4: 40 | J4: 60 | K4: 177 | L4: 1 | M4: -1 | N4: 6 | O4: 0.5 | P4: 0.76310301 | Q4: 50 | R4: 50 | S4: 50 | T4: 50 | U4: 1 | V4: 1 | W4: 16 | X4: 0 | Y4: 0 | Z4: 1000 | AA4: 0 | AB4: 1000 | AC4: 0 | AD4: 1000 | AE4: 90 | AF4: 2000 | AG4: 12 | AH4: 50 | AI4: 2000 | AJ4: 4 | AK4: 1800 | AL4: 1575 | AM4: 1575 | AN4: 0 | AO4: 300 | AP4: 300 | AQ4: 300 | AR4: 6 | AS4: 100 | AT4: 20 | AU4: 1 | AV4: 7
A5: 0 | B5: 3 | C5: 1200 | D5: 0 | E5: 0.02 | F5: 0.5 | G5: 0 | H5: 199 | I5: 40 | J5: 60 | K5: 179 | L5: 1 | M5: -1 | N5: 8 | O5: 0.5 | P5: 0.74376899 | Q5: 50 | R5: 50 | S5: 50 | T5: 50 | U5: 1 | V5: 1 | W5: 16 | X5: 0 | Y5: 0 | Z5: 1000 | AA5: 0 | AB5: 1000 | AC5: 0 | AD5: 1000 | AE5: 120 | AF5: 2000 | AG5: 14 | AH5: 50 | AI5: 2000 | AJ5: 4 | AK5: 1800 | AL5: 1575 | AM5: 1575 | AN5: 0 | AO5: 300 | AP5: 300 | AQ5: 300 | AR5: 6 | AS5: 100 | AT5: 20 | AU5: 1 | AV5: 7
A6: 0 | B6: 4 | C6: 2000 | D6: 0 | E6: 0.02 | F6: 0.5 | G6: 0 | H6: 241 | I6: 40 | J6: 60 | K6: 181 | L6: 2 | M6: -1 | N6: 9 | O6: 0.5 | P6: 0.78273898 | Q6: 50 | R6: 50 | S6: 50 | T6: 50 | U6: 1 | V6: 1 | W6: 16 | X6: 0 | Y6: 0 | Z6: 1000 | AA6: 0 | AB6: 1000 | AC6: 0 | AD6: 1000 | AE6: 130 | AF6: 2000 | AG6: 14 | AH6: 50 | AI6: 2000 | AJ6: 4 | AK6: 1800 | AL6: 1575 | AM6: 1575 | AN6: 0 | AO6: 300 | AP6: 300 | AQ6: 300 | AR6: 6 | AS6: 100 | AT6: 20 | AU6: 1 | AV6: 7
A7: 0 | B7: 5 | C7: 3000 | D7: 0 | E7: 0.02 | F7: 0.5 | G7: 0 | H7: 298 | I7: 40 | J7: 60 | K7: 200 | L7: 3 | M7: -1 | N7: 11 | O7: 0.5 | P7: 0.79307002 | Q7: 50 | R7: 50 | S7: 50 | T7: 50 | U7: 1 | V7: 1 | W7: 16 | X7: 0 | Y7: 0 | Z7: 1000 | AA7: 0 | AB7: 1000 | AC7: 0 | AD7: 1000 | AE7: 170 | AF7: 2000 | AG7: 16 | AH7: 50 | AI7: 2000 | AJ7: 4 | AK7: 1800 | AL7: 1575 | AM7: 1575 | AN7: 0 | AO7: 300 | AP7: 300 | AQ7: 300 | AR7: 6 | AS7: 100 | AT7: 20 | AU7: 1 | AV7: 7
A8: 0 | B8: 6 | C8: 4201 | D8: 0 | E8: 0.02 | F8: 0.5 | G8: 0 | H8: 328 | I8: 40 | J8: 60 | K8: 202 | L8: 3 | M8: -1 | N8: 11 | O8: 0.5 | P8: 0.82813698 | Q8: 50 | R8: 50 | S8: 50 | T8: 50 | U8: 1 | V8: 1 | W8: 16 | X8: 0 | Y8: 0 | Z8: 1000 | AA8: 0 | AB8: 1000 | AC8: 0 | AD8: 1000 | AE8: 200 | AF8: 2000 | AG8: 16 | AH8: 50 | AI8: 2000 | AJ8: 4 | AK8: 1800 | AL8: 1575 | AM8: 1575 | AN8: 0 | AO8: 300 | AP8: 300 | AQ8: 300 | AR8: 6 | AS8: 100 | AT8: 20 | AU8: 1 | AV8: 7
A9: 0 | B9: 7 | C9: 5602 | D9: 0 | E9: 0.02 | F9: 0.5 | G9: 0 | H9: 378 | I9: 40 | J9: 60 | K9: 204 | L9: 4 | M9: -1 | N9: 13 | O9: 0.5 | P9: 0.82641298 | Q9: 50 | R9: 50 | S9: 50 | T9: 50 | U9: 1 | V9: 1 | W9: 16 | X9: 0 | Y9: 0 | Z9: 1000 | AA9: 0 | AB9: 1000 | AC9: 0 | AD9: 1000 | AE9: 210 | AF9: 2000 | AG9: 18 | AH9: 50 | AI9: 2000 | AJ9: 4 | AK9: 1800 | AL9: 1575 | AM9: 1575 | AN9: 0 | AO9: 300 | AP9: 300 | AQ9: 300 | AR9: 6 | AS9: 100 | AT9: 20 | AU9: 1 | AV9: 7
A10: 0 | B10: 8 | C10: 7204 | D10: 0 | E10: 0.02 | F10: 0.5 | G10: 0 | H10: 436 | I10: 40 | J10: 60 | K10: 206 | L10: 4 | M10: -1 | N10: 15 | O10: 0.5 | P10: 0.82736897 | Q10: 50 | R10: 50 | S10: 50 | T10: 50 | U10: 1 | V10: 1 | W10: 16 | X10: 0 | Y10: 0 | Z10: 1000 | AA10: 0 | AB10: 1000 | AC10: 0 | AD10: 1000 | AE10: 250 | AF10: 2000 | AG10: 18 | AH10: 50 | AI10: 2000 | AJ10: 4 | AK10: 1800 | AL10: 1575 | AM10: 1575 | AN10: 0 | AO10: 300 | AP10: 300 | AQ10: 300 | AR10: 6 | AS10: 100 | AT10: 20 | AU10: 1 | AV10: 7
A11: 0 | B11: 9 | C11: 9008 | D11: 0 | E11: 0.02 | F11: 0.5 | G11: 0 | H11: 516 | I11: 40 | J11: 60 | K11: 208 | L11: 4 | M11: -1 | N11: 19 | O11: 0.5 | P11: 0.81169301 | Q11: 50 | R11: 50 | S11: 50 | T11: 50 | U11: 1 | V11: 1 | W11: 16 | X11: 0 | Y11: 0 | Z11: 1000 | AA11: 0 | AB11: 1000 | AC11: 0 | AD11: 1000 | AE11: 280 | AF11: 2000 | AG11: 20 | AH11: 50 | AI11: 2000 | AJ11: 4 | AK11: 1800 | AL11: 1575 | AM11: 1575 | AN11: 0 | AO11: 300 | AP11: 300 | AQ11: 300 | AR11: 6 | AS11: 100 | AT11: 20 | AU11: 1 | AV11: 7
A12: 0 | B12: 10 | C12: 11014 | D12: 0 | E12: 0.02 | F12: 0.5 | G12: 0 | H12: 591 | I12: 40 | J12: 60 | K12: 225 | L12: 5 | M12: -1 | N12: 23 | O12: 0.5 | P12: 0.80024397 | Q12: 50 | R12: 50 | S12: 50 | T12: 50 | U12: 1 | V12: 1 | W12: 16 | X12: 0 | Y12: 0 | Z12: 1000 | AA12: 0 | AB12: 1000 | AC12: 0 | AD12: 1000 | AE12: 310 | AF12: 2000 | AG12: 20 | AH12: 50 | AI12: 2000 | AJ12: 4 | AK12: 1800 | AL12: 1575 | AM12: 1575 | AN12: 0 | AO12: 300 | AP12: 300 | AQ12: 300 | AR12: 6 | AS12: 100 | AT12: 20 | AU12: 1 | AV12: 7
A13: 0 | B13: 11 | C13: 13223 | D13: 0 | E13: 0.02 | F13: 0.5 | G13: 0 | H13: 683 | I13: 40 | J13: 60 | K13: 227 | L13: 5 | M13: -1 | N13: 29 | O13: 0.5 | P13: 0.77839798 | Q13: 50 | R13: 50 | S13: 50 | T13: 50 | U13: 1 | V13: 1 | W13: 16 | X13: 0 | Y13: 0 | Z13: 1000 | AA13: 0 | AB13: 1000 | AC13: 0 | AD13: 1000 | AE13: 330 | AF13: 2000 | AG13: 22 | AH13: 50 | AI13: 2000 | AJ13: 4 | AK13: 1800 | AL13: 1575 | AM13: 1575 | AN13: 0 | AO13: 300 | AP13: 300 | AQ13: 300 | AR13: 6 | AS13: 100 | AT13: 20 | AU13: 1 | AV13: 7
A14: 0 | B14: 12 | C14: 15638 | D14: 0 | E14: 0.02 | F14: 0.5 | G14: 0 | H14: 771 | I14: 40 | J14: 60 | K14: 229 | L14: 6 | M14: -1 | N14: 36 | O14: 0.5 | P14: 0.75383902 | Q14: 50 | R14: 50 | S14: 50 | T14: 50 | U14: 1 | V14: 1 | W14: 16 | X14: 0 | Y14: 0 | Z14: 1000 | AA14: 0 | AB14: 1000 | AC14: 0 | AD14: 1000 | AE14: 400 | AF14: 2000 | AG14: 22 | AH14: 50 | AI14: 2000 | AJ14: 4 | AK14: 1800 | AL14: 1575 | AM14: 1575 | AN14: 0 | AO14: 300 | AP14: 300 | AQ14: 300 | AR14: 6 | AS14: 100 | AT14: 20 | AU14: 1 | AV14: 7
... A77: 0 | B77: 75 | C77: 7.0006654e+17 | D77: 134 | E77: 0.02 | F77: 0.30000001 | G77: 0 | H77: 80000 | I77: 40 | J77: 60 | K77: 255 | L77: 99 | M77: -1 | N77: 5129 | O77: 0.5 | P77: 0.041453 | Q77: 50 | R77: 50 | S77: 50 | T77: 50 | U77: 1 | V77: 1 | W77: 16 | X77: 0 | Y77: 0 | Z77: 1000 | AA77: 0 | AB77: 1000 | AC77: 0 | AD77: 1000 | AE77: 60000 | AF77: 2000 | AG77: 74 | AH77: 50 | AI77: 2000 | AJ77: 4 | AK77: 1500 | AL77: 1575 | AM77: 1575 | AN77: 0 | AO77: 300 | AP77: 300 | AQ77: 300 | AR77: 6 | AS77: 100 | AT77: 20 | AU77: 1 | AV77: 7

Sheet SPai
A1: string[64] | B1: dword | C1: qword | D1: dword | E1: float | F1: float | G1: dword | H1: dword | I1: dword | J1: dword | K1: dword | L1: dword | M1: float | N1: dword | O1: float | P1: float | Q1: dword | R1: dword | S1: dword | T1: dword | U1: dword | V1: dword | W1: dword | X1: string[64] | Y1: dword | Z1: dword | AA1: string[64] | AB1: dword | AC1: string[64] | AD1: dword | AE1: dword | AF1: dword | AG1: dword | AH1: dword | AI1: dword | AJ1: dword | AK1: dword | AL1: dword | AM1: dword | AN1: dword | AO1: dword | AP1: dword | AQ1: dword | AR1: dword | AS1: dword | AT1: dword | AU1: dword | AV1: dword | AW1: END
A2: Code | B2: Level | C2: NeedExp | D2: UseFP | E2: Penalty | F2: AttGap | G2: Attack_DP | H2: AttFcStd | I2: MinAfSelProb | J2: MaxAFSelProb | K2: AttSklUnit | L2: DefSklUnit | M2: WeakPart | N2: StdDefFc | O2: DefGap | P2: DefFacing | Q2: fire | R2: water | S2: soil | T2: wind | U2: ForceLv | V2: ForceMast | W2: ForceAttStd | X2: AttTechID1 | Y2: AttTech1Prob | Z2: AttTech1MotionTime | AA2: PSecTechID | AB2: PSecTechMotionTime | AC2: MSecTechID | AD2: MSeacTechMotionTime | AE2: MaxHP | AF2: HPRecDelay | AG2: HPRecUnit | AH2: MaxFP | AI2: FPRecDelay | AJ2: FPRecUnit | AK2: AttSpd | AL2: AttMoTime1 | AM2: AttMoTime2 | AN2: CrtMoTime | AO2: ViewExt | AP2: RefExt | AQ2: AttExt | AR2: MovSpd | AS2: ScaleRate | AT2: Width | AU2: AttEffType | AV2: DefEffType
A3: 0 | B3: 1 | C3: 200 | D3: 0 | E3: 0.02 | F3: 1 | G3: 0 | H3: 34 | I3: 30 | J3: 50 | K3: 135 | L3: 1 | M3: -1 | N3: 14 | O3: 0.69999999 | P3: 0.078273997 | Q3: 0 | R3: 0 | S3: 0 | T3: 0 | U3: 1 | V3: 1 | W3: 16 | X3: 0 | Y3: 0 | Z3: 1000 | AA3: 0 | AB3: 1000 | AC3: 0 | AD3: 1000 | AE3: 28 | AF3: 2000 | AG3: 5 | AH3: 50 | AI3: 2000 | AJ3: 4 | AK3: 2000 | AL3: 1575 | AM3: 1575 | AN3: 0 | AO3: 340 | AP3: 340 | AQ3: 45 | AR3: 6 | AS3: 60 | AT3: 20 | AU3: 1 | AV3: 512
A4: 0 | B4: 2 | C4: 600 | D4: 0 | E4: 0.02 | F4: 1 | G4: 0 | H4: 35 | I4: 30 | J4: 50 | K4: 137 | L4: 1 | M4: -1 | N4: 21 | O4: 0.69999999 | P4: 0.079306997 | Q4: 0 | R4: 0 | S4: 0 | T4: 0 | U4: 1 | V4: 1 | W4: 16 | X4: 0 | Y4: 0 | Z4: 1000 | AA4: 0 | AB4: 1000 | AC4: 0 | AD4: 1000 | AE4: 36 | AF4: 2000 | AG4: 5 | AH4: 50 | AI4: 2000 | AJ4: 4 | AK4: 2000 | AL4: 1575 | AM4: 1575 | AN4: 0 | AO4: 340 | AP4: 340 | AQ4: 45 | AR4: 6 | AS4: 61 | AT4: 20 | AU4: 1 | AV4: 512
A5: 0 | B5: 3 | C5: 1200 | D5: 0 | E5: 0.02 | F5: 1 | G5: 0 | H5: 37 | I5: 30 | J5: 50 | K5: 139 | L5: 1 | M5: -1 | N5: 23 | O5: 0.69999999 | P5: 0.082814001 | Q5: 0 | R5: 0 | S5: 0 | T5: 0 | U5: 1 | V5: 1 | W5: 16 | X5: 0 | Y5: 0 | Z5: 1000 | AA5: 0 | AB5: 1000 | AC5: 0 | AD5: 1000 | AE5: 48 | AF5: 2000 | AG5: 6 | AH5: 50 | AI5: 2000 | AJ5: 4 | AK5: 2000 | AL5: 1575 | AM5: 1575 | AN5: 0 | AO5: 340 | AP5: 340 | AQ5: 45 | AR5: 6 | AS5: 62 | AT5: 20 | AU5: 1 | AV5: 512
A6: 0 | B6: 4 | C6: 2000 | D6: 0 | E6: 0.02 | F6: 1 | G6: 0 | H6: 42 | I6: 30 | J6: 50 | K6: 141 | L6: 1 | M6: -1 | N6: 23 | O6: 0.69999999 | P6: 0.082640998 | Q6: 0 | R6: 0 | S6: 0 | T6: 0 | U6: 1 | V6: 1 | W6: 16 | X6: 0 | Y6: 0 | Z6: 1000 | AA6: 0 | AB6: 1000 | AC6: 0 | AD6: 1000 | AE6: 52 | AF6: 2000 | AG6: 6 | AH6: 50 | AI6: 2000 | AJ6: 4 | AK6: 2000 | AL6: 1575 | AM6: 1575 | AN6: 0 | AO6: 340 | AP6: 340 | AQ6: 45 | AR6: 6 | AS6: 63 | AT6: 20 | AU6: 1 | AV6: 512
A7: 0 | B7: 5 | C7: 3000 | D7: 0 | E7: 0.02 | F7: 1 | G7: 0 | H7: 50 | I7: 30 | J7: 50 | K7: 160 | L7: 1 | M7: -1 | N7: 28 | O7: 0.69999999 | P7: 0.082736999 | Q7: 0 | R7: 0 | S7: 0 | T7: 0 | U7: 1 | V7: 1 | W7: 16 | X7: 0 | Y7: 0 | Z7: 1000 | AA7: 0 | AB7: 1000 | AC7: 0 | AD7: 1000 | AE7: 68 | AF7: 2000 | AG7: 6 | AH7: 50 | AI7: 2000 | AJ7: 4 | AK7: 2000 | AL7: 1575 | AM7: 1575 | AN7: 0 | AO7: 340 | AP7: 340 | AQ7: 45 | AR7: 6 | AS7: 64 | AT7: 20 | AU7: 1 | AV7: 512
A8: 0 | B8: 6 | C8: 4201 | D8: 0 | E8: 0.02 | F8: 1 | G8: 0 | H8: 53 | I8: 30 | J8: 50 | K8: 162 | L8: 1 | M8: -1 | N8: 31 | O8: 0.69999999 | P8: 0.081169002 | Q8: 0 | R8: 0 | S8: 0 | T8: 0 | U8: 1 | V8: 1 | W8: 16 | X8: 0 | Y8: 0 | Z8: 1000 | AA8: 0 | AB8: 1000 | AC8: 0 | AD8: 1000 | AE8: 80 | AF8: 2000 | AG8: 6 | AH8: 50 | AI8: 2000 | AJ8: 4 | AK8: 2000 | AL8: 1575 | AM8: 1575 | AN8: 0 | AO8: 340 | AP8: 340 | AQ8: 45 | AR8: 6 | AS8: 66 | AT8: 20 | AU8: 1 | AV8: 512
A9: 0 | B9: 7 | C9: 5602 | D9: 0 | E9: 0.02 | F9: 1 | G9: 0 | H9: 59 | I9: 30 | J9: 50 | K9: 164 | L9: 1 | M9: -1 | N9: 35 | O9: 0.69999999 | P9: 0.080023997 | Q9: 0 | R9: 0 | S9: 0 | T9: 0 | U9: 1 | V9: 1 | W9: 16 | X9: 0 | Y9: 0 | Z9: 1000 | AA9: 0 | AB9: 1000 | AC9: 0 | AD9: 1000 | AE9: 84 | AF9: 2000 | AG9: 7 | AH9: 50 | AI9: 2000 | AJ9: 4 | AK9: 2000 | AL9: 1575 | AM9: 1575 | AN9: 0 | AO9: 340 | AP9: 340 | AQ9: 45 | AR9: 6 | AS9: 67 | AT9: 20 | AU9: 1 | AV9: 512
A10: 0 | B10: 8 | C10: 7204 | D10: 0 | E10: 0.02 | F10: 1 | G10: 0 | H10: 66 | I10: 30 | J10: 50 | K10: 166 | L10: 1 | M10: -1 | N10: 43 | O10: 0.69999999 | P10: 0.07784 | Q10: 0 | R10: 0 | S10: 0 | T10: 0 | U10: 1 | V10: 1 | W10: 16 | X10: 0 | Y10: 0 | Z10: 1000 | AA10: 0 | AB10: 1000 | AC10: 0 | AD10: 1000 | AE10: 100 | AF10: 2000 | AG10: 7 | AH10: 50 | AI10: 2000 | AJ10: 4 | AK10: 2000 | AL10: 1575 | AM10: 1575 | AN10: 0 | AO10: 340 | AP10: 340 | AQ10: 45 | AR10: 6 | AS10: 68 | AT10: 20 | AU10: 1 | AV10: 512
A11: 0 | B11: 9 | C11: 9008 | D11: 0 | E11: 0.02 | F11: 1 | G11: 0 | H11: 76 | I11: 30 | J11: 50 | K11: 168 | L11: 1 | M11: -1 | N11: 50 | O11: 0.69999999 | P11: 0.075383998 | Q11: 0 | R11: 0 | S11: 0 | T11: 0 | U11: 1 | V11: 1 | W11: 16 | X11: 0 | Y11: 0 | Z11: 1000 | AA11: 0 | AB11: 1000 | AC11: 0 | AD11: 1000 | AE11: 112 | AF11: 2000 | AG11: 8 | AH11: 50 | AI11: 2000 | AJ11: 4 | AK11: 2000 | AL11: 1575 | AM11: 1575 | AN11: 0 | AO11: 340 | AP11: 340 | AQ11: 45 | AR11: 6 | AS11: 69 | AT11: 20 | AU11: 1 | AV11: 512
A12: 0 | B12: 10 | C12: 11014 | D12: 0 | E12: 0.02 | F12: 1 | G12: 0 | H12: 86 | I12: 30 | J12: 50 | K12: 185 | L12: 1 | M12: -1 | N12: 61 | O12: 0.69999999 | P12: 0.073120996 | Q12: 0 | R12: 0 | S12: 0 | T12: 0 | U12: 1 | V12: 1 | W12: 16 | X12: 0 | Y12: 0 | Z12: 1000 | AA12: 0 | AB12: 1000 | AC12: 0 | AD12: 1000 | AE12: 124 | AF12: 2000 | AG12: 8 | AH12: 50 | AI12: 2000 | AJ12: 4 | AK12: 2000 | AL12: 1575 | AM12: 1575 | AN12: 0 | AO12: 340 | AP12: 340 | AQ12: 45 | AR12: 6 | AS12: 70 | AT12: 20 | AU12: 1 | AV12: 512
A13: 0 | B13: 11 | C13: 13223 | D13: 0 | E13: 0.02 | F13: 1 | G13: 0 | H13: 97 | I13: 30 | J13: 50 | K13: 187 | L13: 1 | M13: -1 | N13: 70 | O13: 0.69999999 | P13: 0.070991002 | Q13: 0 | R13: 0 | S13: 0 | T13: 0 | U13: 1 | V13: 1 | W13: 16 | X13: 0 | Y13: 0 | Z13: 1000 | AA13: 0 | AB13: 1000 | AC13: 0 | AD13: 1000 | AE13: 132 | AF13: 2000 | AG13: 9 | AH13: 50 | AI13: 2000 | AJ13: 4 | AK13: 2000 | AL13: 1575 | AM13: 1575 | AN13: 0 | AO13: 340 | AP13: 340 | AQ13: 45 | AR13: 6 | AS13: 72 | AT13: 20 | AU13: 1 | AV13: 512
A14: 0 | B14: 12 | C14: 15638 | D14: 0 | E14: 0.02 | F14: 1 | G14: 0 | H14: 108 | I14: 30 | J14: 50 | K14: 189 | L14: 1 | M14: -1 | N14: 84 | O14: 0.69999999 | P14: 0.069271997 | Q14: 0 | R14: 0 | S14: 0 | T14: 0 | U14: 1 | V14: 1 | W14: 16 | X14: 0 | Y14: 0 | Z14: 1000 | AA14: 0 | AB14: 1000 | AC14: 0 | AD14: 1000 | AE14: 160 | AF14: 2000 | AG14: 9 | AH14: 50 | AI14: 2000 | AJ14: 4 | AK14: 2000 | AL14: 1575 | AM14: 1575 | AN14: 0 | AO14: 340 | AP14: 340 | AQ14: 45 | AR14: 6 | AS14: 73 | AT14: 20 | AU14: 1 | AV14: 512
... A77: 0 | B77: 75 | C77: 7.0665409e+15 | D77: 134 | E77: 0.02 | F77: 1 | G77: 0 | H77: 13152 | I77: 30 | J77: 50 | K77: 255 | L77: 1 | M77: -1 | N77: 80000 | O77: 0.69999999 | P77: 0.0035610001 | Q77: 0 | R77: 0 | S77: 0 | T77: 0 | U77: 1 | V77: 1 | W77: 16 | X77: 0 | Y77: 0 | Z77: 1000 | AA77: 0 | AB77: 1000 | AC77: 0 | AD77: 1000 | AE77: 60000 | AF77: 2000 | AG77: 111 | AH77: 50 | AI77: 2000 | AJ77: 4 | AK77: 2000 | AL77: 1575 | AM77: 1575 | AN77: 0 | AO77: 340 | AP77: 340 | AQ77: 45 | AR77: 6 | AS77: 133 | AT77: 20 | AU77: 1 | AV77: 512

Sheet SHec
A1: string[64] | B1: dword | C1: qword | D1: dword | E1: float | F1: float | G1: dword | H1: dword | I1: dword | J1: dword | K1: dword | L1: dword | M1: float | N1: dword | O1: float | P1: float | Q1: dword | R1: dword | S1: dword | T1: dword | U1: dword | V1: dword | W1: dword | X1: string[64] | Y1: dword | Z1: dword | AA1: string[64] | AB1: dword | AC1: string[64] | AD1: dword | AE1: dword | AF1: dword | AG1: dword | AH1: dword | AI1: dword | AJ1: dword | AK1: dword | AL1: dword | AM1: dword | AN1: dword | AO1: dword | AP1: dword | AQ1: dword | AR1: dword | AS1: dword | AT1: dword | AU1: dword | AV1: dword | AW1: END
A2: Code | B2: Level | C2: NeedExp | D2: UseFP | E2: Penalty | F2: AttGap | G2: Attack_DP | H2: AttFcStd | I2: MinAfSelProb | J2: MaxAFSelProb | K2: AttSklUnit | L2: DefSklUnit | M2: WeakPart | N2: StdDefFc | O2: DefGap | P2: DefFacing | Q2: fire | R2: water | S2: soil | T2: wind | U2: ForceLv | V2: ForceMast | W2: ForceAttStd | X2: AttTechID1 | Y2: AttTech1Prob | Z2: AttTech1MotionTime | AA2: PSecTechID | AB2: PSecTechMotionTime | AC2: MSecTechID | AD2: MSeacTechMotionTime | AE2: MaxHP | AF2: HPRecDelay | AG2: HPRecUnit | AH2: MaxFP | AI2: FPRecDelay | AJ2: FPRecUnit | AK2: AttSpd | AL2: AttMoTime1 | AM2: AttMoTime2 | AN2: CrtMoTime | AO2: ViewExt | AP2: RefExt | AQ2: AttExt | AR2: MovSpd | AS2: ScaleRate | AT2: Width | AU2: AttEffType | AV2: DefEffType
A3: 0 | B3: 1 | C3: 200 | D3: 0 | E3: 0.02 | F3: 1 | G3: 0 | H3: 60 | I3: 37 | J3: 50 | K3: 95 | L3: 3 | M3: -1 | N3: 10 | O3: 0.57499999 | P3: 0.74255002 | Q3: 10 | R3: 10 | S3: 10 | T3: 10 | U3: 1 | V3: 1 | W3: 16 | X3: 0 | Y3: 0 | Z3: 1000 | AA3: 0 | AB3: 1000 | AC3: 0 | AD3: 1000 | AE3: 70 | AF3: 2000 | AG3: 12 | AH3: 50 | AI3: 2000 | AJ3: 4 | AK3: 900 | AL3: 900 | AM3: 900 | AN3: 0 | AO3: 340 | AP3: 340 | AQ3: 225 | AR3: 6 | AS3: 60 | AT3: 20 | AU3: 10 | AV3: 273
A4: 0 | B4: 2 | C4: 600 | D4: 0 | E4: 0.02 | F4: 1 | G4: 0 | H4: 70 | I4: 34 | J4: 45 | K4: 97 | L4: 3 | M4: -1 | N4: 12 | O4: 0.57499999 | P4: 0.79121798 | Q4: 10 | R4: 10 | S4: 10 | T4: 10 | U4: 1 | V4: 1 | W4: 16 | X4: 0 | Y4: 0 | Z4: 1000 | AA4: 0 | AB4: 1000 | AC4: 0 | AD4: 1000 | AE4: 90 | AF4: 2000 | AG4: 12 | AH4: 50 | AI4: 2000 | AJ4: 4 | AK4: 900 | AL4: 900 | AM4: 900 | AN4: 0 | AO4: 340 | AP4: 340 | AQ4: 225 | AR4: 6 | AS4: 60 | AT4: 20 | AU4: 10 | AV4: 273
A5: 0 | B5: 3 | C5: 1200 | D5: 0 | E5: 0.02 | F5: 1 | G5: 0 | H5: 84 | I5: 32 | J5: 43 | K5: 99 | L5: 3 | M5: -1 | N5: 16 | O5: 0.57499999 | P5: 0.773498 | Q5: 10 | R5: 10 | S5: 10 | T5: 10 | U5: 1 | V5: 1 | W5: 16 | X5: 0 | Y5: 0 | Z5: 1000 | AA5: 0 | AB5: 1000 | AC5: 0 | AD5: 1000 | AE5: 120 | AF5: 2000 | AG5: 14 | AH5: 50 | AI5: 2000 | AJ5: 4 | AK5: 900 | AL5: 900 | AM5: 900 | AN5: 0 | AO5: 340 | AP5: 340 | AQ5: 225 | AR5: 6 | AS5: 60 | AT5: 20 | AU5: 10 | AV5: 273
A6: 0 | B6: 4 | C6: 2000 | D6: 0 | E6: 0.02 | F6: 1 | G6: 0 | H6: 101 | I6: 30 | J6: 41 | K6: 101 | L6: 6 | M6: -1 | N6: 18 | O6: 0.57499999 | P6: 0.80910701 | Q6: 10 | R6: 10 | S6: 10 | T6: 10 | U6: 1 | V6: 1 | W6: 16 | X6: 0 | Y6: 0 | Z6: 1000 | AA6: 0 | AB6: 1000 | AC6: 0 | AD6: 1000 | AE6: 130 | AF6: 2000 | AG6: 14 | AH6: 50 | AI6: 2000 | AJ6: 4 | AK6: 900 | AL6: 900 | AM6: 900 | AN6: 0 | AO6: 340 | AP6: 340 | AQ6: 225 | AR6: 6 | AS6: 60 | AT6: 20 | AU6: 10 | AV6: 273
A7: 0 | B7: 5 | C7: 3000 | D7: 0 | E7: 0.02 | F7: 1 | G7: 0 | H7: 122 | I7: 30 | J7: 40 | K7: 120 | L7: 9 | M7: -1 | N7: 22 | O7: 0.57499999 | P7: 0.81847501 | Q7: 10 | R7: 10 | S7: 10 | T7: 10 | U7: 1 | V7: 1 | W7: 16 | X7: 0 | Y7: 0 | Z7: 1000 | AA7: 0 | AB7: 1000 | AC7: 0 | AD7: 1000 | AE7: 170 | AF7: 2000 | AG7: 16 | AH7: 50 | AI7: 2000 | AJ7: 4 | AK7: 900 | AL7: 900 | AM7: 900 | AN7: 0 | AO7: 340 | AP7: 340 | AQ7: 225 | AR7: 6 | AS7: 60 | AT7: 20 | AU7: 10 | AV7: 273
A8: 0 | B8: 6 | C8: 4201 | D8: 0 | E8: 0.02 | F8: 1 | G8: 0 | H8: 137 | I8: 29 | J8: 38 | K8: 122 | L8: 9 | M8: -1 | N8: 22 | O8: 0.57499999 | P8: 0.85005099 | Q8: 10 | R8: 10 | S8: 10 | T8: 10 | U8: 1 | V8: 1 | W8: 16 | X8: 0 | Y8: 0 | Z8: 1000 | AA8: 0 | AB8: 1000 | AC8: 0 | AD8: 1000 | AE8: 200 | AF8: 2000 | AG8: 16 | AH8: 50 | AI8: 2000 | AJ8: 4 | AK8: 900 | AL8: 900 | AM8: 900 | AN8: 0 | AO8: 340 | AP8: 340 | AQ8: 225 | AR8: 6 | AS8: 60 | AT8: 20 | AU8: 10 | AV8: 273
A9: 0 | B9: 7 | C9: 5602 | D9: 0 | E9: 0.02 | F9: 1 | G9: 0 | H9: 156 | I9: 28 | J9: 38 | K9: 124 | L9: 12 | M9: -1 | N9: 26 | O9: 0.57499999 | P9: 0.84850597 | Q9: 10 | R9: 10 | S9: 10 | T9: 10 | U9: 1 | V9: 1 | W9: 16 | X9: 0 | Y9: 0 | Z9: 1000 | AA9: 0 | AB9: 1000 | AC9: 0 | AD9: 1000 | AE9: 210 | AF9: 2000 | AG9: 18 | AH9: 50 | AI9: 2000 | AJ9: 4 | AK9: 900 | AL9: 900 | AM9: 900 | AN9: 0 | AO9: 340 | AP9: 340 | AQ9: 225 | AR9: 6 | AS9: 60 | AT9: 20 | AU9: 10 | AV9: 273
A10: 0 | B10: 8 | C10: 7204 | D10: 0 | E10: 0.02 | F10: 1 | G10: 0 | H10: 176 | I10: 28 | J10: 37 | K10: 126 | L10: 12 | M10: -1 | N10: 30 | O10: 0.57499999 | P10: 0.84936303 | Q10: 10 | R10: 10 | S10: 10 | T10: 10 | U10: 1 | V10: 1 | W10: 16 | X10: 0 | Y10: 0 | Z10: 1000 | AA10: 0 | AB10: 1000 | AC10: 0 | AD10: 1000 | AE10: 250 | AF10: 2000 | AG10: 18 | AH10: 50 | AI10: 2000 | AJ10: 4 | AK10: 900 | AL10: 900 | AM10: 900 | AN10: 0 | AO10: 340 | AP10: 340 | AQ10: 225 | AR10: 6 | AS10: 60 | AT10: 20 | AU10: 10 | AV10: 273
A11: 0 | B11: 9 | C11: 9008 | D11: 0 | E11: 0.02 | F11: 1 | G11: 0 | H11: 201 | I11: 27 | J11: 36 | K11: 128 | L11: 12 | M11: -1 | N11: 38 | O11: 0.57499999 | P11: 0.83528602 | Q11: 10 | R11: 10 | S11: 10 | T11: 10 | U11: 1 | V11: 1 | W11: 16 | X11: 0 | Y11: 0 | Z11: 1000 | AA11: 0 | AB11: 1000 | AC11: 0 | AD11: 1000 | AE11: 280 | AF11: 2000 | AG11: 20 | AH11: 50 | AI11: 2000 | AJ11: 4 | AK11: 900 | AL11: 900 | AM11: 900 | AN11: 0 | AO11: 340 | AP11: 340 | AQ11: 225 | AR11: 6 | AS11: 60 | AT11: 20 | AU11: 10 | AV11: 273
A12: 0 | B12: 10 | C12: 11014 | D12: 0 | E12: 0.02 | F12: 1 | G12: 0 | H12: 225 | I12: 27 | J12: 36 | K12: 145 | L12: 15 | M12: -1 | N12: 46 | O12: 0.57499999 | P12: 0.82496297 | Q12: 10 | R12: 10 | S12: 10 | T12: 10 | U12: 1 | V12: 1 | W12: 16 | X12: 0 | Y12: 0 | Z12: 1000 | AA12: 0 | AB12: 1000 | AC12: 0 | AD12: 1000 | AE12: 310 | AF12: 2000 | AG12: 20 | AH12: 50 | AI12: 2000 | AJ12: 4 | AK12: 900 | AL12: 900 | AM12: 900 | AN12: 0 | AO12: 340 | AP12: 340 | AQ12: 225 | AR12: 6 | AS12: 60 | AT12: 20 | AU12: 10 | AV12: 273
A13: 0 | B13: 11 | C13: 13223 | D13: 0 | E13: 0.02 | F13: 1 | G13: 0 | H13: 251 | I13: 26 | J13: 35 | K13: 147 | L13: 15 | M13: -1 | N13: 58 | O13: 0.57499999 | P13: 0.80516201 | Q13: 10 | R13: 10 | S13: 10 | T13: 10 | U13: 1 | V13: 1 | W13: 16 | X13: 0 | Y13: 0 | Z13: 1000 | AA13: 0 | AB13: 1000 | AC13: 0 | AD13: 1000 | AE13: 330 | AF13: 2000 | AG13: 22 | AH13: 50 | AI13: 2000 | AJ13: 4 | AK13: 900 | AL13: 900 | AM13: 900 | AN13: 0 | AO13: 340 | AP13: 340 | AQ13: 225 | AR13: 6 | AS13: 60 | AT13: 20 | AU13: 10 | AV13: 273
A14: 0 | B14: 12 | C14: 15638 | D14: 0 | E14: 0.02 | F14: 1 | G14: 0 | H14: 277 | I14: 26 | J14: 35 | K14: 149 | L14: 18 | M14: -1 | N14: 72 | O14: 0.57499999 | P14: 0.78274101 | Q14: 10 | R14: 10 | S14: 10 | T14: 10 | U14: 1 | V14: 1 | W14: 16 | X14: 0 | Y14: 0 | Z14: 1000 | AA14: 0 | AB14: 1000 | AC14: 0 | AD14: 1000 | AE14: 400 | AF14: 2000 | AG14: 22 | AH14: 50 | AI14: 2000 | AJ14: 4 | AK14: 900 | AL14: 900 | AM14: 900 | AN14: 0 | AO14: 340 | AP14: 340 | AQ14: 225 | AR14: 6 | AS14: 60 | AT14: 20 | AU14: 10 | AV14: 273
... A77: 0 | B77: 75 | C77: 7.0006654e+17 | D77: 134 | E77: 0.02 | F77: 1 | G77: 0 | H77: 8538 | I77: 4 | J77: 6 | K77: 255 | L77: 743 | M77: -1 | N77: 7883 | O77: 0.57499999 | P77: 0.048413999 | Q77: 10 | R77: 10 | S77: 10 | T77: 10 | U77: 1 | V77: 1 | W77: 16 | X77: 0 | Y77: 0 | Z77: 1000 | AA77: 0 | AB77: 1000 | AC77: 0 | AD77: 1000 | AE77: 60000 | AF77: 2000 | AG77: 74 | AH77: 50 | AI77: 2000 | AJ77: 4 | AK77: 900 | AL77: 900 | AM77: 900 | AN77: 0 | AO77: 340 | AP77: 340 | AQ77: 230 | AR77: 6 | AS77: 60 | AT77: 20 | AU77: 10 | AV77: 273

Sheet SIna
A1: string[64] | B1: dword | C1: qword | D1: dword | E1: float | F1: float | G1: dword | H1: dword | I1: dword | J1: dword | K1: dword | L1: dword | M1: float | N1: dword | O1: float | P1: float | Q1: dword | R1: dword | S1: dword | T1: dword | U1: dword | V1: dword | W1: dword | X1: string[64] | Y1: dword | Z1: dword | AA1: string[64] | AB1: dword | AC1: string[64] | AD1: dword | AE1: dword | AF1: dword | AG1: dword | AH1: dword | AI1: dword | AJ1: dword | AK1: dword | AL1: dword | AM1: dword | AN1: dword | AO1: dword | AP1: dword | AQ1: dword | AR1: dword | AS1: dword | AT1: dword | AU1: dword | AV1: dword | AW1: END
A2: Code | B2: Level | C2: NeedExp | D2: UseFP | E2: Penalty | F2: AttGap | G2: Attack_DP | H2: AttFcStd | I2: MinAfSelProb | J2: MaxAFSelProb | K2: AttSklUnit | L2: DefSklUnit | M2: WeakPart | N2: StdDefFc | O2: DefGap | P2: DefFacing | Q2: fire | R2: water | S2: soil | T2: wind | U2: ForceLv | V2: ForceMast | W2: ForceAttStd | X2: AttTechID1 | Y2: AttTech1Prob | Z2: AttTech1MotionTime | AA2: PSecTechID | AB2: PSecTechMotionTime | AC2: MSecTechID | AD2: MSeacTechMotionTime | AE2: MaxHP | AF2: HPRecDelay | AG2: HPRecUnit | AH2: MaxFP | AI2: FPRecDelay | AJ2: FPRecUnit | AK2: AttSpd | AL2: AttMoTime1 | AM2: AttMoTime2 | AN2: CrtMoTime | AO2: ViewExt | AP2: RefExt | AQ2: AttExt | AR2: MovSpd | AS2: ScaleRate | AT2: Width | AU2: AttEffType | AV2: DefEffType
A3: 0 | B3: 1 | C3: 2160 | D3: 0 | E3: 0.02 | F3: 1 | G3: 0 | H3: 27 | I3: 50 | J3: 50 | K3: 1 | L3: 1 | M3: -1 | N3: 10 | O3: 0.57499999 | P3: 0.74255002 | Q3: 0 | R3: 0 | S3: 0 | T3: 0 | U3: 1 | V3: 1 | W3: 16 | X3: 0 | Y3: 0 | Z3: 1000 | AA3: 0 | AB3: 1000 | AC3: 0 | AD3: 1000 | AE3: 70 | AF3: 2000 | AG3: 12 | AH3: 50 | AI3: 2000 | AJ3: 4 | AK3: 1575 | AL3: 1575 | AM3: 1575 | AN3: 0 | AO3: 340 | AP3: 340 | AQ3: 225 | AR3: 6 | AS3: 42 | AT3: 20 | AU3: 0 | AV3: 1041
A4: 0 | B4: 2 | C4: 4752 | D4: 0 | E4: 0.02 | F4: 1 | G4: 0 | H4: 32 | I4: 50 | J4: 50 | K4: 1 | L4: 2 | M4: -1 | N4: 12 | O4: 0.57499999 | P4: 0.79121798 | Q4: 0 | R4: 0 | S4: 0 | T4: 0 | U4: 1 | V4: 1 | W4: 16 | X4: 0 | Y4: 0 | Z4: 1000 | AA4: 0 | AB4: 1000 | AC4: 0 | AD4: 1000 | AE4: 90 | AF4: 2000 | AG4: 12 | AH4: 50 | AI4: 2000 | AJ4: 4 | AK4: 1575 | AL4: 1575 | AM4: 1575 | AN4: 0 | AO4: 340 | AP4: 340 | AQ4: 225 | AR4: 6 | AS4: 42 | AT4: 20 | AU4: 0 | AV4: 1041
A5: 0 | B5: 3 | C5: 8682 | D5: 0 | E5: 0.02 | F5: 1 | G5: 0 | H5: 39 | I5: 50 | J5: 50 | K5: 1 | L5: 3 | M5: -1 | N5: 16 | O5: 0.57499999 | P5: 0.773498 | Q5: 0 | R5: 0 | S5: 0 | T5: 0 | U5: 1 | V5: 1 | W5: 16 | X5: 0 | Y5: 0 | Z5: 1000 | AA5: 0 | AB5: 1000 | AC5: 0 | AD5: 1000 | AE5: 120 | AF5: 2000 | AG5: 14 | AH5: 50 | AI5: 2000 | AJ5: 4 | AK5: 1575 | AL5: 1575 | AM5: 1575 | AN5: 0 | AO5: 340 | AP5: 340 | AQ5: 225 | AR5: 6 | AS5: 42 | AT5: 20 | AU5: 0 | AV5: 1041
A6: 0 | B6: 4 | C6: 14046 | D6: 0 | E6: 0.02 | F6: 1 | G6: 0 | H6: 45 | I6: 50 | J6: 50 | K6: 2 | L6: 4 | M6: -1 | N6: 18 | O6: 0.57499999 | P6: 0.80910701 | Q6: 0 | R6: 0 | S6: 0 | T6: 0 | U6: 1 | V6: 1 | W6: 16 | X6: 0 | Y6: 0 | Z6: 1000 | AA6: 0 | AB6: 1000 | AC6: 0 | AD6: 1000 | AE6: 130 | AF6: 2000 | AG6: 14 | AH6: 50 | AI6: 2000 | AJ6: 4 | AK6: 1575 | AL6: 1575 | AM6: 1575 | AN6: 0 | AO6: 340 | AP6: 340 | AQ6: 225 | AR6: 6 | AS6: 42 | AT6: 20 | AU6: 0 | AV6: 1041
A7: 0 | B7: 5 | C7: 21606 | D7: 0 | E7: 0.02 | F7: 1 | G7: 0 | H7: 54 | I7: 50 | J7: 50 | K7: 3 | L7: 10 | M7: -1 | N7: 22 | O7: 0.57499999 | P7: 0.81847501 | Q7: 0 | R7: 0 | S7: 0 | T7: 0 | U7: 1 | V7: 1 | W7: 16 | X7: 0 | Y7: 0 | Z7: 1000 | AA7: 0 | AB7: 1000 | AC7: 0 | AD7: 1000 | AE7: 170 | AF7: 2000 | AG7: 16 | AH7: 50 | AI7: 2000 | AJ7: 4 | AK7: 1575 | AL7: 1575 | AM7: 1575 | AN7: 0 | AO7: 340 | AP7: 340 | AQ7: 225 | AR7: 6 | AS7: 42 | AT7: 20 | AU7: 0 | AV7: 1041
A8: 0 | B8: 6 | C8: 31214 | D8: 0 | E8: 0.02 | F8: 1 | G8: 0 | H8: 60 | I8: 50 | J8: 50 | K8: 4 | L8: 11 | M8: -1 | N8: 22 | O8: 0.57499999 | P8: 0.85005099 | Q8: 0 | R8: 0 | S8: 0 | T8: 0 | U8: 1 | V8: 1 | W8: 16 | X8: 0 | Y8: 0 | Z8: 1000 | AA8: 0 | AB8: 1000 | AC8: 0 | AD8: 1000 | AE8: 200 | AF8: 2000 | AG8: 16 | AH8: 50 | AI8: 2000 | AJ8: 4 | AK8: 1575 | AL8: 1575 | AM8: 1575 | AN8: 0 | AO8: 340 | AP8: 340 | AQ8: 225 | AR8: 6 | AS8: 42 | AT8: 20 | AU8: 0 | AV8: 1041
A9: 0 | B9: 7 | C9: 43102 | D9: 0 | E9: 0.02 | F9: 1 | G9: 0 | H9: 66 | I9: 50 | J9: 50 | K9: 4 | L9: 12 | M9: -1 | N9: 26 | O9: 0.57499999 | P9: 0.84850597 | Q9: 0 | R9: 0 | S9: 0 | T9: 0 | U9: 1 | V9: 1 | W9: 16 | X9: 0 | Y9: 0 | Z9: 1000 | AA9: 0 | AB9: 1000 | AC9: 0 | AD9: 1000 | AE9: 210 | AF9: 2000 | AG9: 18 | AH9: 50 | AI9: 2000 | AJ9: 4 | AK9: 1575 | AL9: 1575 | AM9: 1575 | AN9: 0 | AO9: 340 | AP9: 340 | AQ9: 225 | AR9: 6 | AS9: 42 | AT9: 20 | AU9: 0 | AV9: 1041
A10: 0 | B10: 8 | C10: 58601 | D10: 0 | E10: 0.02 | F10: 1 | G10: 0 | H10: 77 | I10: 50 | J10: 50 | K10: 4 | L10: 13 | M10: -1 | N10: 30 | O10: 0.57499999 | P10: 0.84936303 | Q10: 0 | R10: 0 | S10: 0 | T10: 0 | U10: 1 | V10: 1 | W10: 16 | X10: 0 | Y10: 0 | Z10: 1000 | AA10: 0 | AB10: 1000 | AC10: 0 | AD10: 1000 | AE10: 250 | AF10: 2000 | AG10: 18 | AH10: 50 | AI10: 2000 | AJ10: 4 | AK10: 1575 | AL10: 1575 | AM10: 1575 | AN10: 0 | AO10: 340 | AP10: 340 | AQ10: 225 | AR10: 6 | AS10: 42 | AT10: 20 | AU10: 0 | AV10: 1041
A11: 0 | B11: 9 | C11: 77188 | D11: 0 | E11: 0.02 | F11: 1 | G11: 0 | H11: 84 | I11: 50 | J11: 50 | K11: 5 | L11: 14 | M11: -1 | N11: 38 | O11: 0.57499999 | P11: 0.83528602 | Q11: 0 | R11: 0 | S11: 0 | T11: 0 | U11: 1 | V11: 1 | W11: 16 | X11: 0 | Y11: 0 | Z11: 1000 | AA11: 0 | AB11: 1000 | AC11: 0 | AD11: 1000 | AE11: 280 | AF11: 2000 | AG11: 20 | AH11: 50 | AI11: 2000 | AJ11: 4 | AK11: 1575 | AL11: 1575 | AM11: 1575 | AN11: 0 | AO11: 340 | AP11: 340 | AQ11: 225 | AR11: 6 | AS11: 42 | AT11: 20 | AU11: 0 | AV11: 1041
A12: 0 | B12: 10 | C12: 100585 | D12: 0 | E12: 0.02 | F12: 1 | G12: 0 | H12: 97 | I12: 50 | J12: 50 | K12: 5 | L12: 20 | M12: -1 | N12: 46 | O12: 0.57499999 | P12: 0.82496297 | Q12: 0 | R12: 0 | S12: 0 | T12: 0 | U12: 1 | V12: 1 | W12: 16 | X12: 0 | Y12: 0 | Z12: 1000 | AA12: 0 | AB12: 1000 | AC12: 0 | AD12: 1000 | AE12: 310 | AF12: 2000 | AG12: 20 | AH12: 50 | AI12: 2000 | AJ12: 4 | AK12: 1575 | AL12: 1575 | AM12: 1575 | AN12: 0 | AO12: 340 | AP12: 340 | AQ12: 225 | AR12: 6 | AS12: 42 | AT12: 20 | AU12: 0 | AV12: 1041
A13: 0 | B13: 11 | C13: 127918 | D13: 0 | E13: 0.02 | F13: 1 | G13: 0 | H13: 105 | I13: 50 | J13: 50 | K13: 6 | L13: 21 | M13: -1 | N13: 58 | O13: 0.57499999 | P13: 0.80516201 | Q13: 0 | R13: 0 | S13: 0 | T13: 0 | U13: 1 | V13: 1 | W13: 16 | X13: 0 | Y13: 0 | Z13: 1000 | AA13: 0 | AB13: 1000 | AC13: 0 | AD13: 1000 | AE13: 330 | AF13: 2000 | AG13: 22 | AH13: 50 | AI13: 2000 | AJ13: 4 | AK13: 1575 | AL13: 1575 | AM13: 1575 | AN13: 0 | AO13: 340 | AP13: 340 | AQ13: 225 | AR13: 6 | AS13: 42 | AT13: 20 | AU13: 0 | AV13: 1041
A14: 0 | B14: 12 | C14: 161474 | D14: 0 | E14: 0.02 | F14: 1 | G14: 0 | H14: 119 | I14: 50 | J14: 50 | K14: 6 | L14: 22 | M14: -1 | N14: 72 | O14: 0.57499999 | P14: 0.78274101 | Q14: 0 | R14: 0 | S14: 0 | T14: 0 | U14: 1 | V14: 1 | W14: 16 | X14: 0 | Y14: 0 | Z14: 1000 | AA14: 0 | AB14: 1000 | AC14: 0 | AD14: 1000 | AE14: 400 | AF14: 2000 | AG14: 22 | AH14: 50 | AI14: 2000 | AJ14: 4 | AK14: 1575 | AL14: 1575 | AM14: 1575 | AN14: 0 | AO14: 340 | AP14: 340 | AQ14: 225 | AR14: 6 | AS14: 42 | AT14: 20 | AU14: 0 | AV14: 1041
... A77: 0 | B77: 75 | C77: 7.0665409e+15 | D77: 134 | E77: 0.02 | F77: 1 | G77: 0 | H77: 4500 | I77: 50 | J77: 50 | K77: 99 | L77: 150 | M77: -1 | N77: 7883 | O77: 0.57499999 | P77: 0.048413999 | Q77: 0 | R77: 0 | S77: 0 | T77: 0 | U77: 1 | V77: 1 | W77: 16 | X77: 0 | Y77: 0 | Z77: 1000 | AA77: 0 | AB77: 1000 | AC77: 0 | AD77: 1000 | AE77: 60000 | AF77: 2000 | AG77: 74 | AH77: 50 | AI77: 2000 | AJ77: 4 | AK77: 1400 | AL77: 1575 | AM77: 1575 | AN77: 0 | AO77: 340 | AP77: 340 | AQ77: 225 | AR77: 6 | AS77: 42 | AT77: 20 | AU77: 0 | AV77: 1041

Sheet SIsi
A1: string[64] | B1: dword | C1: qword | D1: dword | E1: float | F1: float | G1: dword | H1: dword | I1: dword | J1: dword | K1: dword | L1: dword | M1: float | N1: dword | O1: float | P1: float | Q1: dword | R1: dword | S1: dword | T1: dword | U1: dword | V1: dword | W1: dword | X1: string[64] | Y1: dword | Z1: dword | AA1: string[64] | AB1: dword | AC1: string[64] | AD1: dword | AE1: dword | AF1: dword | AG1: dword | AH1: dword | AI1: dword | AJ1: dword | AK1: dword | AL1: dword | AM1: dword | AN1: dword | AO1: dword | AP1: dword | AQ1: dword | AR1: dword | AS1: dword | AT1: dword | AU1: dword | AV1: dword | AW1: END
A2: Code | B2: Level | C2: NeedExp | D2: UseFP | E2: Penalty | F2: AttGap | G2: Attack_DP | H2: AttFcStd | I2: MinAfSelProb | J2: MaxAFSelProb | K2: AttSklUnit | L2: DefSklUnit | M2: WeakPart | N2: StdDefFc | O2: DefGap | P2: DefFacing | Q2: fire | R2: water | S2: soil | T2: wind | U2: ForceLv | V2: ForceMast | W2: ForceAttStd | X2: AttTechID1 | Y2: AttTech1Prob | Z2: AttTech1MotionTime | AA2: PSecTechID | AB2: PSecTechMotionTime | AC2: MSecTechID | AD2: MSeacTechMotionTime | AE2: MaxHP | AF2: HPRecDelay | AG2: HPRecUnit | AH2: MaxFP | AI2: FPRecDelay | AJ2: FPRecUnit | AK2: AttSpd | AL2: AttMoTime1 | AM2: AttMoTime2 | AN2: CrtMoTime | AO2: ViewExt | AP2: RefExt | AQ2: AttExt | AR2: MovSpd | AS2: ScaleRate | AT2: Width | AU2: AttEffType | AV2: DefEffType
A3: 0 | B3: 1 | C3: 200 | D3: 0 | E3: 0.02 | F3: 0.5 | G3: 0 | H3: 150 | I3: 40 | J3: 60 | K3: 175 | L3: 1 | M3: -1 | N3: 5 | O3: 0.5 | P3: 0.71028 | Q3: 50 | R3: 50 | S3: 50 | T3: 50 | U3: 1 | V3: 1 | W3: 16 | X3: 0 | Y3: 0 | Z3: 1000 | AA3: 0 | AB3: 1000 | AC3: 0 | AD3: 1000 | AE3: 70 | AF3: 2000 | AG3: 12 | AH3: 50 | AI3: 2000 | AJ3: 4 | AK3: 1800 | AL3: 1575 | AM3: 1575 | AN3: 0 | AO3: 300 | AP3: 300 | AQ3: 300 | AR3: 6 | AS3: 60 | AT3: 20 | AU3: 1 | AV3: 7
A4: 0 | B4: 2 | C4: 600 | D4: 0 | E4: 0.02 | F4: 0.5 | G4: 0 | H4: 172 | I4: 40 | J4: 60 | K4: 177 | L4: 1 | M4: -1 | N4: 6 | O4: 0.5 | P4: 0.76310301 | Q4: 50 | R4: 50 | S4: 50 | T4: 50 | U4: 1 | V4: 1 | W4: 16 | X4: 0 | Y4: 0 | Z4: 1000 | AA4: 0 | AB4: 1000 | AC4: 0 | AD4: 1000 | AE4: 90 | AF4: 2000 | AG4: 12 | AH4: 50 | AI4: 2000 | AJ4: 4 | AK4: 1800 | AL4: 1575 | AM4: 1575 | AN4: 0 | AO4: 300 | AP4: 300 | AQ4: 300 | AR4: 6 | AS4: 60 | AT4: 20 | AU4: 1 | AV4: 7
A5: 0 | B5: 3 | C5: 1200 | D5: 0 | E5: 0.02 | F5: 0.5 | G5: 0 | H5: 199 | I5: 40 | J5: 60 | K5: 179 | L5: 1 | M5: -1 | N5: 8 | O5: 0.5 | P5: 0.74376899 | Q5: 50 | R5: 50 | S5: 50 | T5: 50 | U5: 1 | V5: 1 | W5: 16 | X5: 0 | Y5: 0 | Z5: 1000 | AA5: 0 | AB5: 1000 | AC5: 0 | AD5: 1000 | AE5: 120 | AF5: 2000 | AG5: 14 | AH5: 50 | AI5: 2000 | AJ5: 4 | AK5: 1800 | AL5: 1575 | AM5: 1575 | AN5: 0 | AO5: 300 | AP5: 300 | AQ5: 300 | AR5: 6 | AS5: 60 | AT5: 20 | AU5: 1 | AV5: 7
A6: 0 | B6: 4 | C6: 2000 | D6: 0 | E6: 0.02 | F6: 0.5 | G6: 0 | H6: 241 | I6: 40 | J6: 60 | K6: 181 | L6: 2 | M6: -1 | N6: 9 | O6: 0.5 | P6: 0.78273898 | Q6: 50 | R6: 50 | S6: 50 | T6: 50 | U6: 1 | V6: 1 | W6: 16 | X6: 0 | Y6: 0 | Z6: 1000 | AA6: 0 | AB6: 1000 | AC6: 0 | AD6: 1000 | AE6: 130 | AF6: 2000 | AG6: 14 | AH6: 50 | AI6: 2000 | AJ6: 4 | AK6: 1800 | AL6: 1575 | AM6: 1575 | AN6: 0 | AO6: 300 | AP6: 300 | AQ6: 300 | AR6: 6 | AS6: 60 | AT6: 20 | AU6: 1 | AV6: 7
A7: 0 | B7: 5 | C7: 3000 | D7: 0 | E7: 0.02 | F7: 0.5 | G7: 0 | H7: 298 | I7: 40 | J7: 60 | K7: 200 | L7: 3 | M7: -1 | N7: 11 | O7: 0.5 | P7: 0.79307002 | Q7: 50 | R7: 50 | S7: 50 | T7: 50 | U7: 1 | V7: 1 | W7: 16 | X7: 0 | Y7: 0 | Z7: 1000 | AA7: 0 | AB7: 1000 | AC7: 0 | AD7: 1000 | AE7: 170 | AF7: 2000 | AG7: 16 | AH7: 50 | AI7: 2000 | AJ7: 4 | AK7: 1800 | AL7: 1575 | AM7: 1575 | AN7: 0 | AO7: 300 | AP7: 300 | AQ7: 300 | AR7: 6 | AS7: 60 | AT7: 20 | AU7: 1 | AV7: 7
A8: 0 | B8: 6 | C8: 4201 | D8: 0 | E8: 0.02 | F8: 0.5 | G8: 0 | H8: 328 | I8: 40 | J8: 60 | K8: 202 | L8: 3 | M8: -1 | N8: 11 | O8: 0.5 | P8: 0.82813698 | Q8: 50 | R8: 50 | S8: 50 | T8: 50 | U8: 1 | V8: 1 | W8: 16 | X8: 0 | Y8: 0 | Z8: 1000 | AA8: 0 | AB8: 1000 | AC8: 0 | AD8: 1000 | AE8: 200 | AF8: 2000 | AG8: 16 | AH8: 50 | AI8: 2000 | AJ8: 4 | AK8: 1800 | AL8: 1575 | AM8: 1575 | AN8: 0 | AO8: 300 | AP8: 300 | AQ8: 300 | AR8: 6 | AS8: 60 | AT8: 20 | AU8: 1 | AV8: 7
A9: 0 | B9: 7 | C9: 5602 | D9: 0 | E9: 0.02 | F9: 0.5 | G9: 0 | H9: 378 | I9: 40 | J9: 60 | K9: 204 | L9: 4 | M9: -1 | N9: 13 | O9: 0.5 | P9: 0.82641298 | Q9: 50 | R9: 50 | S9: 50 | T9: 50 | U9: 1 | V9: 1 | W9: 16 | X9: 0 | Y9: 0 | Z9: 1000 | AA9: 0 | AB9: 1000 | AC9: 0 | AD9: 1000 | AE9: 210 | AF9: 2000 | AG9: 18 | AH9: 50 | AI9: 2000 | AJ9: 4 | AK9: 1800 | AL9: 1575 | AM9: 1575 | AN9: 0 | AO9: 300 | AP9: 300 | AQ9: 300 | AR9: 6 | AS9: 60 | AT9: 20 | AU9: 1 | AV9: 7
A10: 0 | B10: 8 | C10: 7204 | D10: 0 | E10: 0.02 | F10: 0.5 | G10: 0 | H10: 436 | I10: 40 | J10: 60 | K10: 206 | L10: 4 | M10: -1 | N10: 15 | O10: 0.5 | P10: 0.82736897 | Q10: 50 | R10: 50 | S10: 50 | T10: 50 | U10: 1 | V10: 1 | W10: 16 | X10: 0 | Y10: 0 | Z10: 1000 | AA10: 0 | AB10: 1000 | AC10: 0 | AD10: 1000 | AE10: 250 | AF10: 2000 | AG10: 18 | AH10: 50 | AI10: 2000 | AJ10: 4 | AK10: 1800 | AL10: 1575 | AM10: 1575 | AN10: 0 | AO10: 300 | AP10: 300 | AQ10: 300 | AR10: 6 | AS10: 60 | AT10: 20 | AU10: 1 | AV10: 7
A11: 0 | B11: 9 | C11: 9008 | D11: 0 | E11: 0.02 | F11: 0.5 | G11: 0 | H11: 516 | I11: 40 | J11: 60 | K11: 208 | L11: 4 | M11: -1 | N11: 19 | O11: 0.5 | P11: 0.81169301 | Q11: 50 | R11: 50 | S11: 50 | T11: 50 | U11: 1 | V11: 1 | W11: 16 | X11: 0 | Y11: 0 | Z11: 1000 | AA11: 0 | AB11: 1000 | AC11: 0 | AD11: 1000 | AE11: 280 | AF11: 2000 | AG11: 20 | AH11: 50 | AI11: 2000 | AJ11: 4 | AK11: 1800 | AL11: 1575 | AM11: 1575 | AN11: 0 | AO11: 300 | AP11: 300 | AQ11: 300 | AR11: 6 | AS11: 60 | AT11: 20 | AU11: 1 | AV11: 7
A12: 0 | B12: 10 | C12: 11014 | D12: 0 | E12: 0.02 | F12: 0.5 | G12: 0 | H12: 591 | I12: 40 | J12: 60 | K12: 225 | L12: 5 | M12: -1 | N12: 23 | O12: 0.5 | P12: 0.80024397 | Q12: 50 | R12: 50 | S12: 50 | T12: 50 | U12: 1 | V12: 1 | W12: 16 | X12: 0 | Y12: 0 | Z12: 1000 | AA12: 0 | AB12: 1000 | AC12: 0 | AD12: 1000 | AE12: 310 | AF12: 2000 | AG12: 20 | AH12: 50 | AI12: 2000 | AJ12: 4 | AK12: 1800 | AL12: 1575 | AM12: 1575 | AN12: 0 | AO12: 300 | AP12: 300 | AQ12: 300 | AR12: 6 | AS12: 60 | AT12: 20 | AU12: 1 | AV12: 7
A13: 0 | B13: 11 | C13: 13223 | D13: 0 | E13: 0.02 | F13: 0.5 | G13: 0 | H13: 683 | I13: 40 | J13: 60 | K13: 227 | L13: 5 | M13: -1 | N13: 29 | O13: 0.5 | P13: 0.77839798 | Q13: 50 | R13: 50 | S13: 50 | T13: 50 | U13: 1 | V13: 1 | W13: 16 | X13: 0 | Y13: 0 | Z13: 1000 | AA13: 0 | AB13: 1000 | AC13: 0 | AD13: 1000 | AE13: 330 | AF13: 2000 | AG13: 22 | AH13: 50 | AI13: 2000 | AJ13: 4 | AK13: 1800 | AL13: 1575 | AM13: 1575 | AN13: 0 | AO13: 300 | AP13: 300 | AQ13: 300 | AR13: 6 | AS13: 60 | AT13: 20 | AU13: 1 | AV13: 7
A14: 0 | B14: 12 | C14: 15638 | D14: 0 | E14: 0.02 | F14: 0.5 | G14: 0 | H14: 771 | I14: 40 | J14: 60 | K14: 229 | L14: 6 | M14: -1 | N14: 36 | O14: 0.5 | P14: 0.75383902 | Q14: 50 | R14: 50 | S14: 50 | T14: 50 | U14: 1 | V14: 1 | W14: 16 | X14: 0 | Y14: 0 | Z14: 1000 | AA14: 0 | AB14: 1000 | AC14: 0 | AD14: 1000 | AE14: 400 | AF14: 2000 | AG14: 22 | AH14: 50 | AI14: 2000 | AJ14: 4 | AK14: 1800 | AL14: 1575 | AM14: 1575 | AN14: 0 | AO14: 300 | AP14: 300 | AQ14: 300 | AR14: 6 | AS14: 60 | AT14: 20 | AU14: 1 | AV14: 7
... A77: 0 | B77: 75 | C77: 7.0006654e+17 | D77: 134 | E77: 0.02 | F77: 0.30000001 | G77: 0 | H77: 80000 | I77: 40 | J77: 60 | K77: 255 | L77: 99 | M77: -1 | N77: 5129 | O77: 0.5 | P77: 0.041453 | Q77: 50 | R77: 50 | S77: 50 | T77: 50 | U77: 1 | V77: 1 | W77: 16 | X77: 0 | Y77: 0 | Z77: 1000 | AA77: 0 | AB77: 1000 | AC77: 0 | AD77: 1000 | AE77: 60000 | AF77: 2000 | AG77: 74 | AH77: 50 | AI77: 2000 | AJ77: 4 | AK77: 1500 | AL77: 1575 | AM77: 1575 | AN77: 0 | AO77: 300 | AP77: 300 | AQ77: 300 | AR77: 6 | AS77: 60 | AT77: 20 | AU77: 1 | AV77: 7

Sheet CPai
A1: dword | B1: dword | C1: qword | D1: dword | E1: dword | F1: dword | G1: dword | H1: dword | I1: dword | J1: dword | K1: dword | L1: dword | M1: byte | N1: byte | O1: word | P1: byte | Q1: byte | R1: byte | S1: byte | T1: dword | U1: dword | V1: dword | W1: dword | X1: byte | Y1: byte | Z1: byte | AA1: byte | AB1: dword | AC1: dword | AD1: float | AE1: byte | AF1: byte | AG1: byte | AH1: byte | AI1: float | AJ1: dword | AK1: dword | AL1: dword | AM1: END
A2: =Pai!B2 -> Level | B2: none | C2: =Pai!C2 -> NeedExp | D2: =Pai!AE2 -> MaxHP | E2: =Pai!AH2 -> MaxFP | F2: =Pai!AG2 -> HPRecUnit | G2: =Pai!AF2 -> HPRecDelay | H2: =Pai!AJ2 -> FPRecUnit | I2: =Pai!AI2 -> FPRecDelay | J2: =Pai!H2 -> AttFcStd | K2: =Pai!N2 -> StdDefFc | L2: =Pai!W2 -> ForceAttStd | M2: =Pai!K2 -> AttSklUnit | N2: none | O2: none | P2: none | Q2: =Pai!L2 -> DefSklUnit | R2: none | S2: none | T2: none | U2: none | V2: none | W2: none | X2: =Pai!M2 -> WeakPart | Y2: =Pai!Q2 -> fire | Z2: =Pai!R2 -> water | AA2: =Pai!S2 -> soil | AB2: =Pai!T2 -> wind | AC2: =Pai!AK2 -> AttSpd | AD2: =Pai!AQ2 -> AttExt | AE2: =Pai!AR2 -> MovSpd | AF2: =Pai!AR2 -> MovSpd | AG2: =Pai!AT2 -> Width | AH2: none | AI2: =IF(Pai!AS2>700,Pai!AS2,Pai!AS2/100) -> ScaleRate | AJ2: =Pai!AU2 -> AttEffType | AK2: =Pai!AV2 -> DefEffType | AL2: none
A3: =Pai!B3 -> 1 | B3: 0 | C3: =Pai!C3 -> 200 | D3: =Pai!AE3 -> 28 | E3: =Pai!AH3 -> 50 | F3: =Pai!AG3 -> 5 | G3: =Pai!AF3 -> 2000 | H3: =Pai!AJ3 -> 4 | I3: =Pai!AI3 -> 2000 | J3: =Pai!H3 -> 34 | K3: =Pai!N3 -> 14 | L3: =Pai!W3 -> 16 | M3: =Pai!K3 -> 135 | N3: 0 | O3: 0 | P3: 0 | Q3: =Pai!L3 -> 1 | R3: 0 | S3: 0 | T3: 0 | U3: 0 | V3: 0 | W3: 0 | X3: =Pai!M3 -> -1 | Y3: =Pai!Q3 -> 0 | Z3: =Pai!R3 -> 0 | AA3: =Pai!S3 -> 0 | AB3: =Pai!T3 -> 0 | AC3: =Pai!AK3 -> 2000 | AD3: =Pai!AQ3 -> 45 | AE3: =Pai!AR3 -> 6 | AF3: =Pai!AR3 -> 6 | AG3: =Pai!AT3 -> 20 | AH3: 0 | AI3: =IF(Pai!AS3>700,Pai!AS3,Pai!AS3/100) -> 1 | AJ3: =Pai!AU3 -> 1 | AK3: =Pai!AV3 -> 512 | AL3: 0
A4: =Pai!B4 -> 2 | B4: 0 | C4: =Pai!C4 -> 600 | D4: =Pai!AE4 -> 36 | E4: =Pai!AH4 -> 50 | F4: =Pai!AG4 -> 5 | G4: =Pai!AF4 -> 2000 | H4: =Pai!AJ4 -> 4 | I4: =Pai!AI4 -> 2000 | J4: =Pai!H4 -> 35 | K4: =Pai!N4 -> 21 | L4: =Pai!W4 -> 16 | M4: =Pai!K4 -> 137 | N4: 0 | O4: 0 | P4: 0 | Q4: =Pai!L4 -> 1 | R4: 0 | S4: 0 | T4: 0 | U4: 0 | V4: 0 | W4: 0 | X4: =Pai!M4 -> -1 | Y4: =Pai!Q4 -> 0 | Z4: =Pai!R4 -> 0 | AA4: =Pai!S4 -> 0 | AB4: =Pai!T4 -> 0 | AC4: =Pai!AK4 -> 2000 | AD4: =Pai!AQ4 -> 45 | AE4: =Pai!AR4 -> 6 | AF4: =Pai!AR4 -> 6 | AG4: =Pai!AT4 -> 20 | AH4: 0 | AI4: =IF(Pai!AS4>700,Pai!AS4,Pai!AS4/100) -> 1.02 | AJ4: =Pai!AU4 -> 1 | AK4: =Pai!AV4 -> 512 | AL4: 0
A5: =Pai!B5 -> 3 | B5: 0 | C5: =Pai!C5 -> 1200 | D5: =Pai!AE5 -> 48 | E5: =Pai!AH5 -> 50 | F5: =Pai!AG5 -> 6 | G5: =Pai!AF5 -> 2000 | H5: =Pai!AJ5 -> 4 | I5: =Pai!AI5 -> 2000 | J5: =Pai!H5 -> 37 | K5: =Pai!N5 -> 23 | L5: =Pai!W5 -> 16 | M5: =Pai!K5 -> 139 | N5: 0 | O5: 0 | P5: 0 | Q5: =Pai!L5 -> 1 | R5: 0 | S5: 0 | T5: 0 | U5: 0 | V5: 0 | W5: 0 | X5: =Pai!M5 -> -1 | Y5: =Pai!Q5 -> 0 | Z5: =Pai!R5 -> 0 | AA5: =Pai!S5 -> 0 | AB5: =Pai!T5 -> 0 | AC5: =Pai!AK5 -> 2000 | AD5: =Pai!AQ5 -> 45 | AE5: =Pai!AR5 -> 6 | AF5: =Pai!AR5 -> 6 | AG5: =Pai!AT5 -> 20 | AH5: 0 | AI5: =IF(Pai!AS5>700,Pai!AS5,Pai!AS5/100) -> 1.04 | AJ5: =Pai!AU5 -> 1 | AK5: =Pai!AV5 -> 512 | AL5: 0
A6: =Pai!B6 -> 4 | B6: 0 | C6: =Pai!C6 -> 2000 | D6: =Pai!AE6 -> 52 | E6: =Pai!AH6 -> 50 | F6: =Pai!AG6 -> 6 | G6: =Pai!AF6 -> 2000 | H6: =Pai!AJ6 -> 4 | I6: =Pai!AI6 -> 2000 | J6: =Pai!H6 -> 42 | K6: =Pai!N6 -> 23 | L6: =Pai!W6 -> 16 | M6: =Pai!K6 -> 141 | N6: 0 | O6: 0 | P6: 0 | Q6: =Pai!L6 -> 1 | R6: 0 | S6: 0 | T6: 0 | U6: 0 | V6: 0 | W6: 0 | X6: =Pai!M6 -> -1 | Y6: =Pai!Q6 -> 0 | Z6: =Pai!R6 -> 0 | AA6: =Pai!S6 -> 0 | AB6: =Pai!T6 -> 0 | AC6: =Pai!AK6 -> 2000 | AD6: =Pai!AQ6 -> 45 | AE6: =Pai!AR6 -> 6 | AF6: =Pai!AR6 -> 6 | AG6: =Pai!AT6 -> 20 | AH6: 0 | AI6: =IF(Pai!AS6>700,Pai!AS6,Pai!AS6/100) -> 1.06 | AJ6: =Pai!AU6 -> 1 | AK6: =Pai!AV6 -> 512 | AL6: 0
A7: =Pai!B7 -> 5 | B7: 0 | C7: =Pai!C7 -> 3000 | D7: =Pai!AE7 -> 68 | E7: =Pai!AH7 -> 50 | F7: =Pai!AG7 -> 6 | G7: =Pai!AF7 -> 2000 | H7: =Pai!AJ7 -> 4 | I7: =Pai!AI7 -> 2000 | J7: =Pai!H7 -> 50 | K7: =Pai!N7 -> 28 | L7: =Pai!W7 -> 16 | M7: =Pai!K7 -> 160 | N7: 0 | O7: 0 | P7: 0 | Q7: =Pai!L7 -> 1 | R7: 0 | S7: 0 | T7: 0 | U7: 0 | V7: 0 | W7: 0 | X7: =Pai!M7 -> -1 | Y7: =Pai!Q7 -> 0 | Z7: =Pai!R7 -> 0 | AA7: =Pai!S7 -> 0 | AB7: =Pai!T7 -> 0 | AC7: =Pai!AK7 -> 2000 | AD7: =Pai!AQ7 -> 45 | AE7: =Pai!AR7 -> 6 | AF7: =Pai!AR7 -> 6 | AG7: =Pai!AT7 -> 20 | AH7: 0 | AI7: =IF(Pai!AS7>700,Pai!AS7,Pai!AS7/100) -> 1.08 | AJ7: =Pai!AU7 -> 1 | AK7: =Pai!AV7 -> 512 | AL7: 0
A8: =Pai!B8 -> 6 | B8: 0 | C8: =Pai!C8 -> 4201 | D8: =Pai!AE8 -> 80 | E8: =Pai!AH8 -> 50 | F8: =Pai!AG8 -> 6 | G8: =Pai!AF8 -> 2000 | H8: =Pai!AJ8 -> 4 | I8: =Pai!AI8 -> 2000 | J8: =Pai!H8 -> 53 | K8: =Pai!N8 -> 31 | L8: =Pai!W8 -> 16 | M8: =Pai!K8 -> 162 | N8: 0 | O8: 0 | P8: 0 | Q8: =Pai!L8 -> 1 | R8: 0 | S8: 0 | T8: 0 | U8: 0 | V8: 0 | W8: 0 | X8: =Pai!M8 -> -1 | Y8: =Pai!Q8 -> 0 | Z8: =Pai!R8 -> 0 | AA8: =Pai!S8 -> 0 | AB8: =Pai!T8 -> 0 | AC8: =Pai!AK8 -> 2000 | AD8: =Pai!AQ8 -> 45 | AE8: =Pai!AR8 -> 6 | AF8: =Pai!AR8 -> 6 | AG8: =Pai!AT8 -> 20 | AH8: 0 | AI8: =IF(Pai!AS8>700,Pai!AS8,Pai!AS8/100) -> 1.1 | AJ8: =Pai!AU8 -> 1 | AK8: =Pai!AV8 -> 512 | AL8: 0
A9: =Pai!B9 -> 7 | B9: 0 | C9: =Pai!C9 -> 5602 | D9: =Pai!AE9 -> 84 | E9: =Pai!AH9 -> 50 | F9: =Pai!AG9 -> 7 | G9: =Pai!AF9 -> 2000 | H9: =Pai!AJ9 -> 4 | I9: =Pai!AI9 -> 2000 | J9: =Pai!H9 -> 59 | K9: =Pai!N9 -> 35 | L9: =Pai!W9 -> 16 | M9: =Pai!K9 -> 164 | N9: 0 | O9: 0 | P9: 0 | Q9: =Pai!L9 -> 1 | R9: 0 | S9: 0 | T9: 0 | U9: 0 | V9: 0 | W9: 0 | X9: =Pai!M9 -> -1 | Y9: =Pai!Q9 -> 0 | Z9: =Pai!R9 -> 0 | AA9: =Pai!S9 -> 0 | AB9: =Pai!T9 -> 0 | AC9: =Pai!AK9 -> 2000 | AD9: =Pai!AQ9 -> 45 | AE9: =Pai!AR9 -> 6 | AF9: =Pai!AR9 -> 6 | AG9: =Pai!AT9 -> 20 | AH9: 0 | AI9: =IF(Pai!AS9>700,Pai!AS9,Pai!AS9/100) -> 1.12 | AJ9: =Pai!AU9 -> 1 | AK9: =Pai!AV9 -> 512 | AL9: 0
A10: =Pai!B10 -> 8 | B10: 0 | C10: =Pai!C10 -> 7204 | D10: =Pai!AE10 -> 100 | E10: =Pai!AH10 -> 50 | F10: =Pai!AG10 -> 7 | G10: =Pai!AF10 -> 2000 | H10: =Pai!AJ10 -> 4 | I10: =Pai!AI10 -> 2000 | J10: =Pai!H10 -> 66 | K10: =Pai!N10 -> 43 | L10: =Pai!W10 -> 16 | M10: =Pai!K10 -> 166 | N10: 0 | O10: 0 | P10: 0 | Q10: =Pai!L10 -> 1 | R10: 0 | S10: 0 | T10: 0 | U10: 0 | V10: 0 | W10: 0 | X10: =Pai!M10 -> -1 | Y10: =Pai!Q10 -> 0 | Z10: =Pai!R10 -> 0 | AA10: =Pai!S10 -> 0 | AB10: =Pai!T10 -> 0 | AC10: =Pai!AK10 -> 2000 | AD10: =Pai!AQ10 -> 45 | AE10: =Pai!AR10 -> 6 | AF10: =Pai!AR10 -> 6 | AG10: =Pai!AT10 -> 20 | AH10: 0 | AI10: =IF(Pai!AS10>700,Pai!AS10,Pai!AS10/100) -> 1.14 | AJ10: =Pai!AU10 -> 1 | AK10: =Pai!AV10 -> 512 | AL10: 0
A11: =Pai!B11 -> 9 | B11: 0 | C11: =Pai!C11 -> 9008 | D11: =Pai!AE11 -> 112 | E11: =Pai!AH11 -> 50 | F11: =Pai!AG11 -> 8 | G11: =Pai!AF11 -> 2000 | H11: =Pai!AJ11 -> 4 | I11: =Pai!AI11 -> 2000 | J11: =Pai!H11 -> 76 | K11: =Pai!N11 -> 50 | L11: =Pai!W11 -> 16 | M11: =Pai!K11 -> 168 | N11: 0 | O11: 0 | P11: 0 | Q11: =Pai!L11 -> 1 | R11: 0 | S11: 0 | T11: 0 | U11: 0 | V11: 0 | W11: 0 | X11: =Pai!M11 -> -1 | Y11: =Pai!Q11 -> 0 | Z11: =Pai!R11 -> 0 | AA11: =Pai!S11 -> 0 | AB11: =Pai!T11 -> 0 | AC11: =Pai!AK11 -> 2000 | AD11: =Pai!AQ11 -> 45 | AE11: =Pai!AR11 -> 6 | AF11: =Pai!AR11 -> 6 | AG11: =Pai!AT11 -> 20 | AH11: 0 | AI11: =IF(Pai!AS11>700,Pai!AS11,Pai!AS11/100) -> 1.16 | AJ11: =Pai!AU11 -> 1 | AK11: =Pai!AV11 -> 512 | AL11: 0
A12: =Pai!B12 -> 10 | B12: 0 | C12: =Pai!C12 -> 11014 | D12: =Pai!AE12 -> 124 | E12: =Pai!AH12 -> 50 | F12: =Pai!AG12 -> 8 | G12: =Pai!AF12 -> 2000 | H12: =Pai!AJ12 -> 4 | I12: =Pai!AI12 -> 2000 | J12: =Pai!H12 -> 86 | K12: =Pai!N12 -> 61 | L12: =Pai!W12 -> 16 | M12: =Pai!K12 -> 185 | N12: 0 | O12: 0 | P12: 0 | Q12: =Pai!L12 -> 1 | R12: 0 | S12: 0 | T12: 0 | U12: 0 | V12: 0 | W12: 0 | X12: =Pai!M12 -> -1 | Y12: =Pai!Q12 -> 0 | Z12: =Pai!R12 -> 0 | AA12: =Pai!S12 -> 0 | AB12: =Pai!T12 -> 0 | AC12: =Pai!AK12 -> 2000 | AD12: =Pai!AQ12 -> 45 | AE12: =Pai!AR12 -> 6 | AF12: =Pai!AR12 -> 6 | AG12: =Pai!AT12 -> 20 | AH12: 0 | AI12: =IF(Pai!AS12>700,Pai!AS12,Pai!AS12/100) -> 1.18 | AJ12: =Pai!AU12 -> 1 | AK12: =Pai!AV12 -> 512 | AL12: 0
A13: =Pai!B13 -> 11 | B13: 0 | C13: =Pai!C13 -> 13223 | D13: =Pai!AE13 -> 132 | E13: =Pai!AH13 -> 50 | F13: =Pai!AG13 -> 9 | G13: =Pai!AF13 -> 2000 | H13: =Pai!AJ13 -> 4 | I13: =Pai!AI13 -> 2000 | J13: =Pai!H13 -> 97 | K13: =Pai!N13 -> 70 | L13: =Pai!W13 -> 16 | M13: =Pai!K13 -> 187 | N13: 0 | O13: 0 | P13: 0 | Q13: =Pai!L13 -> 1 | R13: 0 | S13: 0 | T13: 0 | U13: 0 | V13: 0 | W13: 0 | X13: =Pai!M13 -> -1 | Y13: =Pai!Q13 -> 0 | Z13: =Pai!R13 -> 0 | AA13: =Pai!S13 -> 0 | AB13: =Pai!T13 -> 0 | AC13: =Pai!AK13 -> 2000 | AD13: =Pai!AQ13 -> 45 | AE13: =Pai!AR13 -> 6 | AF13: =Pai!AR13 -> 6 | AG13: =Pai!AT13 -> 20 | AH13: 0 | AI13: =IF(Pai!AS13>700,Pai!AS13,Pai!AS13/100) -> 1.2 | AJ13: =Pai!AU13 -> 1 | AK13: =Pai!AV13 -> 512 | AL13: 0
A14: =Pai!B14 -> 12 | B14: 0 | C14: =Pai!C14 -> 15638 | D14: =Pai!AE14 -> 160 | E14: =Pai!AH14 -> 50 | F14: =Pai!AG14 -> 9 | G14: =Pai!AF14 -> 2000 | H14: =Pai!AJ14 -> 4 | I14: =Pai!AI14 -> 2000 | J14: =Pai!H14 -> 108 | K14: =Pai!N14 -> 84 | L14: =Pai!W14 -> 16 | M14: =Pai!K14 -> 189 | N14: 0 | O14: 0 | P14: 0 | Q14: =Pai!L14 -> 1 | R14: 0 | S14: 0 | T14: 0 | U14: 0 | V14: 0 | W14: 0 | X14: =Pai!M14 -> -1 | Y14: =Pai!Q14 -> 0 | Z14: =Pai!R14 -> 0 | AA14: =Pai!S14 -> 0 | AB14: =Pai!T14 -> 0 | AC14: =Pai!AK14 -> 2000 | AD14: =Pai!AQ14 -> 45 | AE14: =Pai!AR14 -> 6 | AF14: =Pai!AR14 -> 6 | AG14: =Pai!AT14 -> 20 | AH14: 0 | AI14: =IF(Pai!AS14>700,Pai!AS14,Pai!AS14/100) -> 1.22 | AJ14: =Pai!AU14 -> 1 | AK14: =Pai!AV14 -> 512 | AL14: 0
... A77: =Pai!B77 -> 75 | B77: 0 | C77: =Pai!C77 -> 7.0665409e+15 | D77: =Pai!AE77 -> 60000 | E77: =Pai!AH77 -> 50 | F77: =Pai!AG77 -> 111 | G77: =Pai!AF77 -> 2000 | H77: =Pai!AJ77 -> 4 | I77: =Pai!AI77 -> 2000 | J77: =Pai!H77 -> 13152 | K77: =Pai!N77 -> 80000 | L77: =Pai!W77 -> 16 | M77: =Pai!K77 -> 255 | N77: 0 | O77: 0 | P77: 0 | Q77: =Pai!L77 -> 1 | R77: 0 | S77: 0 | T77: 0 | U77: 0 | V77: 0 | W77: 0 | X77: =Pai!M77 -> -1 | Y77: =Pai!Q77 -> 0 | Z77: =Pai!R77 -> 0 | AA77: =Pai!S77 -> 0 | AB77: =Pai!T77 -> 0 | AC77: =Pai!AK77 -> 2000 | AD77: =Pai!AQ77 -> 45 | AE77: =Pai!AR77 -> 6 | AF77: =Pai!AR77 -> 6 | AG77: =Pai!AT77 -> 20 | AH77: 0 | AI77: =IF(Pai!AS77>700,Pai!AS77,Pai!AS77/100) -> 2.7 | AJ77: =Pai!AU77 -> 1 | AK77: =Pai!AV77 -> 512 | AL77: 0

Sheet CHec
A1: dword | B1: dword | C1: qword | D1: dword | E1: dword | F1: dword | G1: dword | H1: dword | I1: dword | J1: dword | K1: dword | L1: dword | M1: byte | N1: byte | O1: word | P1: byte | Q1: byte | R1: byte | S1: byte | T1: dword | U1: dword | V1: dword | W1: dword | X1: byte | Y1: byte | Z1: byte | AA1: byte | AB1: byte+3 | AC1: dword | AD1: float | AE1: byte | AF1: byte | AG1: byte | AH1: byte | AI1: float | AJ1: dword | AK1: dword | AL1: dword | AM1: END
A2: =Hec!B2 -> Level | B2: none | C2: =Hec!C2 -> NeedExp | D2: =Hec!AE2 -> MaxHP | E2: =Hec!AH2 -> MaxFP | F2: =Hec!AG2 -> HPRecUnit | G2: =Hec!AF2 -> HPRecDelay | H2: =Hec!AJ2 -> FPRecUnit | I2: =Hec!AI2 -> FPRecDelay | J2: =Hec!H2 -> AttFcStd | K2: =Hec!N2 -> StdDefFc | L2: =Hec!W2 -> ForceAttStd | M2: =Hec!K2 -> AttSklUnit | N2: none | O2: none | P2: none | Q2: =Hec!L2 -> DefSklUnit | R2: none | S2: none | T2: none | U2: none | V2: none | W2: none | X2: =Hec!M2 -> WeakPart | Y2: =Hec!Q2 -> fire | Z2: =Hec!R2 -> water | AA2: =Hec!S2 -> soil | AB2: =Hec!T2 -> wind | AC2: =Hec!AK2 -> AttSpd | AD2: =Hec!AQ2 -> AttExt | AE2: =Hec!AR2 -> MovSpd | AF2: =Hec!AR2 -> MovSpd | AG2: =Hec!AT2 -> Width | AH2: none | AI2: =IF(Hec!AS2>700,Hec!AS2,Hec!AS2/100) -> ScaleRate | AJ2: =Hec!AU2 -> AttEffType | AK2: =Hec!AV2 -> DefEffType | AL2: none
A3: =Hec!B3 -> 1 | B3: 0 | C3: =Hec!C3 -> 200 | D3: =Hec!AE3 -> 70 | E3: =Hec!AH3 -> 50 | F3: =Hec!AG3 -> 12 | G3: =Hec!AF3 -> 2000 | H3: =Hec!AJ3 -> 4 | I3: =Hec!AI3 -> 2000 | J3: =Hec!H3 -> 1 | K3: =Hec!N3 -> 10 | L3: =Hec!W3 -> 16 | M3: =Hec!K3 -> 95 | N3: 0 | O3: 0 | P3: 0 | Q3: =Hec!L3 -> 3 | R3: 0 | S3: 0 | T3: 0 | U3: 0 | V3: 0 | W3: 0 | X3: =Hec!M3 -> -1 | Y3: =Hec!Q3 -> 10 | Z3: =Hec!R3 -> 10 | AA3: =Hec!S3 -> 10 | AB3: =Hec!T3 -> 10 | AC3: =Hec!AK3 -> 900 | AD3: =Hec!AQ3 -> 225 | AE3: =Hec!AR3 -> 6 | AF3: =Hec!AR3 -> 6 | AG3: =Hec!AT3 -> 20 | AH3: 0 | AI3: =IF(Hec!AS3>700,Hec!AS3,Hec!AS3/100) -> 1 | AJ3: =Hec!AU3 -> 10 | AK3: =Hec!AV3 -> 273 | AL3: 0
A4: =Hec!B4 -> 2 | B4: 0 | C4: =Hec!C4 -> 600 | D4: =Hec!AE4 -> 90 | E4: =Hec!AH4 -> 50 | F4: =Hec!AG4 -> 12 | G4: =Hec!AF4 -> 2000 | H4: =Hec!AJ4 -> 4 | I4: =Hec!AI4 -> 2000 | J4: =Hec!H4 -> 1 | K4: =Hec!N4 -> 12 | L4: =Hec!W4 -> 16 | M4: =Hec!K4 -> 97 | N4: 0 | O4: 0 | P4: 0 | Q4: =Hec!L4 -> 3 | R4: 0 | S4: 0 | T4: 0 | U4: 0 | V4: 0 | W4: 0 | X4: =Hec!M4 -> -1 | Y4: =Hec!Q4 -> 10 | Z4: =Hec!R4 -> 10 | AA4: =Hec!S4 -> 10 | AB4: =Hec!T4 -> 10 | AC4: =Hec!AK4 -> 900 | AD4: =Hec!AQ4 -> 225 | AE4: =Hec!AR4 -> 6 | AF4: =Hec!AR4 -> 6 | AG4: =Hec!AT4 -> 20 | AH4: 0 | AI4: =IF(Hec!AS4>700,Hec!AS4,Hec!AS4/100) -> 1 | AJ4: =Hec!AU4 -> 10 | AK4: =Hec!AV4 -> 273 | AL4: 0
A5: =Hec!B5 -> 3 | B5: 0 | C5: =Hec!C5 -> 1200 | D5: =Hec!AE5 -> 120 | E5: =Hec!AH5 -> 50 | F5: =Hec!AG5 -> 14 | G5: =Hec!AF5 -> 2000 | H5: =Hec!AJ5 -> 4 | I5: =Hec!AI5 -> 2000 | J5: =Hec!H5 -> 1 | K5: =Hec!N5 -> 16 | L5: =Hec!W5 -> 16 | M5: =Hec!K5 -> 99 | N5: 0 | O5: 0 | P5: 0 | Q5: =Hec!L5 -> 3 | R5: 0 | S5: 0 | T5: 0 | U5: 0 | V5: 0 | W5: 0 | X5: =Hec!M5 -> -1 | Y5: =Hec!Q5 -> 10 | Z5: =Hec!R5 -> 10 | AA5: =Hec!S5 -> 10 | AB5: =Hec!T5 -> 10 | AC5: =Hec!AK5 -> 900 | AD5: =Hec!AQ5 -> 225 | AE5: =Hec!AR5 -> 6 | AF5: =Hec!AR5 -> 6 | AG5: =Hec!AT5 -> 20 | AH5: 0 | AI5: =IF(Hec!AS5>700,Hec!AS5,Hec!AS5/100) -> 1 | AJ5: =Hec!AU5 -> 10 | AK5: =Hec!AV5 -> 273 | AL5: 0
A6: =Hec!B6 -> 4 | B6: 0 | C6: =Hec!C6 -> 2000 | D6: =Hec!AE6 -> 130 | E6: =Hec!AH6 -> 50 | F6: =Hec!AG6 -> 14 | G6: =Hec!AF6 -> 2000 | H6: =Hec!AJ6 -> 4 | I6: =Hec!AI6 -> 2000 | J6: =Hec!H6 -> 1 | K6: =Hec!N6 -> 18 | L6: =Hec!W6 -> 16 | M6: =Hec!K6 -> 101 | N6: 0 | O6: 0 | P6: 0 | Q6: =Hec!L6 -> 6 | R6: 0 | S6: 0 | T6: 0 | U6: 0 | V6: 0 | W6: 0 | X6: =Hec!M6 -> -1 | Y6: =Hec!Q6 -> 10 | Z6: =Hec!R6 -> 10 | AA6: =Hec!S6 -> 10 | AB6: =Hec!T6 -> 10 | AC6: =Hec!AK6 -> 900 | AD6: =Hec!AQ6 -> 225 | AE6: =Hec!AR6 -> 6 | AF6: =Hec!AR6 -> 6 | AG6: =Hec!AT6 -> 20 | AH6: 0 | AI6: =IF(Hec!AS6>700,Hec!AS6,Hec!AS6/100) -> 1 | AJ6: =Hec!AU6 -> 10 | AK6: =Hec!AV6 -> 273 | AL6: 0
A7: =Hec!B7 -> 5 | B7: 0 | C7: =Hec!C7 -> 3000 | D7: =Hec!AE7 -> 170 | E7: =Hec!AH7 -> 50 | F7: =Hec!AG7 -> 16 | G7: =Hec!AF7 -> 2000 | H7: =Hec!AJ7 -> 4 | I7: =Hec!AI7 -> 2000 | J7: =Hec!H7 -> 1 | K7: =Hec!N7 -> 22 | L7: =Hec!W7 -> 16 | M7: =Hec!K7 -> 120 | N7: 0 | O7: 0 | P7: 0 | Q7: =Hec!L7 -> 9 | R7: 0 | S7: 0 | T7: 0 | U7: 0 | V7: 0 | W7: 0 | X7: =Hec!M7 -> -1 | Y7: =Hec!Q7 -> 10 | Z7: =Hec!R7 -> 10 | AA7: =Hec!S7 -> 10 | AB7: =Hec!T7 -> 10 | AC7: =Hec!AK7 -> 900 | AD7: =Hec!AQ7 -> 225 | AE7: =Hec!AR7 -> 6 | AF7: =Hec!AR7 -> 6 | AG7: =Hec!AT7 -> 20 | AH7: 0 | AI7: =IF(Hec!AS7>700,Hec!AS7,Hec!AS7/100) -> 1 | AJ7: =Hec!AU7 -> 10 | AK7: =Hec!AV7 -> 273 | AL7: 0
A8: =Hec!B8 -> 6 | B8: 0 | C8: =Hec!C8 -> 4201 | D8: =Hec!AE8 -> 200 | E8: =Hec!AH8 -> 50 | F8: =Hec!AG8 -> 16 | G8: =Hec!AF8 -> 2000 | H8: =Hec!AJ8 -> 4 | I8: =Hec!AI8 -> 2000 | J8: =Hec!H8 -> 1 | K8: =Hec!N8 -> 22 | L8: =Hec!W8 -> 16 | M8: =Hec!K8 -> 122 | N8: 0 | O8: 0 | P8: 0 | Q8: =Hec!L8 -> 9 | R8: 0 | S8: 0 | T8: 0 | U8: 0 | V8: 0 | W8: 0 | X8: =Hec!M8 -> -1 | Y8: =Hec!Q8 -> 10 | Z8: =Hec!R8 -> 10 | AA8: =Hec!S8 -> 10 | AB8: =Hec!T8 -> 10 | AC8: =Hec!AK8 -> 900 | AD8: =Hec!AQ8 -> 225 | AE8: =Hec!AR8 -> 6 | AF8: =Hec!AR8 -> 6 | AG8: =Hec!AT8 -> 20 | AH8: 0 | AI8: =IF(Hec!AS8>700,Hec!AS8,Hec!AS8/100) -> 1 | AJ8: =Hec!AU8 -> 10 | AK8: =Hec!AV8 -> 273 | AL8: 0
A9: =Hec!B9 -> 7 | B9: 0 | C9: =Hec!C9 -> 5602 | D9: =Hec!AE9 -> 210 | E9: =Hec!AH9 -> 50 | F9: =Hec!AG9 -> 18 | G9: =Hec!AF9 -> 2000 | H9: =Hec!AJ9 -> 4 | I9: =Hec!AI9 -> 2000 | J9: =Hec!H9 -> 1 | K9: =Hec!N9 -> 26 | L9: =Hec!W9 -> 16 | M9: =Hec!K9 -> 124 | N9: 0 | O9: 0 | P9: 0 | Q9: =Hec!L9 -> 12 | R9: 0 | S9: 0 | T9: 0 | U9: 0 | V9: 0 | W9: 0 | X9: =Hec!M9 -> -1 | Y9: =Hec!Q9 -> 10 | Z9: =Hec!R9 -> 10 | AA9: =Hec!S9 -> 10 | AB9: =Hec!T9 -> 10 | AC9: =Hec!AK9 -> 900 | AD9: =Hec!AQ9 -> 225 | AE9: =Hec!AR9 -> 6 | AF9: =Hec!AR9 -> 6 | AG9: =Hec!AT9 -> 20 | AH9: 0 | AI9: =IF(Hec!AS9>700,Hec!AS9,Hec!AS9/100) -> 1 | AJ9: =Hec!AU9 -> 10 | AK9: =Hec!AV9 -> 273 | AL9: 0
A10: =Hec!B10 -> 8 | B10: 0 | C10: =Hec!C10 -> 7204 | D10: =Hec!AE10 -> 250 | E10: =Hec!AH10 -> 50 | F10: =Hec!AG10 -> 18 | G10: =Hec!AF10 -> 2000 | H10: =Hec!AJ10 -> 4 | I10: =Hec!AI10 -> 2000 | J10: =Hec!H10 -> 1 | K10: =Hec!N10 -> 30 | L10: =Hec!W10 -> 16 | M10: =Hec!K10 -> 126 | N10: 0 | O10: 0 | P10: 0 | Q10: =Hec!L10 -> 12 | R10: 0 | S10: 0 | T10: 0 | U10: 0 | V10: 0 | W10: 0 | X10: =Hec!M10 -> -1 | Y10: =Hec!Q10 -> 10 | Z10: =Hec!R10 -> 10 | AA10: =Hec!S10 -> 10 | AB10: =Hec!T10 -> 10 | AC10: =Hec!AK10 -> 900 | AD10: =Hec!AQ10 -> 225 | AE10: =Hec!AR10 -> 6 | AF10: =Hec!AR10 -> 6 | AG10: =Hec!AT10 -> 20 | AH10: 0 | AI10: =IF(Hec!AS10>700,Hec!AS10,Hec!AS10/100) -> 1 | AJ10: =Hec!AU10 -> 10 | AK10: =Hec!AV10 -> 273 | AL10: 0
A11: =Hec!B11 -> 9 | B11: 0 | C11: =Hec!C11 -> 9008 | D11: =Hec!AE11 -> 280 | E11: =Hec!AH11 -> 50 | F11: =Hec!AG11 -> 20 | G11: =Hec!AF11 -> 2000 | H11: =Hec!AJ11 -> 4 | I11: =Hec!AI11 -> 2000 | J11: =Hec!H11 -> 1 | K11: =Hec!N11 -> 38 | L11: =Hec!W11 -> 16 | M11: =Hec!K11 -> 128 | N11: 0 | O11: 0 | P11: 0 | Q11: =Hec!L11 -> 12 | R11: 0 | S11: 0 | T11: 0 | U11: 0 | V11: 0 | W11: 0 | X11: =Hec!M11 -> -1 | Y11: =Hec!Q11 -> 10 | Z11: =Hec!R11 -> 10 | AA11: =Hec!S11 -> 10 | AB11: =Hec!T11 -> 10 | AC11: =Hec!AK11 -> 900 | AD11: =Hec!AQ11 -> 225 | AE11: =Hec!AR11 -> 6 | AF11: =Hec!AR11 -> 6 | AG11: =Hec!AT11 -> 20 | AH11: 0 | AI11: =IF(Hec!AS11>700,Hec!AS11,Hec!AS11/100) -> 1 | AJ11: =Hec!AU11 -> 10 | AK11: =Hec!AV11 -> 273 | AL11: 0
A12: =Hec!B12 -> 10 | B12: 0 | C12: =Hec!C12 -> 11014 | D12: =Hec!AE12 -> 310 | E12: =Hec!AH12 -> 50 | F12: =Hec!AG12 -> 20 | G12: =Hec!AF12 -> 2000 | H12: =Hec!AJ12 -> 4 | I12: =Hec!AI12 -> 2000 | J12: =Hec!H12 -> 1 | K12: =Hec!N12 -> 46 | L12: =Hec!W12 -> 16 | M12: =Hec!K12 -> 145 | N12: 0 | O12: 0 | P12: 0 | Q12: =Hec!L12 -> 15 | R12: 0 | S12: 0 | T12: 0 | U12: 0 | V12: 0 | W12: 0 | X12: =Hec!M12 -> -1 | Y12: =Hec!Q12 -> 10 | Z12: =Hec!R12 -> 10 | AA12: =Hec!S12 -> 10 | AB12: =Hec!T12 -> 10 | AC12: =Hec!AK12 -> 900 | AD12: =Hec!AQ12 -> 225 | AE12: =Hec!AR12 -> 6 | AF12: =Hec!AR12 -> 6 | AG12: =Hec!AT12 -> 20 | AH12: 0 | AI12: =IF(Hec!AS12>700,Hec!AS12,Hec!AS12/100) -> 1 | AJ12: =Hec!AU12 -> 10 | AK12: =Hec!AV12 -> 273 | AL12: 0
A13: =Hec!B13 -> 11 | B13: 0 | C13: =Hec!C13 -> 13223 | D13: =Hec!AE13 -> 330 | E13: =Hec!AH13 -> 50 | F13: =Hec!AG13 -> 22 | G13: =Hec!AF13 -> 2000 | H13: =Hec!AJ13 -> 4 | I13: =Hec!AI13 -> 2000 | J13: =Hec!H13 -> 1 | K13: =Hec!N13 -> 58 | L13: =Hec!W13 -> 16 | M13: =Hec!K13 -> 147 | N13: 0 | O13: 0 | P13: 0 | Q13: =Hec!L13 -> 15 | R13: 0 | S13: 0 | T13: 0 | U13: 0 | V13: 0 | W13: 0 | X13: =Hec!M13 -> -1 | Y13: =Hec!Q13 -> 10 | Z13: =Hec!R13 -> 10 | AA13: =Hec!S13 -> 10 | AB13: =Hec!T13 -> 10 | AC13: =Hec!AK13 -> 900 | AD13: =Hec!AQ13 -> 225 | AE13: =Hec!AR13 -> 6 | AF13: =Hec!AR13 -> 6 | AG13: =Hec!AT13 -> 20 | AH13: 0 | AI13: =IF(Hec!AS13>700,Hec!AS13,Hec!AS13/100) -> 1 | AJ13: =Hec!AU13 -> 10 | AK13: =Hec!AV13 -> 273 | AL13: 0
A14: =Hec!B14 -> 12 | B14: 0 | C14: =Hec!C14 -> 15638 | D14: =Hec!AE14 -> 400 | E14: =Hec!AH14 -> 50 | F14: =Hec!AG14 -> 22 | G14: =Hec!AF14 -> 2000 | H14: =Hec!AJ14 -> 4 | I14: =Hec!AI14 -> 2000 | J14: =Hec!H14 -> 1 | K14: =Hec!N14 -> 72 | L14: =Hec!W14 -> 16 | M14: =Hec!K14 -> 149 | N14: 0 | O14: 0 | P14: 0 | Q14: =Hec!L14 -> 18 | R14: 0 | S14: 0 | T14: 0 | U14: 0 | V14: 0 | W14: 0 | X14: =Hec!M14 -> -1 | Y14: =Hec!Q14 -> 10 | Z14: =Hec!R14 -> 10 | AA14: =Hec!S14 -> 10 | AB14: =Hec!T14 -> 10 | AC14: =Hec!AK14 -> 900 | AD14: =Hec!AQ14 -> 225 | AE14: =Hec!AR14 -> 6 | AF14: =Hec!AR14 -> 6 | AG14: =Hec!AT14 -> 20 | AH14: 0 | AI14: =IF(Hec!AS14>700,Hec!AS14,Hec!AS14/100) -> 1 | AJ14: =Hec!AU14 -> 10 | AK14: =Hec!AV14 -> 273 | AL14: 0
... A77: =Hec!B77 -> 75 | B77: 0 | C77: =Hec!C77 -> 7.0006654e+17 | D77: =Hec!AE77 -> 60000 | E77: =Hec!AH77 -> 50 | F77: =Hec!AG77 -> 74 | G77: =Hec!AF77 -> 2000 | H77: =Hec!AJ77 -> 4 | I77: =Hec!AI77 -> 2000 | J77: =Hec!H77 -> 1 | K77: =Hec!N77 -> 7883 | L77: =Hec!W77 -> 16 | M77: =Hec!K77 -> 255 | N77: 0 | O77: 0 | P77: 0 | Q77: =Hec!L77 -> 743 | R77: 0 | S77: 0 | T77: 0 | U77: 0 | V77: 0 | W77: 0 | X77: =Hec!M77 -> -1 | Y77: =Hec!Q77 -> 10 | Z77: =Hec!R77 -> 10 | AA77: =Hec!S77 -> 10 | AB77: =Hec!T77 -> 10 | AC77: =Hec!AK77 -> 900 | AD77: =Hec!AQ77 -> 230 | AE77: =Hec!AR77 -> 6 | AF77: =Hec!AR77 -> 6 | AG77: =Hec!AT77 -> 20 | AH77: 0 | AI77: =IF(Hec!AS77>700,Hec!AS77,Hec!AS77/100) -> 1 | AJ77: =Hec!AU77 -> 10 | AK77: =Hec!AV77 -> 273 | AL77: 0

Sheet CIna
A1: dword | B1: dword | C1: qword | D1: dword | E1: dword | F1: dword | G1: dword | H1: dword | I1: dword | J1: dword | K1: dword | L1: dword | M1: byte | N1: byte | O1: word | P1: byte | Q1: byte | R1: byte | S1: byte | T1: dword | U1: dword | V1: dword | W1: dword | X1: byte | Y1: byte | Z1: byte | AA1: byte | AB1: byte+3 | AC1: dword | AD1: float | AE1: byte | AF1: byte | AG1: byte | AH1: byte | AI1: float | AJ1: dword | AK1: dword | AL1: dword | AM1: END
A2: =Ina!B2 -> Level | B2: none | C2: =Ina!C2 -> NeedExp | D2: =Ina!AE2 -> MaxHP | E2: =Ina!AH2 -> MaxFP | F2: =Ina!AG2 -> HPRecUnit | G2: =Ina!AF2 -> HPRecDelay | H2: =Ina!AJ2 -> FPRecUnit | I2: =Ina!AI2 -> FPRecDelay | J2: =Ina!H2 -> AttFcStd | K2: =Ina!N2 -> StdDefFc | L2: =Ina!W2 -> ForceAttStd | M2: =Ina!K2 -> AttSklUnit | N2: none | O2: none | P2: none | Q2: =Ina!L2 -> DefSklUnit | R2: none | S2: none | T2: none | U2: none | V2: none | W2: none | X2: =Ina!M2 -> WeakPart | Y2: =Ina!Q2 -> fire | Z2: =Ina!R2 -> water | AA2: =Ina!S2 -> soil | AB2: =Ina!T2 -> wind | AC2: =Ina!AK2 -> AttSpd | AD2: =Ina!AQ2 -> AttExt | AE2: =Ina!AR2 -> MovSpd | AF2: =Ina!AR2 -> MovSpd | AG2: =Ina!AT2 -> Width | AH2: none | AI2: =IF(Ina!AS2>700,Ina!AS2,Ina!AS2/100) -> ScaleRate | AJ2: =Ina!AU2 -> AttEffType | AK2: =Ina!AV2 -> DefEffType | AL2: none
A3: =Ina!B3 -> 1 | B3: 0 | C3: =Ina!C3 -> 2160 | D3: =Ina!AE3 -> 70 | E3: =Ina!AH3 -> 50 | F3: =Ina!AG3 -> 12 | G3: =Ina!AF3 -> 2000 | H3: =Ina!AJ3 -> 4 | I3: =Ina!AI3 -> 2000 | J3: =Ina!H3 -> 27 | K3: =Ina!N3 -> 10 | L3: =Ina!W3 -> 16 | M3: =Ina!K3 -> 1 | N3: 0 | O3: 0 | P3: 0 | Q3: =Ina!L3 -> 1 | R3: 0 | S3: 0 | T3: 0 | U3: 0 | V3: 0 | W3: 0 | X3: =Ina!M3 -> -1 | Y3: =Ina!Q3 -> 0 | Z3: =Ina!R3 -> 0 | AA3: =Ina!S3 -> 0 | AB3: =Ina!T3 -> 0 | AC3: =Ina!AK3 -> 1575 | AD3: =Ina!AQ3 -> 225 | AE3: =Ina!AR3 -> 6 | AF3: =Ina!AR3 -> 6 | AG3: =Ina!AT3 -> 20 | AH3: 0 | AI3: =IF(Ina!AS3>700,Ina!AS3,Ina!AS3/100) -> 0.7 | AJ3: =Ina!AU3 -> 0 | AK3: =Ina!AV3 -> 1041 | AL3: 0
A4: =Ina!B4 -> 2 | B4: 0 | C4: =Ina!C4 -> 4752 | D4: =Ina!AE4 -> 90 | E4: =Ina!AH4 -> 50 | F4: =Ina!AG4 -> 12 | G4: =Ina!AF4 -> 2000 | H4: =Ina!AJ4 -> 4 | I4: =Ina!AI4 -> 2000 | J4: =Ina!H4 -> 32 | K4: =Ina!N4 -> 12 | L4: =Ina!W4 -> 16 | M4: =Ina!K4 -> 1 | N4: 0 | O4: 0 | P4: 0 | Q4: =Ina!L4 -> 2 | R4: 0 | S4: 0 | T4: 0 | U4: 0 | V4: 0 | W4: 0 | X4: =Ina!M4 -> -1 | Y4: =Ina!Q4 -> 0 | Z4: =Ina!R4 -> 0 | AA4: =Ina!S4 -> 0 | AB4: =Ina!T4 -> 0 | AC4: =Ina!AK4 -> 1575 | AD4: =Ina!AQ4 -> 225 | AE4: =Ina!AR4 -> 6 | AF4: =Ina!AR4 -> 6 | AG4: =Ina!AT4 -> 20 | AH4: 0 | AI4: =IF(Ina!AS4>700,Ina!AS4,Ina!AS4/100) -> 0.7 | AJ4: =Ina!AU4 -> 0 | AK4: =Ina!AV4 -> 1041 | AL4: 0
A5: =Ina!B5 -> 3 | B5: 0 | C5: =Ina!C5 -> 8682 | D5: =Ina!AE5 -> 120 | E5: =Ina!AH5 -> 50 | F5: =Ina!AG5 -> 14 | G5: =Ina!AF5 -> 2000 | H5: =Ina!AJ5 -> 4 | I5: =Ina!AI5 -> 2000 | J5: =Ina!H5 -> 39 | K5: =Ina!N5 -> 16 | L5: =Ina!W5 -> 16 | M5: =Ina!K5 -> 1 | N5: 0 | O5: 0 | P5: 0 | Q5: =Ina!L5 -> 3 | R5: 0 | S5: 0 | T5: 0 | U5: 0 | V5: 0 | W5: 0 | X5: =Ina!M5 -> -1 | Y5: =Ina!Q5 -> 0 | Z5: =Ina!R5 -> 0 | AA5: =Ina!S5 -> 0 | AB5: =Ina!T5 -> 0 | AC5: =Ina!AK5 -> 1575 | AD5: =Ina!AQ5 -> 225 | AE5: =Ina!AR5 -> 6 | AF5: =Ina!AR5 -> 6 | AG5: =Ina!AT5 -> 20 | AH5: 0 | AI5: =IF(Ina!AS5>700,Ina!AS5,Ina!AS5/100) -> 0.7 | AJ5: =Ina!AU5 -> 0 | AK5: =Ina!AV5 -> 1041 | AL5: 0
A6: =Ina!B6 -> 4 | B6: 0 | C6: =Ina!C6 -> 14046 | D6: =Ina!AE6 -> 130 | E6: =Ina!AH6 -> 50 | F6: =Ina!AG6 -> 14 | G6: =Ina!AF6 -> 2000 | H6: =Ina!AJ6 -> 4 | I6: =Ina!AI6 -> 2000 | J6: =Ina!H6 -> 45 | K6: =Ina!N6 -> 18 | L6: =Ina!W6 -> 16 | M6: =Ina!K6 -> 2 | N6: 0 | O6: 0 | P6: 0 | Q6: =Ina!L6 -> 4 | R6: 0 | S6: 0 | T6: 0 | U6: 0 | V6: 0 | W6: 0 | X6: =Ina!M6 -> -1 | Y6: =Ina!Q6 -> 0 | Z6: =Ina!R6 -> 0 | AA6: =Ina!S6 -> 0 | AB6: =Ina!T6 -> 0 | AC6: =Ina!AK6 -> 1575 | AD6: =Ina!AQ6 -> 225 | AE6: =Ina!AR6 -> 6 | AF6: =Ina!AR6 -> 6 | AG6: =Ina!AT6 -> 20 | AH6: 0 | AI6: =IF(Ina!AS6>700,Ina!AS6,Ina!AS6/100) -> 0.7 | AJ6: =Ina!AU6 -> 0 | AK6: =Ina!AV6 -> 1041 | AL6: 0
A7: =Ina!B7 -> 5 | B7: 0 | C7: =Ina!C7 -> 21606 | D7: =Ina!AE7 -> 170 | E7: =Ina!AH7 -> 50 | F7: =Ina!AG7 -> 16 | G7: =Ina!AF7 -> 2000 | H7: =Ina!AJ7 -> 4 | I7: =Ina!AI7 -> 2000 | J7: =Ina!H7 -> 54 | K7: =Ina!N7 -> 22 | L7: =Ina!W7 -> 16 | M7: =Ina!K7 -> 3 | N7: 0 | O7: 0 | P7: 0 | Q7: =Ina!L7 -> 10 | R7: 0 | S7: 0 | T7: 0 | U7: 0 | V7: 0 | W7: 0 | X7: =Ina!M7 -> -1 | Y7: =Ina!Q7 -> 0 | Z7: =Ina!R7 -> 0 | AA7: =Ina!S7 -> 0 | AB7: =Ina!T7 -> 0 | AC7: =Ina!AK7 -> 1575 | AD7: =Ina!AQ7 -> 225 | AE7: =Ina!AR7 -> 6 | AF7: =Ina!AR7 -> 6 | AG7: =Ina!AT7 -> 20 | AH7: 0 | AI7: =IF(Ina!AS7>700,Ina!AS7,Ina!AS7/100) -> 0.7 | AJ7: =Ina!AU7 -> 0 | AK7: =Ina!AV7 -> 1041 | AL7: 0
A8: =Ina!B8 -> 6 | B8: 0 | C8: =Ina!C8 -> 31214 | D8: =Ina!AE8 -> 200 | E8: =Ina!AH8 -> 50 | F8: =Ina!AG8 -> 16 | G8: =Ina!AF8 -> 2000 | H8: =Ina!AJ8 -> 4 | I8: =Ina!AI8 -> 2000 | J8: =Ina!H8 -> 60 | K8: =Ina!N8 -> 22 | L8: =Ina!W8 -> 16 | M8: =Ina!K8 -> 4 | N8: 0 | O8: 0 | P8: 0 | Q8: =Ina!L8 -> 11 | R8: 0 | S8: 0 | T8: 0 | U8: 0 | V8: 0 | W8: 0 | X8: =Ina!M8 -> -1 | Y8: =Ina!Q8 -> 0 | Z8: =Ina!R8 -> 0 | AA8: =Ina!S8 -> 0 | AB8: =Ina!T8 -> 0 | AC8: =Ina!AK8 -> 1575 | AD8: =Ina!AQ8 -> 225 | AE8: =Ina!AR8 -> 6 | AF8: =Ina!AR8 -> 6 | AG8: =Ina!AT8 -> 20 | AH8: 0 | AI8: =IF(Ina!AS8>700,Ina!AS8,Ina!AS8/100) -> 0.7 | AJ8: =Ina!AU8 -> 0 | AK8: =Ina!AV8 -> 1041 | AL8: 0
A9: =Ina!B9 -> 7 | B9: 0 | C9: =Ina!C9 -> 43102 | D9: =Ina!AE9 -> 210 | E9: =Ina!AH9 -> 50 | F9: =Ina!AG9 -> 18 | G9: =Ina!AF9 -> 2000 | H9: =Ina!AJ9 -> 4 | I9: =Ina!AI9 -> 2000 | J9: =Ina!H9 -> 66 | K9: =Ina!N9 -> 26 | L9: =Ina!W9 -> 16 | M9: =Ina!K9 -> 4 | N9: 0 | O9: 0 | P9: 0 | Q9: =Ina!L9 -> 12 | R9: 0 | S9: 0 | T9: 0 | U9: 0 | V9: 0 | W9: 0 | X9: =Ina!M9 -> -1 | Y9: =Ina!Q9 -> 0 | Z9: =Ina!R9 -> 0 | AA9: =Ina!S9 -> 0 | AB9: =Ina!T9 -> 0 | AC9: =Ina!AK9 -> 1575 | AD9: =Ina!AQ9 -> 225 | AE9: =Ina!AR9 -> 6 | AF9: =Ina!AR9 -> 6 | AG9: =Ina!AT9 -> 20 | AH9: 0 | AI9: =IF(Ina!AS9>700,Ina!AS9,Ina!AS9/100) -> 0.7 | AJ9: =Ina!AU9 -> 0 | AK9: =Ina!AV9 -> 1041 | AL9: 0
A10: =Ina!B10 -> 8 | B10: 0 | C10: =Ina!C10 -> 58601 | D10: =Ina!AE10 -> 250 | E10: =Ina!AH10 -> 50 | F10: =Ina!AG10 -> 18 | G10: =Ina!AF10 -> 2000 | H10: =Ina!AJ10 -> 4 | I10: =Ina!AI10 -> 2000 | J10: =Ina!H10 -> 77 | K10: =Ina!N10 -> 30 | L10: =Ina!W10 -> 16 | M10: =Ina!K10 -> 4 | N10: 0 | O10: 0 | P10: 0 | Q10: =Ina!L10 -> 13 | R10: 0 | S10: 0 | T10: 0 | U10: 0 | V10: 0 | W10: 0 | X10: =Ina!M10 -> -1 | Y10: =Ina!Q10 -> 0 | Z10: =Ina!R10 -> 0 | AA10: =Ina!S10 -> 0 | AB10: =Ina!T10 -> 0 | AC10: =Ina!AK10 -> 1575 | AD10: =Ina!AQ10 -> 225 | AE10: =Ina!AR10 -> 6 | AF10: =Ina!AR10 -> 6 | AG10: =Ina!AT10 -> 20 | AH10: 0 | AI10: =IF(Ina!AS10>700,Ina!AS10,Ina!AS10/100) -> 0.7 | AJ10: =Ina!AU10 -> 0 | AK10: =Ina!AV10 -> 1041 | AL10: 0
A11: =Ina!B11 -> 9 | B11: 0 | C11: =Ina!C11 -> 77188 | D11: =Ina!AE11 -> 280 | E11: =Ina!AH11 -> 50 | F11: =Ina!AG11 -> 20 | G11: =Ina!AF11 -> 2000 | H11: =Ina!AJ11 -> 4 | I11: =Ina!AI11 -> 2000 | J11: =Ina!H11 -> 84 | K11: =Ina!N11 -> 38 | L11: =Ina!W11 -> 16 | M11: =Ina!K11 -> 5 | N11: 0 | O11: 0 | P11: 0 | Q11: =Ina!L11 -> 14 | R11: 0 | S11: 0 | T11: 0 | U11: 0 | V11: 0 | W11: 0 | X11: =Ina!M11 -> -1 | Y11: =Ina!Q11 -> 0 | Z11: =Ina!R11 -> 0 | AA11: =Ina!S11 -> 0 | AB11: =Ina!T11 -> 0 | AC11: =Ina!AK11 -> 1575 | AD11: =Ina!AQ11 -> 225 | AE11: =Ina!AR11 -> 6 | AF11: =Ina!AR11 -> 6 | AG11: =Ina!AT11 -> 20 | AH11: 0 | AI11: =IF(Ina!AS11>700,Ina!AS11,Ina!AS11/100) -> 0.7 | AJ11: =Ina!AU11 -> 0 | AK11: =Ina!AV11 -> 1041 | AL11: 0
A12: =Ina!B12 -> 10 | B12: 0 | C12: =Ina!C12 -> 100585 | D12: =Ina!AE12 -> 310 | E12: =Ina!AH12 -> 50 | F12: =Ina!AG12 -> 20 | G12: =Ina!AF12 -> 2000 | H12: =Ina!AJ12 -> 4 | I12: =Ina!AI12 -> 2000 | J12: =Ina!H12 -> 97 | K12: =Ina!N12 -> 46 | L12: =Ina!W12 -> 16 | M12: =Ina!K12 -> 5 | N12: 0 | O12: 0 | P12: 0 | Q12: =Ina!L12 -> 20 | R12: 0 | S12: 0 | T12: 0 | U12: 0 | V12: 0 | W12: 0 | X12: =Ina!M12 -> -1 | Y12: =Ina!Q12 -> 0 | Z12: =Ina!R12 -> 0 | AA12: =Ina!S12 -> 0 | AB12: =Ina!T12 -> 0 | AC12: =Ina!AK12 -> 1575 | AD12: =Ina!AQ12 -> 225 | AE12: =Ina!AR12 -> 6 | AF12: =Ina!AR12 -> 6 | AG12: =Ina!AT12 -> 20 | AH12: 0 | AI12: =IF(Ina!AS12>700,Ina!AS12,Ina!AS12/100) -> 0.7 | AJ12: =Ina!AU12 -> 0 | AK12: =Ina!AV12 -> 1041 | AL12: 0
A13: =Ina!B13 -> 11 | B13: 0 | C13: =Ina!C13 -> 127918 | D13: =Ina!AE13 -> 330 | E13: =Ina!AH13 -> 50 | F13: =Ina!AG13 -> 22 | G13: =Ina!AF13 -> 2000 | H13: =Ina!AJ13 -> 4 | I13: =Ina!AI13 -> 2000 | J13: =Ina!H13 -> 105 | K13: =Ina!N13 -> 58 | L13: =Ina!W13 -> 16 | M13: =Ina!K13 -> 6 | N13: 0 | O13: 0 | P13: 0 | Q13: =Ina!L13 -> 21 | R13: 0 | S13: 0 | T13: 0 | U13: 0 | V13: 0 | W13: 0 | X13: =Ina!M13 -> -1 | Y13: =Ina!Q13 -> 0 | Z13: =Ina!R13 -> 0 | AA13: =Ina!S13 -> 0 | AB13: =Ina!T13 -> 0 | AC13: =Ina!AK13 -> 1575 | AD13: =Ina!AQ13 -> 225 | AE13: =Ina!AR13 -> 6 | AF13: =Ina!AR13 -> 6 | AG13: =Ina!AT13 -> 20 | AH13: 0 | AI13: =IF(Ina!AS13>700,Ina!AS13,Ina!AS13/100) -> 0.7 | AJ13: =Ina!AU13 -> 0 | AK13: =Ina!AV13 -> 1041 | AL13: 0
A14: =Ina!B14 -> 12 | B14: 0 | C14: =Ina!C14 -> 161474 | D14: =Ina!AE14 -> 400 | E14: =Ina!AH14 -> 50 | F14: =Ina!AG14 -> 22 | G14: =Ina!AF14 -> 2000 | H14: =Ina!AJ14 -> 4 | I14: =Ina!AI14 -> 2000 | J14: =Ina!H14 -> 119 | K14: =Ina!N14 -> 72 | L14: =Ina!W14 -> 16 | M14: =Ina!K14 -> 6 | N14: 0 | O14: 0 | P14: 0 | Q14: =Ina!L14 -> 22 | R14: 0 | S14: 0 | T14: 0 | U14: 0 | V14: 0 | W14: 0 | X14: =Ina!M14 -> -1 | Y14: =Ina!Q14 -> 0 | Z14: =Ina!R14 -> 0 | AA14: =Ina!S14 -> 0 | AB14: =Ina!T14 -> 0 | AC14: =Ina!AK14 -> 1575 | AD14: =Ina!AQ14 -> 225 | AE14: =Ina!AR14 -> 6 | AF14: =Ina!AR14 -> 6 | AG14: =Ina!AT14 -> 20 | AH14: 0 | AI14: =IF(Ina!AS14>700,Ina!AS14,Ina!AS14/100) -> 0.7 | AJ14: =Ina!AU14 -> 0 | AK14: =Ina!AV14 -> 1041 | AL14: 0
... A77: =Ina!B77 -> 75 | B77: 0 | C77: =Ina!C77 -> 7.0665409e+15 | D77: =Ina!AE77 -> 60000 | E77: =Ina!AH77 -> 50 | F77: =Ina!AG77 -> 74 | G77: =Ina!AF77 -> 2000 | H77: =Ina!AJ77 -> 4 | I77: =Ina!AI77 -> 2000 | J77: =Ina!H77 -> 4500 | K77: =Ina!N77 -> 7883 | L77: =Ina!W77 -> 16 | M77: =Ina!K77 -> 99 | N77: 0 | O77: 0 | P77: 0 | Q77: =Ina!L77 -> 150 | R77: 0 | S77: 0 | T77: 0 | U77: 0 | V77: 0 | W77: 0 | X77: =Ina!M77 -> -1 | Y77: =Ina!Q77 -> 0 | Z77: =Ina!R77 -> 0 | AA77: =Ina!S77 -> 0 | AB77: =Ina!T77 -> 0 | AC77: =Ina!AK77 -> 1400 | AD77: =Ina!AQ77 -> 225 | AE77: =Ina!AR77 -> 6 | AF77: =Ina!AR77 -> 6 | AG77: =Ina!AT77 -> 20 | AH77: 0 | AI77: =IF(Ina!AS77>700,Ina!AS77,Ina!AS77/100) -> 0.7 | AJ77: =Ina!AU77 -> 0 | AK77: =Ina!AV77 -> 1041 | AL77: 0

Sheet CIsi
A1: dword | B1: dword | C1: qword | D1: dword | E1: dword | F1: dword | G1: dword | H1: dword | I1: dword | J1: dword | K1: dword | L1: dword | M1: byte | N1: byte | O1: word | P1: byte | Q1: byte | R1: byte | S1: byte | T1: dword | U1: dword | V1: dword | W1: dword | X1: byte | Y1: byte | Z1: byte | AA1: byte | AB1: byte+3 | AC1: dword | AD1: float | AE1: byte | AF1: byte | AG1: byte | AH1: byte | AI1: float | AJ1: dword | AK1: dword | AL1: dword | AM1: END
A2: =Isi!B2 -> Level | B2: none | C2: =Isi!C2 -> NeedExp | D2: =Isi!AE2 -> MaxHP | E2: =Isi!AH2 -> MaxFP | F2: =Isi!AG2 -> HPRecUnit | G2: =Isi!AF2 -> HPRecDelay | H2: =Isi!AJ2 -> FPRecUnit | I2: =Isi!AI2 -> FPRecDelay | J2: =Isi!H2 -> AttFcStd | K2: =Isi!N2 -> StdDefFc | L2: =Isi!W2 -> ForceAttStd | M2: =Isi!K2 -> AttSklUnit | N2: none | O2: none | P2: none | Q2: =Isi!L2 -> DefSklUnit | R2: none | S2: none | T2: none | U2: none | V2: none | W2: none | X2: =Isi!M2 -> WeakPart | Y2: =Isi!Q2 -> fire | Z2: =Isi!R2 -> water | AA2: =Isi!S2 -> soil | AB2: =Isi!T2 -> wind | AC2: =Isi!AK2 -> AttSpd | AD2: =Isi!AQ2 -> AttExt | AE2: =Isi!AR2 -> MovSpd | AF2: =Isi!AR2 -> MovSpd | AG2: =Isi!AT2 -> Width | AH2: none | AI2: =IF(Isi!AS2>700,Isi!AS2,Isi!AS2/100) -> ScaleRate | AJ2: =Isi!AU2 -> AttEffType | AK2: =Isi!AV2 -> DefEffType | AL2: none
A3: =Isi!B3 -> 1 | B3: 0 | C3: =Isi!C3 -> 200 | D3: =Isi!AE3 -> 70 | E3: =Isi!AH3 -> 50 | F3: =Isi!AG3 -> 12 | G3: =Isi!AF3 -> 2000 | H3: =Isi!AJ3 -> 4 | I3: =Isi!AI3 -> 2000 | J3: =Isi!H3 -> 150 | K3: =Isi!N3 -> 5 | L3: =Isi!W3 -> 16 | M3: =Isi!K3 -> 175 | N3: 0 | O3: 0 | P3: 0 | Q3: =Isi!L3 -> 1 | R3: 0 | S3: 0 | T3: 0 | U3: 0 | V3: 0 | W3: 0 | X3: =Isi!M3 -> -1 | Y3: =Isi!Q3 -> 50 | Z3: =Isi!R3 -> 50 | AA3: =Isi!S3 -> 50 | AB3: =Isi!T3 -> 50 | AC3: =Isi!AK3 -> 1800 | AD3: =Isi!AQ3 -> 300 | AE3: =Isi!AR3 -> 6 | AF3: =Isi!AR3 -> 6 | AG3: =Isi!AT3 -> 20 | AH3: 0 | AI3: =IF(Isi!AS3>700,Isi!AS3,Isi!AS3/100) -> 1 | AJ3: =Isi!AU3 -> 1 | AK3: =Isi!AV3 -> 7 | AL3: 0
A4: =Isi!B4 -> 2 | B4: 0 | C4: =Isi!C4 -> 600 | D4: =Isi!AE4 -> 90 | E4: =Isi!AH4 -> 50 | F4: =Isi!AG4 -> 12 | G4: =Isi!AF4 -> 2000 | H4: =Isi!AJ4 -> 4 | I4: =Isi!AI4 -> 2000 | J4: =Isi!H4 -> 172 | K4: =Isi!N4 -> 6 | L4: =Isi!W4 -> 16 | M4: =Isi!K4 -> 177 | N4: 0 | O4: 0 | P4: 0 | Q4: =Isi!L4 -> 1 | R4: 0 | S4: 0 | T4: 0 | U4: 0 | V4: 0 | W4: 0 | X4: =Isi!M4 -> -1 | Y4: =Isi!Q4 -> 50 | Z4: =Isi!R4 -> 50 | AA4: =Isi!S4 -> 50 | AB4: =Isi!T4 -> 50 | AC4: =Isi!AK4 -> 1800 | AD4: =Isi!AQ4 -> 300 | AE4: =Isi!AR4 -> 6 | AF4: =Isi!AR4 -> 6 | AG4: =Isi!AT4 -> 20 | AH4: 0 | AI4: =IF(Isi!AS4>700,Isi!AS4,Isi!AS4/100) -> 1 | AJ4: =Isi!AU4 -> 1 | AK4: =Isi!AV4 -> 7 | AL4: 0
A5: =Isi!B5 -> 3 | B5: 0 | C5: =Isi!C5 -> 1200 | D5: =Isi!AE5 -> 120 | E5: =Isi!AH5 -> 50 | F5: =Isi!AG5 -> 14 | G5: =Isi!AF5 -> 2000 | H5: =Isi!AJ5 -> 4 | I5: =Isi!AI5 -> 2000 | J5: =Isi!H5 -> 199 | K5: =Isi!N5 -> 8 | L5: =Isi!W5 -> 16 | M5: =Isi!K5 -> 179 | N5: 0 | O5: 0 | P5: 0 | Q5: =Isi!L5 -> 1 | R5: 0 | S5: 0 | T5: 0 | U5: 0 | V5: 0 | W5: 0 | X5: =Isi!M5 -> -1 | Y5: =Isi!Q5 -> 50 | Z5: =Isi!R5 -> 50 | AA5: =Isi!S5 -> 50 | AB5: =Isi!T5 -> 50 | AC5: =Isi!AK5 -> 1800 | AD5: =Isi!AQ5 -> 300 | AE5: =Isi!AR5 -> 6 | AF5: =Isi!AR5 -> 6 | AG5: =Isi!AT5 -> 20 | AH5: 0 | AI5: =IF(Isi!AS5>700,Isi!AS5,Isi!AS5/100) -> 1 | AJ5: =Isi!AU5 -> 1 | AK5: =Isi!AV5 -> 7 | AL5: 0
A6: =Isi!B6 -> 4 | B6: 0 | C6: =Isi!C6 -> 2000 | D6: =Isi!AE6 -> 130 | E6: =Isi!AH6 -> 50 | F6: =Isi!AG6 -> 14 | G6: =Isi!AF6 -> 2000 | H6: =Isi!AJ6 -> 4 | I6: =Isi!AI6 -> 2000 | J6: =Isi!H6 -> 241 | K6: =Isi!N6 -> 9 | L6: =Isi!W6 -> 16 | M6: =Isi!K6 -> 181 | N6: 0 | O6: 0 | P6: 0 | Q6: =Isi!L6 -> 2 | R6: 0 | S6: 0 | T6: 0 | U6: 0 | V6: 0 | W6: 0 | X6: =Isi!M6 -> -1 | Y6: =Isi!Q6 -> 50 | Z6: =Isi!R6 -> 50 | AA6: =Isi!S6 -> 50 | AB6: =Isi!T6 -> 50 | AC6: =Isi!AK6 -> 1800 | AD6: =Isi!AQ6 -> 300 | AE6: =Isi!AR6 -> 6 | AF6: =Isi!AR6 -> 6 | AG6: =Isi!AT6 -> 20 | AH6: 0 | AI6: =IF(Isi!AS6>700,Isi!AS6,Isi!AS6/100) -> 1 | AJ6: =Isi!AU6 -> 1 | AK6: =Isi!AV6 -> 7 | AL6: 0
A7: =Isi!B7 -> 5 | B7: 0 | C7: =Isi!C7 -> 3000 | D7: =Isi!AE7 -> 170 | E7: =Isi!AH7 -> 50 | F7: =Isi!AG7 -> 16 | G7: =Isi!AF7 -> 2000 | H7: =Isi!AJ7 -> 4 | I7: =Isi!AI7 -> 2000 | J7: =Isi!H7 -> 298 | K7: =Isi!N7 -> 11 | L7: =Isi!W7 -> 16 | M7: =Isi!K7 -> 200 | N7: 0 | O7: 0 | P7: 0 | Q7: =Isi!L7 -> 3 | R7: 0 | S7: 0 | T7: 0 | U7: 0 | V7: 0 | W7: 0 | X7: =Isi!M7 -> -1 | Y7: =Isi!Q7 -> 50 | Z7: =Isi!R7 -> 50 | AA7: =Isi!S7 -> 50 | AB7: =Isi!T7 -> 50 | AC7: =Isi!AK7 -> 1800 | AD7: =Isi!AQ7 -> 300 | AE7: =Isi!AR7 -> 6 | AF7: =Isi!AR7 -> 6 | AG7: =Isi!AT7 -> 20 | AH7: 0 | AI7: =IF(Isi!AS7>700,Isi!AS7,Isi!AS7/100) -> 1 | AJ7: =Isi!AU7 -> 1 | AK7: =Isi!AV7 -> 7 | AL7: 0
A8: =Isi!B8 -> 6 | B8: 0 | C8: =Isi!C8 -> 4201 | D8: =Isi!AE8 -> 200 | E8: =Isi!AH8 -> 50 | F8: =Isi!AG8 -> 16 | G8: =Isi!AF8 -> 2000 | H8: =Isi!AJ8 -> 4 | I8: =Isi!AI8 -> 2000 | J8: =Isi!H8 -> 328 | K8: =Isi!N8 -> 11 | L8: =Isi!W8 -> 16 | M8: =Isi!K8 -> 202 | N8: 0 | O8: 0 | P8: 0 | Q8: =Isi!L8 -> 3 | R8: 0 | S8: 0 | T8: 0 | U8: 0 | V8: 0 | W8: 0 | X8: =Isi!M8 -> -1 | Y8: =Isi!Q8 -> 50 | Z8: =Isi!R8 -> 50 | AA8: =Isi!S8 -> 50 | AB8: =Isi!T8 -> 50 | AC8: =Isi!AK8 -> 1800 | AD8: =Isi!AQ8 -> 300 | AE8: =Isi!AR8 -> 6 | AF8: =Isi!AR8 -> 6 | AG8: =Isi!AT8 -> 20 | AH8: 0 | AI8: =IF(Isi!AS8>700,Isi!AS8,Isi!AS8/100) -> 1 | AJ8: =Isi!AU8 -> 1 | AK8: =Isi!AV8 -> 7 | AL8: 0
A9: =Isi!B9 -> 7 | B9: 0 | C9: =Isi!C9 -> 5602 | D9: =Isi!AE9 -> 210 | E9: =Isi!AH9 -> 50 | F9: =Isi!AG9 -> 18 | G9: =Isi!AF9 -> 2000 | H9: =Isi!AJ9 -> 4 | I9: =Isi!AI9 -> 2000 | J9: =Isi!H9 -> 378 | K9: =Isi!N9 -> 13 | L9: =Isi!W9 -> 16 | M9: =Isi!K9 -> 204 | N9: 0 | O9: 0 | P9: 0 | Q9: =Isi!L9 -> 4 | R9: 0 | S9: 0 | T9: 0 | U9: 0 | V9: 0 | W9: 0 | X9: =Isi!M9 -> -1 | Y9: =Isi!Q9 -> 50 | Z9: =Isi!R9 -> 50 | AA9: =Isi!S9 -> 50 | AB9: =Isi!T9 -> 50 | AC9: =Isi!AK9 -> 1800 | AD9: =Isi!AQ9 -> 300 | AE9: =Isi!AR9 -> 6 | AF9: =Isi!AR9 -> 6 | AG9: =Isi!AT9 -> 20 | AH9: 0 | AI9: =IF(Isi!AS9>700,Isi!AS9,Isi!AS9/100) -> 1 | AJ9: =Isi!AU9 -> 1 | AK9: =Isi!AV9 -> 7 | AL9: 0
A10: =Isi!B10 -> 8 | B10: 0 | C10: =Isi!C10 -> 7204 | D10: =Isi!AE10 -> 250 | E10: =Isi!AH10 -> 50 | F10: =Isi!AG10 -> 18 | G10: =Isi!AF10 -> 2000 | H10: =Isi!AJ10 -> 4 | I10: =Isi!AI10 -> 2000 | J10: =Isi!H10 -> 436 | K10: =Isi!N10 -> 15 | L10: =Isi!W10 -> 16 | M10: =Isi!K10 -> 206 | N10: 0 | O10: 0 | P10: 0 | Q10: =Isi!L10 -> 4 | R10: 0 | S10: 0 | T10: 0 | U10: 0 | V10: 0 | W10: 0 | X10: =Isi!M10 -> -1 | Y10: =Isi!Q10 -> 50 | Z10: =Isi!R10 -> 50 | AA10: =Isi!S10 -> 50 | AB10: =Isi!T10 -> 50 | AC10: =Isi!AK10 -> 1800 | AD10: =Isi!AQ10 -> 300 | AE10: =Isi!AR10 -> 6 | AF10: =Isi!AR10 -> 6 | AG10: =Isi!AT10 -> 20 | AH10: 0 | AI10: =IF(Isi!AS10>700,Isi!AS10,Isi!AS10/100) -> 1 | AJ10: =Isi!AU10 -> 1 | AK10: =Isi!AV10 -> 7 | AL10: 0
A11: =Isi!B11 -> 9 | B11: 0 | C11: =Isi!C11 -> 9008 | D11: =Isi!AE11 -> 280 | E11: =Isi!AH11 -> 50 | F11: =Isi!AG11 -> 20 | G11: =Isi!AF11 -> 2000 | H11: =Isi!AJ11 -> 4 | I11: =Isi!AI11 -> 2000 | J11: =Isi!H11 -> 516 | K11: =Isi!N11 -> 19 | L11: =Isi!W11 -> 16 | M11: =Isi!K11 -> 208 | N11: 0 | O11: 0 | P11: 0 | Q11: =Isi!L11 -> 4 | R11: 0 | S11: 0 | T11: 0 | U11: 0 | V11: 0 | W11: 0 | X11: =Isi!M11 -> -1 | Y11: =Isi!Q11 -> 50 | Z11: =Isi!R11 -> 50 | AA11: =Isi!S11 -> 50 | AB11: =Isi!T11 -> 50 | AC11: =Isi!AK11 -> 1800 | AD11: =Isi!AQ11 -> 300 | AE11: =Isi!AR11 -> 6 | AF11: =Isi!AR11 -> 6 | AG11: =Isi!AT11 -> 20 | AH11: 0 | AI11: =IF(Isi!AS11>700,Isi!AS11,Isi!AS11/100) -> 1 | AJ11: =Isi!AU11 -> 1 | AK11: =Isi!AV11 -> 7 | AL11: 0
A12: =Isi!B12 -> 10 | B12: 0 | C12: =Isi!C12 -> 11014 | D12: =Isi!AE12 -> 310 | E12: =Isi!AH12 -> 50 | F12: =Isi!AG12 -> 20 | G12: =Isi!AF12 -> 2000 | H12: =Isi!AJ12 -> 4 | I12: =Isi!AI12 -> 2000 | J12: =Isi!H12 -> 591 | K12: =Isi!N12 -> 23 | L12: =Isi!W12 -> 16 | M12: =Isi!K12 -> 225 | N12: 0 | O12: 0 | P12: 0 | Q12: =Isi!L12 -> 5 | R12: 0 | S12: 0 | T12: 0 | U12: 0 | V12: 0 | W12: 0 | X12: =Isi!M12 -> -1 | Y12: =Isi!Q12 -> 50 | Z12: =Isi!R12 -> 50 | AA12: =Isi!S12 -> 50 | AB12: =Isi!T12 -> 50 | AC12: =Isi!AK12 -> 1800 | AD12: =Isi!AQ12 -> 300 | AE12: =Isi!AR12 -> 6 | AF12: =Isi!AR12 -> 6 | AG12: =Isi!AT12 -> 20 | AH12: 0 | AI12: =IF(Isi!AS12>700,Isi!AS12,Isi!AS12/100) -> 1 | AJ12: =Isi!AU12 -> 1 | AK12: =Isi!AV12 -> 7 | AL12: 0
A13: =Isi!B13 -> 11 | B13: 0 | C13: =Isi!C13 -> 13223 | D13: =Isi!AE13 -> 330 | E13: =Isi!AH13 -> 50 | F13: =Isi!AG13 -> 22 | G13: =Isi!AF13 -> 2000 | H13: =Isi!AJ13 -> 4 | I13: =Isi!AI13 -> 2000 | J13: =Isi!H13 -> 683 | K13: =Isi!N13 -> 29 | L13: =Isi!W13 -> 16 | M13: =Isi!K13 -> 227 | N13: 0 | O13: 0 | P13: 0 | Q13: =Isi!L13 -> 5 | R13: 0 | S13: 0 | T13: 0 | U13: 0 | V13: 0 | W13: 0 | X13: =Isi!M13 -> -1 | Y13: =Isi!Q13 -> 50 | Z13: =Isi!R13 -> 50 | AA13: =Isi!S13 -> 50 | AB13: =Isi!T13 -> 50 | AC13: =Isi!AK13 -> 1800 | AD13: =Isi!AQ13 -> 300 | AE13: =Isi!AR13 -> 6 | AF13: =Isi!AR13 -> 6 | AG13: =Isi!AT13 -> 20 | AH13: 0 | AI13: =IF(Isi!AS13>700,Isi!AS13,Isi!AS13/100) -> 1 | AJ13: =Isi!AU13 -> 1 | AK13: =Isi!AV13 -> 7 | AL13: 0
A14: =Isi!B14 -> 12 | B14: 0 | C14: =Isi!C14 -> 15638 | D14: =Isi!AE14 -> 400 | E14: =Isi!AH14 -> 50 | F14: =Isi!AG14 -> 22 | G14: =Isi!AF14 -> 2000 | H14: =Isi!AJ14 -> 4 | I14: =Isi!AI14 -> 2000 | J14: =Isi!H14 -> 771 | K14: =Isi!N14 -> 36 | L14: =Isi!W14 -> 16 | M14: =Isi!K14 -> 229 | N14: 0 | O14: 0 | P14: 0 | Q14: =Isi!L14 -> 6 | R14: 0 | S14: 0 | T14: 0 | U14: 0 | V14: 0 | W14: 0 | X14: =Isi!M14 -> -1 | Y14: =Isi!Q14 -> 50 | Z14: =Isi!R14 -> 50 | AA14: =Isi!S14 -> 50 | AB14: =Isi!T14 -> 50 | AC14: =Isi!AK14 -> 1800 | AD14: =Isi!AQ14 -> 300 | AE14: =Isi!AR14 -> 6 | AF14: =Isi!AR14 -> 6 | AG14: =Isi!AT14 -> 20 | AH14: 0 | AI14: =IF(Isi!AS14>700,Isi!AS14,Isi!AS14/100) -> 1 | AJ14: =Isi!AU14 -> 1 | AK14: =Isi!AV14 -> 7 | AL14: 0
... A77: =Isi!B77 -> 75 | B77: 0 | C77: =Isi!C77 -> 7.0006654e+17 | D77: =Isi!AE77 -> 60000 | E77: =Isi!AH77 -> 50 | F77: =Isi!AG77 -> 74 | G77: =Isi!AF77 -> 2000 | H77: =Isi!AJ77 -> 4 | I77: =Isi!AI77 -> 2000 | J77: =Isi!H77 -> 80000 | K77: =Isi!N77 -> 5129 | L77: =Isi!W77 -> 16 | M77: =Isi!K77 -> 255 | N77: 0 | O77: 0 | P77: 0 | Q77: =Isi!L77 -> 99 | R77: 0 | S77: 0 | T77: 0 | U77: 0 | V77: 0 | W77: 0 | X77: =Isi!M77 -> -1 | Y77: =Isi!Q77 -> 50 | Z77: =Isi!R77 -> 50 | AA77: =Isi!S77 -> 50 | AB77: =Isi!T77 -> 50 | AC77: =Isi!AK77 -> 1500 | AD77: =Isi!AQ77 -> 300 | AE77: =Isi!AR77 -> 6 | AF77: =Isi!AR77 -> 6 | AG77: =Isi!AT77 -> 20 | AH77: 0 | AI77: =IF(Isi!AS77>700,Isi!AS77,Isi!AS77/100) -> 1 | AJ77: =Isi!AU77 -> 1 | AK77: =Isi!AV77 -> 7 | AL77: 0

Sheet CSPai
A1: dword | B1: dword | C1: qword | D1: dword | E1: dword | F1: dword | G1: dword | H1: dword | I1: dword | J1: dword | K1: dword | L1: dword | M1: byte | N1: byte | O1: word | P1: byte | Q1: byte | R1: byte | S1: byte | T1: dword | U1: dword | V1: dword | W1: dword | X1: byte | Y1: byte | Z1: byte | AA1: byte | AB1: byte+3 | AC1: dword | AD1: float | AE1: byte | AF1: byte | AG1: byte | AH1: byte | AI1: float | AJ1: dword | AK1: dword | AL1: dword | AM1: END
A2: =SPai!B2 -> Level | B2: none | C2: =SPai!C2 -> NeedExp | D2: =SPai!AE2 -> MaxHP | E2: =SPai!AH2 -> MaxFP | F2: =SPai!AG2 -> HPRecUnit | G2: =SPai!AF2 -> HPRecDelay | H2: =SPai!AJ2 -> FPRecUnit | I2: =SPai!AI2 -> FPRecDelay | J2: =SPai!H2 -> AttFcStd | K2: =SPai!N2 -> StdDefFc | L2: =SPai!W2 -> ForceAttStd | M2: =SPai!K2 -> AttSklUnit | N2: none | O2: none | P2: none | Q2: =SPai!L2 -> DefSklUnit | R2: none | S2: none | T2: none | U2: none | V2: none | W2: none | X2: =SPai!M2 -> WeakPart | Y2: =SPai!Q2 -> fire | Z2: =SPai!R2 -> water | AA2: =SPai!S2 -> soil | AB2: =SPai!T2 -> wind | AC2: =SPai!AK2 -> AttSpd | AD2: =SPai!AQ2 -> AttExt | AE2: =SPai!AR2 -> MovSpd | AF2: =SPai!AR2 -> MovSpd | AG2: =SPai!AT2 -> Width | AH2: none | AI2: =IF(SPai!AS2>700,SPai!AS2,SPai!AS2/100) -> ScaleRate | AJ2: =SPai!AU2 -> AttEffType | AK2: =SPai!AV2 -> DefEffType | AL2: none
A3: =SPai!B3 -> 1 | B3: 0 | C3: =SPai!C3 -> 200 | D3: =SPai!AE3 -> 28 | E3: =SPai!AH3 -> 50 | F3: =SPai!AG3 -> 5 | G3: =SPai!AF3 -> 2000 | H3: =SPai!AJ3 -> 4 | I3: =SPai!AI3 -> 2000 | J3: =SPai!H3 -> 34 | K3: =SPai!N3 -> 14 | L3: =SPai!W3 -> 16 | M3: =SPai!K3 -> 135 | N3: 0 | O3: 0 | P3: 0 | Q3: =SPai!L3 -> 1 | R3: 0 | S3: 0 | T3: 0 | U3: 0 | V3: 0 | W3: 0 | X3: =SPai!M3 -> -1 | Y3: =SPai!Q3 -> 0 | Z3: =SPai!R3 -> 0 | AA3: =SPai!S3 -> 0 | AB3: =SPai!T3 -> 0 | AC3: =SPai!AK3 -> 2000 | AD3: =SPai!AQ3 -> 45 | AE3: =SPai!AR3 -> 6 | AF3: =SPai!AR3 -> 6 | AG3: =SPai!AT3 -> 20 | AH3: 0 | AI3: =IF(SPai!AS3>700,SPai!AS3,SPai!AS3/100) -> 0.6 | AJ3: =SPai!AU3 -> 1 | AK3: =SPai!AV3 -> 512 | AL3: 0
A4: =SPai!B4 -> 2 | B4: 0 | C4: =SPai!C4 -> 600 | D4: =SPai!AE4 -> 36 | E4: =SPai!AH4 -> 50 | F4: =SPai!AG4 -> 5 | G4: =SPai!AF4 -> 2000 | H4: =SPai!AJ4 -> 4 | I4: =SPai!AI4 -> 2000 | J4: =SPai!H4 -> 35 | K4: =SPai!N4 -> 21 | L4: =SPai!W4 -> 16 | M4: =SPai!K4 -> 137 | N4: 0 | O4: 0 | P4: 0 | Q4: =SPai!L4 -> 1 | R4: 0 | S4: 0 | T4: 0 | U4: 0 | V4: 0 | W4: 0 | X4: =SPai!M4 -> -1 | Y4: =SPai!Q4 -> 0 | Z4: =SPai!R4 -> 0 | AA4: =SPai!S4 -> 0 | AB4: =SPai!T4 -> 0 | AC4: =SPai!AK4 -> 2000 | AD4: =SPai!AQ4 -> 45 | AE4: =SPai!AR4 -> 6 | AF4: =SPai!AR4 -> 6 | AG4: =SPai!AT4 -> 20 | AH4: 0 | AI4: =IF(SPai!AS4>700,SPai!AS4,SPai!AS4/100) -> 0.61 | AJ4: =SPai!AU4 -> 1 | AK4: =SPai!AV4 -> 512 | AL4: 0
A5: =SPai!B5 -> 3 | B5: 0 | C5: =SPai!C5 -> 1200 | D5: =SPai!AE5 -> 48 | E5: =SPai!AH5 -> 50 | F5: =SPai!AG5 -> 6 | G5: =SPai!AF5 -> 2000 | H5: =SPai!AJ5 -> 4 | I5: =SPai!AI5 -> 2000 | J5: =SPai!H5 -> 37 | K5: =SPai!N5 -> 23 | L5: =SPai!W5 -> 16 | M5: =SPai!K5 -> 139 | N5: 0 | O5: 0 | P5: 0 | Q5: =SPai!L5 -> 1 | R5: 0 | S5: 0 | T5: 0 | U5: 0 | V5: 0 | W5: 0 | X5: =SPai!M5 -> -1 | Y5: =SPai!Q5 -> 0 | Z5: =SPai!R5 -> 0 | AA5: =SPai!S5 -> 0 | AB5: =SPai!T5 -> 0 | AC5: =SPai!AK5 -> 2000 | AD5: =SPai!AQ5 -> 45 | AE5: =SPai!AR5 -> 6 | AF5: =SPai!AR5 -> 6 | AG5: =SPai!AT5 -> 20 | AH5: 0 | AI5: =IF(SPai!AS5>700,SPai!AS5,SPai!AS5/100) -> 0.62 | AJ5: =SPai!AU5 -> 1 | AK5: =SPai!AV5 -> 512 | AL5: 0
A6: =SPai!B6 -> 4 | B6: 0 | C6: =SPai!C6 -> 2000 | D6: =SPai!AE6 -> 52 | E6: =SPai!AH6 -> 50 | F6: =SPai!AG6 -> 6 | G6: =SPai!AF6 -> 2000 | H6: =SPai!AJ6 -> 4 | I6: =SPai!AI6 -> 2000 | J6: =SPai!H6 -> 42 | K6: =SPai!N6 -> 23 | L6: =SPai!W6 -> 16 | M6: =SPai!K6 -> 141 | N6: 0 | O6: 0 | P6: 0 | Q6: =SPai!L6 -> 1 | R6: 0 | S6: 0 | T6: 0 | U6: 0 | V6: 0 | W6: 0 | X6: =SPai!M6 -> -1 | Y6: =SPai!Q6 -> 0 | Z6: =SPai!R6 -> 0 | AA6: =SPai!S6 -> 0 | AB6: =SPai!T6 -> 0 | AC6: =SPai!AK6 -> 2000 | AD6: =SPai!AQ6 -> 45 | AE6: =SPai!AR6 -> 6 | AF6: =SPai!AR6 -> 6 | AG6: =SPai!AT6 -> 20 | AH6: 0 | AI6: =IF(SPai!AS6>700,SPai!AS6,SPai!AS6/100) -> 0.63 | AJ6: =SPai!AU6 -> 1 | AK6: =SPai!AV6 -> 512 | AL6: 0
A7: =SPai!B7 -> 5 | B7: 0 | C7: =SPai!C7 -> 3000 | D7: =SPai!AE7 -> 68 | E7: =SPai!AH7 -> 50 | F7: =SPai!AG7 -> 6 | G7: =SPai!AF7 -> 2000 | H7: =SPai!AJ7 -> 4 | I7: =SPai!AI7 -> 2000 | J7: =SPai!H7 -> 50 | K7: =SPai!N7 -> 28 | L7: =SPai!W7 -> 16 | M7: =SPai!K7 -> 160 | N7: 0 | O7: 0 | P7: 0 | Q7: =SPai!L7 -> 1 | R7: 0 | S7: 0 | T7: 0 | U7: 0 | V7: 0 | W7: 0 | X7: =SPai!M7 -> -1 | Y7: =SPai!Q7 -> 0 | Z7: =SPai!R7 -> 0 | AA7: =SPai!S7 -> 0 | AB7: =SPai!T7 -> 0 | AC7: =SPai!AK7 -> 2000 | AD7: =SPai!AQ7 -> 45 | AE7: =SPai!AR7 -> 6 | AF7: =SPai!AR7 -> 6 | AG7: =SPai!AT7 -> 20 | AH7: 0 | AI7: =IF(SPai!AS7>700,SPai!AS7,SPai!AS7/100) -> 0.64 | AJ7: =SPai!AU7 -> 1 | AK7: =SPai!AV7 -> 512 | AL7: 0
A8: =SPai!B8 -> 6 | B8: 0 | C8: =SPai!C8 -> 4201 | D8: =SPai!AE8 -> 80 | E8: =SPai!AH8 -> 50 | F8: =SPai!AG8 -> 6 | G8: =SPai!AF8 -> 2000 | H8: =SPai!AJ8 -> 4 | I8: =SPai!AI8 -> 2000 | J8: =SPai!H8 -> 53 | K8: =SPai!N8 -> 31 | L8: =SPai!W8 -> 16 | M8: =SPai!K8 -> 162 | N8: 0 | O8: 0 | P8: 0 | Q8: =SPai!L8 -> 1 | R8: 0 | S8: 0 | T8: 0 | U8: 0 | V8: 0 | W8: 0 | X8: =SPai!M8 -> -1 | Y8: =SPai!Q8 -> 0 | Z8: =SPai!R8 -> 0 | AA8: =SPai!S8 -> 0 | AB8: =SPai!T8 -> 0 | AC8: =SPai!AK8 -> 2000 | AD8: =SPai!AQ8 -> 45 | AE8: =SPai!AR8 -> 6 | AF8: =SPai!AR8 -> 6 | AG8: =SPai!AT8 -> 20 | AH8: 0 | AI8: =IF(SPai!AS8>700,SPai!AS8,SPai!AS8/100) -> 0.66 | AJ8: =SPai!AU8 -> 1 | AK8: =SPai!AV8 -> 512 | AL8: 0
A9: =SPai!B9 -> 7 | B9: 0 | C9: =SPai!C9 -> 5602 | D9: =SPai!AE9 -> 84 | E9: =SPai!AH9 -> 50 | F9: =SPai!AG9 -> 7 | G9: =SPai!AF9 -> 2000 | H9: =SPai!AJ9 -> 4 | I9: =SPai!AI9 -> 2000 | J9: =SPai!H9 -> 59 | K9: =SPai!N9 -> 35 | L9: =SPai!W9 -> 16 | M9: =SPai!K9 -> 164 | N9: 0 | O9: 0 | P9: 0 | Q9: =SPai!L9 -> 1 | R9: 0 | S9: 0 | T9: 0 | U9: 0 | V9: 0 | W9: 0 | X9: =SPai!M9 -> -1 | Y9: =SPai!Q9 -> 0 | Z9: =SPai!R9 -> 0 | AA9: =SPai!S9 -> 0 | AB9: =SPai!T9 -> 0 | AC9: =SPai!AK9 -> 2000 | AD9: =SPai!AQ9 -> 45 | AE9: =SPai!AR9 -> 6 | AF9: =SPai!AR9 -> 6 | AG9: =SPai!AT9 -> 20 | AH9: 0 | AI9: =IF(SPai!AS9>700,SPai!AS9,SPai!AS9/100) -> 0.67 | AJ9: =SPai!AU9 -> 1 | AK9: =SPai!AV9 -> 512 | AL9: 0
A10: =SPai!B10 -> 8 | B10: 0 | C10: =SPai!C10 -> 7204 | D10: =SPai!AE10 -> 100 | E10: =SPai!AH10 -> 50 | F10: =SPai!AG10 -> 7 | G10: =SPai!AF10 -> 2000 | H10: =SPai!AJ10 -> 4 | I10: =SPai!AI10 -> 2000 | J10: =SPai!H10 -> 66 | K10: =SPai!N10 -> 43 | L10: =SPai!W10 -> 16 | M10: =SPai!K10 -> 166 | N10: 0 | O10: 0 | P10: 0 | Q10: =SPai!L10 -> 1 | R10: 0 | S10: 0 | T10: 0 | U10: 0 | V10: 0 | W10: 0 | X10: =SPai!M10 -> -1 | Y10: =SPai!Q10 -> 0 | Z10: =SPai!R10 -> 0 | AA10: =SPai!S10 -> 0 | AB10: =SPai!T10 -> 0 | AC10: =SPai!AK10 -> 2000 | AD10: =SPai!AQ10 -> 45 | AE10: =SPai!AR10 -> 6 | AF10: =SPai!AR10 -> 6 | AG10: =SPai!AT10 -> 20 | AH10: 0 | AI10: =IF(SPai!AS10>700,SPai!AS10,SPai!AS10/100) -> 0.68 | AJ10: =SPai!AU10 -> 1 | AK10: =SPai!AV10 -> 512 | AL10: 0
A11: =SPai!B11 -> 9 | B11: 0 | C11: =SPai!C11 -> 9008 | D11: =SPai!AE11 -> 112 | E11: =SPai!AH11 -> 50 | F11: =SPai!AG11 -> 8 | G11: =SPai!AF11 -> 2000 | H11: =SPai!AJ11 -> 4 | I11: =SPai!AI11 -> 2000 | J11: =SPai!H11 -> 76 | K11: =SPai!N11 -> 50 | L11: =SPai!W11 -> 16 | M11: =SPai!K11 -> 168 | N11: 0 | O11: 0 | P11: 0 | Q11: =SPai!L11 -> 1 | R11: 0 | S11: 0 | T11: 0 | U11: 0 | V11: 0 | W11: 0 | X11: =SPai!M11 -> -1 | Y11: =SPai!Q11 -> 0 | Z11: =SPai!R11 -> 0 | AA11: =SPai!S11 -> 0 | AB11: =SPai!T11 -> 0 | AC11: =SPai!AK11 -> 2000 | AD11: =SPai!AQ11 -> 45 | AE11: =SPai!AR11 -> 6 | AF11: =SPai!AR11 -> 6 | AG11: =SPai!AT11 -> 20 | AH11: 0 | AI11: =IF(SPai!AS11>700,SPai!AS11,SPai!AS11/100) -> 0.69 | AJ11: =SPai!AU11 -> 1 | AK11: =SPai!AV11 -> 512 | AL11: 0
A12: =SPai!B12 -> 10 | B12: 0 | C12: =SPai!C12 -> 11014 | D12: =SPai!AE12 -> 124 | E12: =SPai!AH12 -> 50 | F12: =SPai!AG12 -> 8 | G12: =SPai!AF12 -> 2000 | H12: =SPai!AJ12 -> 4 | I12: =SPai!AI12 -> 2000 | J12: =SPai!H12 -> 86 | K12: =SPai!N12 -> 61 | L12: =SPai!W12 -> 16 | M12: =SPai!K12 -> 185 | N12: 0 | O12: 0 | P12: 0 | Q12: =SPai!L12 -> 1 | R12: 0 | S12: 0 | T12: 0 | U12: 0 | V12: 0 | W12: 0 | X12: =SPai!M12 -> -1 | Y12: =SPai!Q12 -> 0 | Z12: =SPai!R12 -> 0 | AA12: =SPai!S12 -> 0 | AB12: =SPai!T12 -> 0 | AC12: =SPai!AK12 -> 2000 | AD12: =SPai!AQ12 -> 45 | AE12: =SPai!AR12 -> 6 | AF12: =SPai!AR12 -> 6 | AG12: =SPai!AT12 -> 20 | AH12: 0 | AI12: =IF(SPai!AS12>700,SPai!AS12,SPai!AS12/100) -> 0.7 | AJ12: =SPai!AU12 -> 1 | AK12: =SPai!AV12 -> 512 | AL12: 0
A13: =SPai!B13 -> 11 | B13: 0 | C13: =SPai!C13 -> 13223 | D13: =SPai!AE13 -> 132 | E13: =SPai!AH13 -> 50 | F13: =SPai!AG13 -> 9 | G13: =SPai!AF13 -> 2000 | H13: =SPai!AJ13 -> 4 | I13: =SPai!AI13 -> 2000 | J13: =SPai!H13 -> 97 | K13: =SPai!N13 -> 70 | L13: =SPai!W13 -> 16 | M13: =SPai!K13 -> 187 | N13: 0 | O13: 0 | P13: 0 | Q13: =SPai!L13 -> 1 | R13: 0 | S13: 0 | T13: 0 | U13: 0 | V13: 0 | W13: 0 | X13: =SPai!M13 -> -1 | Y13: =SPai!Q13 -> 0 | Z13: =SPai!R13 -> 0 | AA13: =SPai!S13 -> 0 | AB13: =SPai!T13 -> 0 | AC13: =SPai!AK13 -> 2000 | AD13: =SPai!AQ13 -> 45 | AE13: =SPai!AR13 -> 6 | AF13: =SPai!AR13 -> 6 | AG13: =SPai!AT13 -> 20 | AH13: 0 | AI13: =IF(SPai!AS13>700,SPai!AS13,SPai!AS13/100) -> 0.72 | AJ13: =SPai!AU13 -> 1 | AK13: =SPai!AV13 -> 512 | AL13: 0
A14: =SPai!B14 -> 12 | B14: 0 | C14: =SPai!C14 -> 15638 | D14: =SPai!AE14 -> 160 | E14: =SPai!AH14 -> 50 | F14: =SPai!AG14 -> 9 | G14: =SPai!AF14 -> 2000 | H14: =SPai!AJ14 -> 4 | I14: =SPai!AI14 -> 2000 | J14: =SPai!H14 -> 108 | K14: =SPai!N14 -> 84 | L14: =SPai!W14 -> 16 | M14: =SPai!K14 -> 189 | N14: 0 | O14: 0 | P14: 0 | Q14: =SPai!L14 -> 1 | R14: 0 | S14: 0 | T14: 0 | U14: 0 | V14: 0 | W14: 0 | X14: =SPai!M14 -> -1 | Y14: =SPai!Q14 -> 0 | Z14: =SPai!R14 -> 0 | AA14: =SPai!S14 -> 0 | AB14: =SPai!T14 -> 0 | AC14: =SPai!AK14 -> 2000 | AD14: =SPai!AQ14 -> 45 | AE14: =SPai!AR14 -> 6 | AF14: =SPai!AR14 -> 6 | AG14: =SPai!AT14 -> 20 | AH14: 0 | AI14: =IF(SPai!AS14>700,SPai!AS14,SPai!AS14/100) -> 0.73 | AJ14: =SPai!AU14 -> 1 | AK14: =SPai!AV14 -> 512 | AL14: 0
... A77: =SPai!B77 -> 75 | B77: 0 | C77: =SPai!C77 -> 7.0665409e+15 | D77: =SPai!AE77 -> 60000 | E77: =SPai!AH77 -> 50 | F77: =SPai!AG77 -> 111 | G77: =SPai!AF77 -> 2000 | H77: =SPai!AJ77 -> 4 | I77: =SPai!AI77 -> 2000 | J77: =SPai!H77 -> 13152 | K77: =SPai!N77 -> 80000 | L77: =SPai!W77 -> 16 | M77: =SPai!K77 -> 255 | N77: 0 | O77: 0 | P77: 0 | Q77: =SPai!L77 -> 1 | R77: 0 | S77: 0 | T77: 0 | U77: 0 | V77: 0 | W77: 0 | X77: =SPai!M77 -> -1 | Y77: =SPai!Q77 -> 0 | Z77: =SPai!R77 -> 0 | AA77: =SPai!S77 -> 0 | AB77: =SPai!T77 -> 0 | AC77: =SPai!AK77 -> 2000 | AD77: =SPai!AQ77 -> 45 | AE77: =SPai!AR77 -> 6 | AF77: =SPai!AR77 -> 6 | AG77: =SPai!AT77 -> 20 | AH77: 0 | AI77: =IF(SPai!AS77>700,SPai!AS77,SPai!AS77/100) -> 1.33 | AJ77: =SPai!AU77 -> 1 | AK77: =SPai!AV77 -> 512 | AL77: 0

Sheet CSHec
A1: dword | B1: dword | C1: qword | D1: dword | E1: dword | F1: dword | G1: dword | H1: dword | I1: dword | J1: dword | K1: dword | L1: dword | M1: byte | N1: byte | O1: word | P1: byte | Q1: byte | R1: byte | S1: byte | T1: dword | U1: dword | V1: dword | W1: dword | X1: byte | Y1: byte | Z1: byte | AA1: byte | AB1: byte+3 | AC1: dword | AD1: float | AE1: byte | AF1: byte | AG1: byte | AH1: byte | AI1: float | AJ1: dword | AK1: dword | AL1: dword | AM1: END
A2: =SHec!B2 -> Level | B2: none | C2: =SHec!C2 -> NeedExp | D2: =SHec!AE2 -> MaxHP | E2: =SHec!AH2 -> MaxFP | F2: =SHec!AG2 -> HPRecUnit | G2: =SHec!AF2 -> HPRecDelay | H2: =SHec!AJ2 -> FPRecUnit | I2: =SHec!AI2 -> FPRecDelay | J2: =SHec!H2 -> AttFcStd | K2: =SHec!N2 -> StdDefFc | L2: =SHec!W2 -> ForceAttStd | M2: =SHec!K2 -> AttSklUnit | N2: none | O2: none | P2: none | Q2: =SHec!L2 -> DefSklUnit | R2: none | S2: none | T2: none | U2: none | V2: none | W2: none | X2: =SHec!M2 -> WeakPart | Y2: =SHec!Q2 -> fire | Z2: =SHec!R2 -> water | AA2: =SHec!S2 -> soil | AB2: =SHec!T2 -> wind | AC2: =SHec!AK2 -> AttSpd | AD2: =SHec!AQ2 -> AttExt | AE2: =SHec!AR2 -> MovSpd | AF2: =SHec!AR2 -> MovSpd | AG2: =SHec!AT2 -> Width | AH2: none | AI2: =IF(SHec!AS2>700,SHec!AS2,SHec!AS2/100) -> ScaleRate | AJ2: =SHec!AU2 -> AttEffType | AK2: =SHec!AV2 -> DefEffType | AL2: none
A3: =SHec!B3 -> 1 | B3: 0 | C3: =SHec!C3 -> 200 | D3: =SHec!AE3 -> 70 | E3: =SHec!AH3 -> 50 | F3: =SHec!AG3 -> 12 | G3: =SHec!AF3 -> 2000 | H3: =SHec!AJ3 -> 4 | I3: =SHec!AI3 -> 2000 | J3: =SHec!H3 -> 60 | K3: =SHec!N3 -> 10 | L3: =SHec!W3 -> 16 | M3: =SHec!K3 -> 95 | N3: 0 | O3: 0 | P3: 0 | Q3: =SHec!L3 -> 3 | R3: 0 | S3: 0 | T3: 0 | U3: 0 | V3: 0 | W3: 0 | X3: =SHec!M3 -> -1 | Y3: =SHec!Q3 -> 10 | Z3: =SHec!R3 -> 10 | AA3: =SHec!S3 -> 10 | AB3: =SHec!T3 -> 10 | AC3: =SHec!AK3 -> 900 | AD3: =SHec!AQ3 -> 225 | AE3: =SHec!AR3 -> 6 | AF3: =SHec!AR3 -> 6 | AG3: =SHec!AT3 -> 20 | AH3: 0 | AI3: =IF(SHec!AS3>700,SHec!AS3,SHec!AS3/100) -> 0.6 | AJ3: =SHec!AU3 -> 10 | AK3: =SHec!AV3 -> 273 | AL3: 0
A4: =SHec!B4 -> 2 | B4: 0 | C4: =SHec!C4 -> 600 | D4: =SHec!AE4 -> 90 | E4: =SHec!AH4 -> 50 | F4: =SHec!AG4 -> 12 | G4: =SHec!AF4 -> 2000 | H4: =SHec!AJ4 -> 4 | I4: =SHec!AI4 -> 2000 | J4: =SHec!H4 -> 70 | K4: =SHec!N4 -> 12 | L4: =SHec!W4 -> 16 | M4: =SHec!K4 -> 97 | N4: 0 | O4: 0 | P4: 0 | Q4: =SHec!L4 -> 3 | R4: 0 | S4: 0 | T4: 0 | U4: 0 | V4: 0 | W4: 0 | X4: =SHec!M4 -> -1 | Y4: =SHec!Q4 -> 10 | Z4: =SHec!R4 -> 10 | AA4: =SHec!S4 -> 10 | AB4: =SHec!T4 -> 10 | AC4: =SHec!AK4 -> 900 | AD4: =SHec!AQ4 -> 225 | AE4: =SHec!AR4 -> 6 | AF4: =SHec!AR4 -> 6 | AG4: =SHec!AT4 -> 20 | AH4: 0 | AI4: =IF(SHec!AS4>700,SHec!AS4,SHec!AS4/100) -> 0.6 | AJ4: =SHec!AU4 -> 10 | AK4: =SHec!AV4 -> 273 | AL4: 0
A5: =SHec!B5 -> 3 | B5: 0 | C5: =SHec!C5 -> 1200 | D5: =SHec!AE5 -> 120 | E5: =SHec!AH5 -> 50 | F5: =SHec!AG5 -> 14 | G5: =SHec!AF5 -> 2000 | H5: =SHec!AJ5 -> 4 | I5: =SHec!AI5 -> 2000 | J5: =SHec!H5 -> 84 | K5: =SHec!N5 -> 16 | L5: =SHec!W5 -> 16 | M5: =SHec!K5 -> 99 | N5: 0 | O5: 0 | P5: 0 | Q5: =SHec!L5 -> 3 | R5: 0 | S5: 0 | T5: 0 | U5: 0 | V5: 0 | W5: 0 | X5: =SHec!M5 -> -1 | Y5: =SHec!Q5 -> 10 | Z5: =SHec!R5 -> 10 | AA5: =SHec!S5 -> 10 | AB5: =SHec!T5 -> 10 | AC5: =SHec!AK5 -> 900 | AD5: =SHec!AQ5 -> 225 | AE5: =SHec!AR5 -> 6 | AF5: =SHec!AR5 -> 6 | AG5: =SHec!AT5 -> 20 | AH5: 0 | AI5: =IF(SHec!AS5>700,SHec!AS5,SHec!AS5/100) -> 0.6 | AJ5: =SHec!AU5 -> 10 | AK5: =SHec!AV5 -> 273 | AL5: 0
A6: =SHec!B6 -> 4 | B6: 0 | C6: =SHec!C6 -> 2000 | D6: =SHec!AE6 -> 130 | E6: =SHec!AH6 -> 50 | F6: =SHec!AG6 -> 14 | G6: =SHec!AF6 -> 2000 | H6: =SHec!AJ6 -> 4 | I6: =SHec!AI6 -> 2000 | J6: =SHec!H6 -> 101 | K6: =SHec!N6 -> 18 | L6: =SHec!W6 -> 16 | M6: =SHec!K6 -> 101 | N6: 0 | O6: 0 | P6: 0 | Q6: =SHec!L6 -> 6 | R6: 0 | S6: 0 | T6: 0 | U6: 0 | V6: 0 | W6: 0 | X6: =SHec!M6 -> -1 | Y6: =SHec!Q6 -> 10 | Z6: =SHec!R6 -> 10 | AA6: =SHec!S6 -> 10 | AB6: =SHec!T6 -> 10 | AC6: =SHec!AK6 -> 900 | AD6: =SHec!AQ6 -> 225 | AE6: =SHec!AR6 -> 6 | AF6: =SHec!AR6 -> 6 | AG6: =SHec!AT6 -> 20 | AH6: 0 | AI6: =IF(SHec!AS6>700,SHec!AS6,SHec!AS6/100) -> 0.6 | AJ6: =SHec!AU6 -> 10 | AK6: =SHec!AV6 -> 273 | AL6: 0
A7: =SHec!B7 -> 5 | B7: 0 | C7: =SHec!C7 -> 3000 | D7: =SHec!AE7 -> 170 | E7: =SHec!AH7 -> 50 | F7: =SHec!AG7 -> 16 | G7: =SHec!AF7 -> 2000 | H7: =SHec!AJ7 -> 4 | I7: =SHec!AI7 -> 2000 | J7: =SHec!H7 -> 122 | K7: =SHec!N7 -> 22 | L7: =SHec!W7 -> 16 | M7: =SHec!K7 -> 120 | N7: 0 | O7: 0 | P7: 0 | Q7: =SHec!L7 -> 9 | R7: 0 | S7: 0 | T7: 0 | U7: 0 | V7: 0 | W7: 0 | X7: =SHec!M7 -> -1 | Y7: =SHec!Q7 -> 10 | Z7: =SHec!R7 -> 10 | AA7: =SHec!S7 -> 10 | AB7: =SHec!T7 -> 10 | AC7: =SHec!AK7 -> 900 | AD7: =SHec!AQ7 -> 225 | AE7: =SHec!AR7 -> 6 | AF7: =SHec!AR7 -> 6 | AG7: =SHec!AT7 -> 20 | AH7: 0 | AI7: =IF(SHec!AS7>700,SHec!AS7,SHec!AS7/100) -> 0.6 | AJ7: =SHec!AU7 -> 10 | AK7: =SHec!AV7 -> 273 | AL7: 0
A8: =SHec!B8 -> 6 | B8: 0 | C8: =SHec!C8 -> 4201 | D8: =SHec!AE8 -> 200 | E8: =SHec!AH8 -> 50 | F8: =SHec!AG8 -> 16 | G8: =SHec!AF8 -> 2000 | H8: =SHec!AJ8 -> 4 | I8: =SHec!AI8 -> 2000 | J8: =SHec!H8 -> 137 | K8: =SHec!N8 -> 22 | L8: =SHec!W8 -> 16 | M8: =SHec!K8 -> 122 | N8: 0 | O8: 0 | P8: 0 | Q8: =SHec!L8 -> 9 | R8: 0 | S8: 0 | T8: 0 | U8: 0 | V8: 0 | W8: 0 | X8: =SHec!M8 -> -1 | Y8: =SHec!Q8 -> 10 | Z8: =SHec!R8 -> 10 | AA8: =SHec!S8 -> 10 | AB8: =SHec!T8 -> 10 | AC8: =SHec!AK8 -> 900 | AD8: =SHec!AQ8 -> 225 | AE8: =SHec!AR8 -> 6 | AF8: =SHec!AR8 -> 6 | AG8: =SHec!AT8 -> 20 | AH8: 0 | AI8: =IF(SHec!AS8>700,SHec!AS8,SHec!AS8/100) -> 0.6 | AJ8: =SHec!AU8 -> 10 | AK8: =SHec!AV8 -> 273 | AL8: 0
A9: =SHec!B9 -> 7 | B9: 0 | C9: =SHec!C9 -> 5602 | D9: =SHec!AE9 -> 210 | E9: =SHec!AH9 -> 50 | F9: =SHec!AG9 -> 18 | G9: =SHec!AF9 -> 2000 | H9: =SHec!AJ9 -> 4 | I9: =SHec!AI9 -> 2000 | J9: =SHec!H9 -> 156 | K9: =SHec!N9 -> 26 | L9: =SHec!W9 -> 16 | M9: =SHec!K9 -> 124 | N9: 0 | O9: 0 | P9: 0 | Q9: =SHec!L9 -> 12 | R9: 0 | S9: 0 | T9: 0 | U9: 0 | V9: 0 | W9: 0 | X9: =SHec!M9 -> -1 | Y9: =SHec!Q9 -> 10 | Z9: =SHec!R9 -> 10 | AA9: =SHec!S9 -> 10 | AB9: =SHec!T9 -> 10 | AC9: =SHec!AK9 -> 900 | AD9: =SHec!AQ9 -> 225 | AE9: =SHec!AR9 -> 6 | AF9: =SHec!AR9 -> 6 | AG9: =SHec!AT9 -> 20 | AH9: 0 | AI9: =IF(SHec!AS9>700,SHec!AS9,SHec!AS9/100) -> 0.6 | AJ9: =SHec!AU9 -> 10 | AK9: =SHec!AV9 -> 273 | AL9: 0
A10: =SHec!B10 -> 8 | B10: 0 | C10: =SHec!C10 -> 7204 | D10: =SHec!AE10 -> 250 | E10: =SHec!AH10 -> 50 | F10: =SHec!AG10 -> 18 | G10: =SHec!AF10 -> 2000 | H10: =SHec!AJ10 -> 4 | I10: =SHec!AI10 -> 2000 | J10: =SHec!H10 -> 176 | K10: =SHec!N10 -> 30 | L10: =SHec!W10 -> 16 | M10: =SHec!K10 -> 126 | N10: 0 | O10: 0 | P10: 0 | Q10: =SHec!L10 -> 12 | R10: 0 | S10: 0 | T10: 0 | U10: 0 | V10: 0 | W10: 0 | X10: =SHec!M10 -> -1 | Y10: =SHec!Q10 -> 10 | Z10: =SHec!R10 -> 10 | AA10: =SHec!S10 -> 10 | AB10: =SHec!T10 -> 10 | AC10: =SHec!AK10 -> 900 | AD10: =SHec!AQ10 -> 225 | AE10: =SHec!AR10 -> 6 | AF10: =SHec!AR10 -> 6 | AG10: =SHec!AT10 -> 20 | AH10: 0 | AI10: =IF(SHec!AS10>700,SHec!AS10,SHec!AS10/100) -> 0.6 | AJ10: =SHec!AU10 -> 10 | AK10: =SHec!AV10 -> 273 | AL10: 0
A11: =SHec!B11 -> 9 | B11: 0 | C11: =SHec!C11 -> 9008 | D11: =SHec!AE11 -> 280 | E11: =SHec!AH11 -> 50 | F11: =SHec!AG11 -> 20 | G11: =SHec!AF11 -> 2000 | H11: =SHec!AJ11 -> 4 | I11: =SHec!AI11 -> 2000 | J11: =SHec!H11 -> 201 | K11: =SHec!N11 -> 38 | L11: =SHec!W11 -> 16 | M11: =SHec!K11 -> 128 | N11: 0 | O11: 0 | P11: 0 | Q11: =SHec!L11 -> 12 | R11: 0 | S11: 0 | T11: 0 | U11: 0 | V11: 0 | W11: 0 | X11: =SHec!M11 -> -1 | Y11: =SHec!Q11 -> 10 | Z11: =SHec!R11 -> 10 | AA11: =SHec!S11 -> 10 | AB11: =SHec!T11 -> 10 | AC11: =SHec!AK11 -> 900 | AD11: =SHec!AQ11 -> 225 | AE11: =SHec!AR11 -> 6 | AF11: =SHec!AR11 -> 6 | AG11: =SHec!AT11 -> 20 | AH11: 0 | AI11: =IF(SHec!AS11>700,SHec!AS11,SHec!AS11/100) -> 0.6 | AJ11: =SHec!AU11 -> 10 | AK11: =SHec!AV11 -> 273 | AL11: 0
A12: =SHec!B12 -> 10 | B12: 0 | C12: =SHec!C12 -> 11014 | D12: =SHec!AE12 -> 310 | E12: =SHec!AH12 -> 50 | F12: =SHec!AG12 -> 20 | G12: =SHec!AF12 -> 2000 | H12: =SHec!AJ12 -> 4 | I12: =SHec!AI12 -> 2000 | J12: =SHec!H12 -> 225 | K12: =SHec!N12 -> 46 | L12: =SHec!W12 -> 16 | M12: =SHec!K12 -> 145 | N12: 0 | O12: 0 | P12: 0 | Q12: =SHec!L12 -> 15 | R12: 0 | S12: 0 | T12: 0 | U12: 0 | V12: 0 | W12: 0 | X12: =SHec!M12 -> -1 | Y12: =SHec!Q12 -> 10 | Z12: =SHec!R12 -> 10 | AA12: =SHec!S12 -> 10 | AB12: =SHec!T12 -> 10 | AC12: =SHec!AK12 -> 900 | AD12: =SHec!AQ12 -> 225 | AE12: =SHec!AR12 -> 6 | AF12: =SHec!AR12 -> 6 | AG12: =SHec!AT12 -> 20 | AH12: 0 | AI12: =IF(SHec!AS12>700,SHec!AS12,SHec!AS12/100) -> 0.6 | AJ12: =SHec!AU12 -> 10 | AK12: =SHec!AV12 -> 273 | AL12: 0
A13: =SHec!B13 -> 11 | B13: 0 | C13: =SHec!C13 -> 13223 | D13: =SHec!AE13 -> 330 | E13: =SHec!AH13 -> 50 | F13: =SHec!AG13 -> 22 | G13: =SHec!AF13 -> 2000 | H13: =SHec!AJ13 -> 4 | I13: =SHec!AI13 -> 2000 | J13: =SHec!H13 -> 251 | K13: =SHec!N13 -> 58 | L13: =SHec!W13 -> 16 | M13: =SHec!K13 -> 147 | N13: 0 | O13: 0 | P13: 0 | Q13: =SHec!L13 -> 15 | R13: 0 | S13: 0 | T13: 0 | U13: 0 | V13: 0 | W13: 0 | X13: =SHec!M13 -> -1 | Y13: =SHec!Q13 -> 10 | Z13: =SHec!R13 -> 10 | AA13: =SHec!S13 -> 10 | AB13: =SHec!T13 -> 10 | AC13: =SHec!AK13 -> 900 | AD13: =SHec!AQ13 -> 225 | AE13: =SHec!AR13 -> 6 | AF13: =SHec!AR13 -> 6 | AG13: =SHec!AT13 -> 20 | AH13: 0 | AI13: =IF(SHec!AS13>700,SHec!AS13,SHec!AS13/100) -> 0.6 | AJ13: =SHec!AU13 -> 10 | AK13: =SHec!AV13 -> 273 | AL13: 0
A14: =SHec!B14 -> 12 | B14: 0 | C14: =SHec!C14 -> 15638 | D14: =SHec!AE14 -> 400 | E14: =SHec!AH14 -> 50 | F14: =SHec!AG14 -> 22 | G14: =SHec!AF14 -> 2000 | H14: =SHec!AJ14 -> 4 | I14: =SHec!AI14 -> 2000 | J14: =SHec!H14 -> 277 | K14: =SHec!N14 -> 72 | L14: =SHec!W14 -> 16 | M14: =SHec!K14 -> 149 | N14: 0 | O14: 0 | P14: 0 | Q14: =SHec!L14 -> 18 | R14: 0 | S14: 0 | T14: 0 | U14: 0 | V14: 0 | W14: 0 | X14: =SHec!M14 -> -1 | Y14: =SHec!Q14 -> 10 | Z14: =SHec!R14 -> 10 | AA14: =SHec!S14 -> 10 | AB14: =SHec!T14 -> 10 | AC14: =SHec!AK14 -> 900 | AD14: =SHec!AQ14 -> 225 | AE14: =SHec!AR14 -> 6 | AF14: =SHec!AR14 -> 6 | AG14: =SHec!AT14 -> 20 | AH14: 0 | AI14: =IF(SHec!AS14>700,SHec!AS14,SHec!AS14/100) -> 0.6 | AJ14: =SHec!AU14 -> 10 | AK14: =SHec!AV14 -> 273 | AL14: 0
... A77: =SHec!B77 -> 75 | B77: 0 | C77: =SHec!C77 -> 7.0006654e+17 | D77: =SHec!AE77 -> 60000 | E77: =SHec!AH77 -> 50 | F77: =SHec!AG77 -> 74 | G77: =SHec!AF77 -> 2000 | H77: =SHec!AJ77 -> 4 | I77: =SHec!AI77 -> 2000 | J77: =SHec!H77 -> 8538 | K77: =SHec!N77 -> 7883 | L77: =SHec!W77 -> 16 | M77: =SHec!K77 -> 255 | N77: 0 | O77: 0 | P77: 0 | Q77: =SHec!L77 -> 743 | R77: 0 | S77: 0 | T77: 0 | U77: 0 | V77: 0 | W77: 0 | X77: =SHec!M77 -> -1 | Y77: =SHec!Q77 -> 10 | Z77: =SHec!R77 -> 10 | AA77: =SHec!S77 -> 10 | AB77: =SHec!T77 -> 10 | AC77: =SHec!AK77 -> 900 | AD77: =SHec!AQ77 -> 230 | AE77: =SHec!AR77 -> 6 | AF77: =SHec!AR77 -> 6 | AG77: =SHec!AT77 -> 20 | AH77: 0 | AI77: =IF(SHec!AS77>700,SHec!AS77,SHec!AS77/100) -> 0.6 | AJ77: =SHec!AU77 -> 10 | AK77: =SHec!AV77 -> 273 | AL77: 0

Sheet CSIna
A1: dword | B1: dword | C1: qword | D1: dword | E1: dword | F1: dword | G1: dword | H1: dword | I1: dword | J1: dword | K1: dword | L1: dword | M1: byte | N1: byte | O1: word | P1: byte | Q1: byte | R1: byte | S1: byte | T1: dword | U1: dword | V1: dword | W1: dword | X1: byte | Y1: byte | Z1: byte | AA1: byte | AB1: byte+3 | AC1: dword | AD1: float | AE1: byte | AF1: byte | AG1: byte | AH1: byte | AI1: float | AJ1: dword | AK1: dword | AL1: dword | AM1: END
A2: =SIna!B2 -> Level | B2: none | C2: =SIna!C2 -> NeedExp | D2: =SIna!AE2 -> MaxHP | E2: =SIna!AH2 -> MaxFP | F2: =SIna!AG2 -> HPRecUnit | G2: =SIna!AF2 -> HPRecDelay | H2: =SIna!AJ2 -> FPRecUnit | I2: =SIna!AI2 -> FPRecDelay | J2: =SIna!H2 -> AttFcStd | K2: =SIna!N2 -> StdDefFc | L2: =SIna!W2 -> ForceAttStd | M2: =SIna!K2 -> AttSklUnit | N2: none | O2: none | P2: none | Q2: =SIna!L2 -> DefSklUnit | R2: none | S2: none | T2: none | U2: none | V2: none | W2: none | X2: =SIna!M2 -> WeakPart | Y2: =SIna!Q2 -> fire | Z2: =SIna!R2 -> water | AA2: =SIna!S2 -> soil | AB2: =SIna!T2 -> wind | AC2: =SIna!AK2 -> AttSpd | AD2: =SIna!AQ2 -> AttExt | AE2: =SIna!AR2 -> MovSpd | AF2: =SIna!AR2 -> MovSpd | AG2: =SIna!AT2 -> Width | AH2: none | AI2: =IF(SIna!AS2>700,SIna!AS2,SIna!AS2/100) -> ScaleRate | AJ2: =SIna!AU2 -> AttEffType | AK2: =SIna!AV2 -> DefEffType | AL2: none
A3: =SIna!B3 -> 1 | B3: 0 | C3: =SIna!C3 -> 2160 | D3: =SIna!AE3 -> 70 | E3: =SIna!AH3 -> 50 | F3: =SIna!AG3 -> 12 | G3: =SIna!AF3 -> 2000 | H3: =SIna!AJ3 -> 4 | I3: =SIna!AI3 -> 2000 | J3: =SIna!H3 -> 27 | K3: =SIna!N3 -> 10 | L3: =SIna!W3 -> 16 | M3: =SIna!K3 -> 1 | N3: 0 | O3: 0 | P3: 0 | Q3: =SIna!L3 -> 1 | R3: 0 | S3: 0 | T3: 0 | U3: 0 | V3: 0 | W3: 0 | X3: =SIna!M3 -> -1 | Y3: =SIna!Q3 -> 0 | Z3: =SIna!R3 -> 0 | AA3: =SIna!S3 -> 0 | AB3: =SIna!T3 -> 0 | AC3: =SIna!AK3 -> 1575 | AD3: =SIna!AQ3 -> 225 | AE3: =SIna!AR3 -> 6 | AF3: =SIna!AR3 -> 6 | AG3: =SIna!AT3 -> 20 | AH3: 0 | AI3: =IF(SIna!AS3>700,SIna!AS3,SIna!AS3/100) -> 0.42 | AJ3: =SIna!AU3 -> 0 | AK3: =SIna!AV3 -> 1041 | AL3: 0
A4: =SIna!B4 -> 2 | B4: 0 | C4: =SIna!C4 -> 4752 | D4: =SIna!AE4 -> 90 | E4: =SIna!AH4 -> 50 | F4: =SIna!AG4 -> 12 | G4: =SIna!AF4 -> 2000 | H4: =SIna!AJ4 -> 4 | I4: =SIna!AI4 -> 2000 | J4: =SIna!H4 -> 32 | K4: =SIna!N4 -> 12 | L4: =SIna!W4 -> 16 | M4: =SIna!K4 -> 1 | N4: 0 | O4: 0 | P4: 0 | Q4: =SIna!L4 -> 2 | R4: 0 | S4: 0 | T4: 0 | U4: 0 | V4: 0 | W4: 0 | X4: =SIna!M4 -> -1 | Y4: =SIna!Q4 -> 0 | Z4: =SIna!R4 -> 0 | AA4: =SIna!S4 -> 0 | AB4: =SIna!T4 -> 0 | AC4: =SIna!AK4 -> 1575 | AD4: =SIna!AQ4 -> 225 | AE4: =SIna!AR4 -> 6 | AF4: =SIna!AR4 -> 6 | AG4: =SIna!AT4 -> 20 | AH4: 0 | AI4: =IF(SIna!AS4>700,SIna!AS4,SIna!AS4/100) -> 0.42 | AJ4: =SIna!AU4 -> 0 | AK4: =SIna!AV4 -> 1041 | AL4: 0
A5: =SIna!B5 -> 3 | B5: 0 | C5: =SIna!C5 -> 8682 | D5: =SIna!AE5 -> 120 | E5: =SIna!AH5 -> 50 | F5: =SIna!AG5 -> 14 | G5: =SIna!AF5 -> 2000 | H5: =SIna!AJ5 -> 4 | I5: =SIna!AI5 -> 2000 | J5: =SIna!H5 -> 39 | K5: =SIna!N5 -> 16 | L5: =SIna!W5 -> 16 | M5: =SIna!K5 -> 1 | N5: 0 | O5: 0 | P5: 0 | Q5: =SIna!L5 -> 3 | R5: 0 | S5: 0 | T5: 0 | U5: 0 | V5: 0 | W5: 0 | X5: =SIna!M5 -> -1 | Y5: =SIna!Q5 -> 0 | Z5: =SIna!R5 -> 0 | AA5: =SIna!S5 -> 0 | AB5: =SIna!T5 -> 0 | AC5: =SIna!AK5 -> 1575 | AD5: =SIna!AQ5 -> 225 | AE5: =SIna!AR5 -> 6 | AF5: =SIna!AR5 -> 6 | AG5: =SIna!AT5 -> 20 | AH5: 0 | AI5: =IF(SIna!AS5>700,SIna!AS5,SIna!AS5/100) -> 0.42 | AJ5: =SIna!AU5 -> 0 | AK5: =SIna!AV5 -> 1041 | AL5: 0
A6: =SIna!B6 -> 4 | B6: 0 | C6: =SIna!C6 -> 14046 | D6: =SIna!AE6 -> 130 | E6: =SIna!AH6 -> 50 | F6: =SIna!AG6 -> 14 | G6: =SIna!AF6 -> 2000 | H6: =SIna!AJ6 -> 4 | I6: =SIna!AI6 -> 2000 | J6: =SIna!H6 -> 45 | K6: =SIna!N6 -> 18 | L6: =SIna!W6 -> 16 | M6: =SIna!K6 -> 2 | N6: 0 | O6: 0 | P6: 0 | Q6: =SIna!L6 -> 4 | R6: 0 | S6: 0 | T6: 0 | U6: 0 | V6: 0 | W6: 0 | X6: =SIna!M6 -> -1 | Y6: =SIna!Q6 -> 0 | Z6: =SIna!R6 -> 0 | AA6: =SIna!S6 -> 0 | AB6: =SIna!T6 -> 0 | AC6: =SIna!AK6 -> 1575 | AD6: =SIna!AQ6 -> 225 | AE6: =SIna!AR6 -> 6 | AF6: =SIna!AR6 -> 6 | AG6: =SIna!AT6 -> 20 | AH6: 0 | AI6: =IF(SIna!AS6>700,SIna!AS6,SIna!AS6/100) -> 0.42 | AJ6: =SIna!AU6 -> 0 | AK6: =SIna!AV6 -> 1041 | AL6: 0
A7: =SIna!B7 -> 5 | B7: 0 | C7: =SIna!C7 -> 21606 | D7: =SIna!AE7 -> 170 | E7: =SIna!AH7 -> 50 | F7: =SIna!AG7 -> 16 | G7: =SIna!AF7 -> 2000 | H7: =SIna!AJ7 -> 4 | I7: =SIna!AI7 -> 2000 | J7: =SIna!H7 -> 54 | K7: =SIna!N7 -> 22 | L7: =SIna!W7 -> 16 | M7: =SIna!K7 -> 3 | N7: 0 | O7: 0 | P7: 0 | Q7: =SIna!L7 -> 10 | R7: 0 | S7: 0 | T7: 0 | U7: 0 | V7: 0 | W7: 0 | X7: =SIna!M7 -> -1 | Y7: =SIna!Q7 -> 0 | Z7: =SIna!R7 -> 0 | AA7: =SIna!S7 -> 0 | AB7: =SIna!T7 -> 0 | AC7: =SIna!AK7 -> 1575 | AD7: =SIna!AQ7 -> 225 | AE7: =SIna!AR7 -> 6 | AF7: =SIna!AR7 -> 6 | AG7: =SIna!AT7 -> 20 | AH7: 0 | AI7: =IF(SIna!AS7>700,SIna!AS7,SIna!AS7/100) -> 0.42 | AJ7: =SIna!AU7 -> 0 | AK7: =SIna!AV7 -> 1041 | AL7: 0
A8: =SIna!B8 -> 6 | B8: 0 | C8: =SIna!C8 -> 31214 | D8: =SIna!AE8 -> 200 | E8: =SIna!AH8 -> 50 | F8: =SIna!AG8 -> 16 | G8: =SIna!AF8 -> 2000 | H8: =SIna!AJ8 -> 4 | I8: =SIna!AI8 -> 2000 | J8: =SIna!H8 -> 60 | K8: =SIna!N8 -> 22 | L8: =SIna!W8 -> 16 | M8: =SIna!K8 -> 4 | N8: 0 | O8: 0 | P8: 0 | Q8: =SIna!L8 -> 11 | R8: 0 | S8: 0 | T8: 0 | U8: 0 | V8: 0 | W8: 0 | X8: =SIna!M8 -> -1 | Y8: =SIna!Q8 -> 0 | Z8: =SIna!R8 -> 0 | AA8: =SIna!S8 -> 0 | AB8: =SIna!T8 -> 0 | AC8: =SIna!AK8 -> 1575 | AD8: =SIna!AQ8 -> 225 | AE8: =SIna!AR8 -> 6 | AF8: =SIna!AR8 -> 6 | AG8: =SIna!AT8 -> 20 | AH8: 0 | AI8: =IF(SIna!AS8>700,SIna!AS8,SIna!AS8/100) -> 0.42 | AJ8: =SIna!AU8 -> 0 | AK8: =SIna!AV8 -> 1041 | AL8: 0
A9: =SIna!B9 -> 7 | B9: 0 | C9: =SIna!C9 -> 43102 | D9: =SIna!AE9 -> 210 | E9: =SIna!AH9 -> 50 | F9: =SIna!AG9 -> 18 | G9: =SIna!AF9 -> 2000 | H9: =SIna!AJ9 -> 4 | I9: =SIna!AI9 -> 2000 | J9: =SIna!H9 -> 66 | K9: =SIna!N9 -> 26 | L9: =SIna!W9 -> 16 | M9: =SIna!K9 -> 4 | N9: 0 | O9: 0 | P9: 0 | Q9: =SIna!L9 -> 12 | R9: 0 | S9: 0 | T9: 0 | U9: 0 | V9: 0 | W9: 0 | X9: =SIna!M9 -> -1 | Y9: =SIna!Q9 -> 0 | Z9: =SIna!R9 -> 0 | AA9: =SIna!S9 -> 0 | AB9: =SIna!T9 -> 0 | AC9: =SIna!AK9 -> 1575 | AD9: =SIna!AQ9 -> 225 | AE9: =SIna!AR9 -> 6 | AF9: =SIna!AR9 -> 6 | AG9: =SIna!AT9 -> 20 | AH9: 0 | AI9: =IF(SIna!AS9>700,SIna!AS9,SIna!AS9/100) -> 0.42 | AJ9: =SIna!AU9 -> 0 | AK9: =SIna!AV9 -> 1041 | AL9: 0
A10: =SIna!B10 -> 8 | B10: 0 | C10: =SIna!C10 -> 58601 | D10: =SIna!AE10 -> 250 | E10: =SIna!AH10 -> 50 | F10: =SIna!AG10 -> 18 | G10: =SIna!AF10 -> 2000 | H10: =SIna!AJ10 -> 4 | I10: =SIna!AI10 -> 2000 | J10: =SIna!H10 -> 77 | K10: =SIna!N10 -> 30 | L10: =SIna!W10 -> 16 | M10: =SIna!K10 -> 4 | N10: 0 | O10: 0 | P10: 0 | Q10: =SIna!L10 -> 13 | R10: 0 | S10: 0 | T10: 0 | U10: 0 | V10: 0 | W10: 0 | X10: =SIna!M10 -> -1 | Y10: =SIna!Q10 -> 0 | Z10: =SIna!R10 -> 0 | AA10: =SIna!S10 -> 0 | AB10: =SIna!T10 -> 0 | AC10: =SIna!AK10 -> 1575 | AD10: =SIna!AQ10 -> 225 | AE10: =SIna!AR10 -> 6 | AF10: =SIna!AR10 -> 6 | AG10: =SIna!AT10 -> 20 | AH10: 0 | AI10: =IF(SIna!AS10>700,SIna!AS10,SIna!AS10/100) -> 0.42 | AJ10: =SIna!AU10 -> 0 | AK10: =SIna!AV10 -> 1041 | AL10: 0
A11: =SIna!B11 -> 9 | B11: 0 | C11: =SIna!C11 -> 77188 | D11: =SIna!AE11 -> 280 | E11: =SIna!AH11 -> 50 | F11: =SIna!AG11 -> 20 | G11: =SIna!AF11 -> 2000 | H11: =SIna!AJ11 -> 4 | I11: =SIna!AI11 -> 2000 | J11: =SIna!H11 -> 84 | K11: =SIna!N11 -> 38 | L11: =SIna!W11 -> 16 | M11: =SIna!K11 -> 5 | N11: 0 | O11: 0 | P11: 0 | Q11: =SIna!L11 -> 14 | R11: 0 | S11: 0 | T11: 0 | U11: 0 | V11: 0 | W11: 0 | X11: =SIna!M11 -> -1 | Y11: =SIna!Q11 -> 0 | Z11: =SIna!R11 -> 0 | AA11: =SIna!S11 -> 0 | AB11: =SIna!T11 -> 0 | AC11: =SIna!AK11 -> 1575 | AD11: =SIna!AQ11 -> 225 | AE11: =SIna!AR11 -> 6 | AF11: =SIna!AR11 -> 6 | AG11: =SIna!AT11 -> 20 | AH11: 0 | AI11: =IF(SIna!AS11>700,SIna!AS11,SIna!AS11/100) -> 0.42 | AJ11: =SIna!AU11 -> 0 | AK11: =SIna!AV11 -> 1041 | AL11: 0
A12: =SIna!B12 -> 10 | B12: 0 | C12: =SIna!C12 -> 100585 | D12: =SIna!AE12 -> 310 | E12: =SIna!AH12 -> 50 | F12: =SIna!AG12 -> 20 | G12: =SIna!AF12 -> 2000 | H12: =SIna!AJ12 -> 4 | I12: =SIna!AI12 -> 2000 | J12: =SIna!H12 -> 97 | K12: =SIna!N12 -> 46 | L12: =SIna!W12 -> 16 | M12: =SIna!K12 -> 5 | N12: 0 | O12: 0 | P12: 0 | Q12: =SIna!L12 -> 20 | R12: 0 | S12: 0 | T12: 0 | U12: 0 | V12: 0 | W12: 0 | X12: =SIna!M12 -> -1 | Y12: =SIna!Q12 -> 0 | Z12: =SIna!R12 -> 0 | AA12: =SIna!S12 -> 0 | AB12: =SIna!T12 -> 0 | AC12: =SIna!AK12 -> 1575 | AD12: =SIna!AQ12 -> 225 | AE12: =SIna!AR12 -> 6 | AF12: =SIna!AR12 -> 6 | AG12: =SIna!AT12 -> 20 | AH12: 0 | AI12: =IF(SIna!AS12>700,SIna!AS12,SIna!AS12/100) -> 0.42 | AJ12: =SIna!AU12 -> 0 | AK12: =SIna!AV12 -> 1041 | AL12: 0
A13: =SIna!B13 -> 11 | B13: 0 | C13: =SIna!C13 -> 127918 | D13: =SIna!AE13 -> 330 | E13: =SIna!AH13 -> 50 | F13: =SIna!AG13 -> 22 | G13: =SIna!AF13 -> 2000 | H13: =SIna!AJ13 -> 4 | I13: =SIna!AI13 -> 2000 | J13: =SIna!H13 -> 105 | K13: =SIna!N13 -> 58 | L13: =SIna!W13 -> 16 | M13: =SIna!K13 -> 6 | N13: 0 | O13: 0 | P13: 0 | Q13: =SIna!L13 -> 21 | R13: 0 | S13: 0 | T13: 0 | U13: 0 | V13: 0 | W13: 0 | X13: =SIna!M13 -> -1 | Y13: =SIna!Q13 -> 0 | Z13: =SIna!R13 -> 0 | AA13: =SIna!S13 -> 0 | AB13: =SIna!T13 -> 0 | AC13: =SIna!AK13 -> 1575 | AD13: =SIna!AQ13 -> 225 | AE13: =SIna!AR13 -> 6 | AF13: =SIna!AR13 -> 6 | AG13: =SIna!AT13 -> 20 | AH13: 0 | AI13: =IF(SIna!AS13>700,SIna!AS13,SIna!AS13/100) -> 0.42 | AJ13: =SIna!AU13 -> 0 | AK13: =SIna!AV13 -> 1041 | AL13: 0
A14: =SIna!B14 -> 12 | B14: 0 | C14: =SIna!C14 -> 161474 | D14: =SIna!AE14 -> 400 | E14: =SIna!AH14 -> 50 | F14: =SIna!AG14 -> 22 | G14: =SIna!AF14 -> 2000 | H14: =SIna!AJ14 -> 4 | I14: =SIna!AI14 -> 2000 | J14: =SIna!H14 -> 119 | K14: =SIna!N14 -> 72 | L14: =SIna!W14 -> 16 | M14: =SIna!K14 -> 6 | N14: 0 | O14: 0 | P14: 0 | Q14: =SIna!L14 -> 22 | R14: 0 | S14: 0 | T14: 0 | U14: 0 | V14: 0 | W14: 0 | X14: =SIna!M14 -> -1 | Y14: =SIna!Q14 -> 0 | Z14: =SIna!R14 -> 0 | AA14: =SIna!S14 -> 0 | AB14: =SIna!T14 -> 0 | AC14: =SIna!AK14 -> 1575 | AD14: =SIna!AQ14 -> 225 | AE14: =SIna!AR14 -> 6 | AF14: =SIna!AR14 -> 6 | AG14: =SIna!AT14 -> 20 | AH14: 0 | AI14: =IF(SIna!AS14>700,SIna!AS14,SIna!AS14/100) -> 0.42 | AJ14: =SIna!AU14 -> 0 | AK14: =SIna!AV14 -> 1041 | AL14: 0
... A77: =SIna!B77 -> 75 | B77: 0 | C77: =SIna!C77 -> 7.0665409e+15 | D77: =SIna!AE77 -> 60000 | E77: =SIna!AH77 -> 50 | F77: =SIna!AG77 -> 74 | G77: =SIna!AF77 -> 2000 | H77: =SIna!AJ77 -> 4 | I77: =SIna!AI77 -> 2000 | J77: =SIna!H77 -> 4500 | K77: =SIna!N77 -> 7883 | L77: =SIna!W77 -> 16 | M77: =SIna!K77 -> 99 | N77: 0 | O77: 0 | P77: 0 | Q77: =SIna!L77 -> 150 | R77: 0 | S77: 0 | T77: 0 | U77: 0 | V77: 0 | W77: 0 | X77: =SIna!M77 -> -1 | Y77: =SIna!Q77 -> 0 | Z77: =SIna!R77 -> 0 | AA77: =SIna!S77 -> 0 | AB77: =SIna!T77 -> 0 | AC77: =SIna!AK77 -> 1400 | AD77: =SIna!AQ77 -> 225 | AE77: =SIna!AR77 -> 6 | AF77: =SIna!AR77 -> 6 | AG77: =SIna!AT77 -> 20 | AH77: 0 | AI77: =IF(SIna!AS77>700,SIna!AS77,SIna!AS77/100) -> 0.42 | AJ77: =SIna!AU77 -> 0 | AK77: =SIna!AV77 -> 1041 | AL77: 0

Sheet CSIsi
A1: dword | B1: dword | C1: qword | D1: dword | E1: dword | F1: dword | G1: dword | H1: dword | I1: dword | J1: dword | K1: dword | L1: dword | M1: byte | N1: byte | O1: word | P1: byte | Q1: byte | R1: byte | S1: byte | T1: dword | U1: dword | V1: dword | W1: dword | X1: byte | Y1: byte | Z1: byte | AA1: byte | AB1: byte+3 | AC1: dword | AD1: float | AE1: byte | AF1: byte | AG1: byte | AH1: byte | AI1: float | AJ1: dword | AK1: dword | AL1: dword | AM1: END
A2: =SIsi!B2 -> Level | B2: none | C2: =SIsi!C2 -> NeedExp | D2: =SIsi!AE2 -> MaxHP | E2: =SIsi!AH2 -> MaxFP | F2: =SIsi!AG2 -> HPRecUnit | G2: =SIsi!AF2 -> HPRecDelay | H2: =SIsi!AJ2 -> FPRecUnit | I2: =SIsi!AI2 -> FPRecDelay | J2: =SIsi!H2 -> AttFcStd | K2: =SIsi!N2 -> StdDefFc | L2: =SIsi!W2 -> ForceAttStd | M2: =SIsi!K2 -> AttSklUnit | N2: none | O2: none | P2: none | Q2: =SIsi!L2 -> DefSklUnit | R2: none | S2: none | T2: none | U2: none | V2: none | W2: none | X2: =SIsi!M2 -> WeakPart | Y2: =SIsi!Q2 -> fire | Z2: =SIsi!R2 -> water | AA2: =SIsi!S2 -> soil | AB2: =SIsi!T2 -> wind | AC2: =SIsi!AK2 -> AttSpd | AD2: =SIsi!AQ2 -> AttExt | AE2: =SIsi!AR2 -> MovSpd | AF2: =SIsi!AR2 -> MovSpd | AG2: =SIsi!AT2 -> Width | AH2: none | AI2: =IF(SIsi!AS2>700,SIsi!AS2,SIsi!AS2/100) -> ScaleRate | AJ2: =SIsi!AU2 -> AttEffType | AK2: =SIsi!AV2 -> DefEffType | AL2: none
A3: =SIsi!B3 -> 1 | B3: 0 | C3: =SIsi!C3 -> 200 | D3: =SIsi!AE3 -> 70 | E3: =SIsi!AH3 -> 50 | F3: =SIsi!AG3 -> 12 | G3: =SIsi!AF3 -> 2000 | H3: =SIsi!AJ3 -> 4 | I3: =SIsi!AI3 -> 2000 | J3: =SIsi!H3 -> 150 | K3: =SIsi!N3 -> 5 | L3: =SIsi!W3 -> 16 | M3: =SIsi!K3 -> 175 | N3: 0 | O3: 0 | P3: 0 | Q3: =SIsi!L3 -> 1 | R3: 0 | S3: 0 | T3: 0 | U3: 0 | V3: 0 | W3: 0 | X3: =SIsi!M3 -> -1 | Y3: =SIsi!Q3 -> 50 | Z3: =SIsi!R3 -> 50 | AA3: =SIsi!S3 -> 50 | AB3: =SIsi!T3 -> 50 | AC3: =SIsi!AK3 -> 1800 | AD3: =SIsi!AQ3 -> 300 | AE3: =SIsi!AR3 -> 6 | AF3: =SIsi!AR3 -> 6 | AG3: =SIsi!AT3 -> 20 | AH3: 0 | AI3: =IF(SIsi!AS3>700,SIsi!AS3,SIsi!AS3/100) -> 0.6 | AJ3: =SIsi!AU3 -> 1 | AK3: =SIsi!AV3 -> 7 | AL3: 0
A4: =SIsi!B4 -> 2 | B4: 0 | C4: =SIsi!C4 -> 600 | D4: =SIsi!AE4 -> 90 | E4: =SIsi!AH4 -> 50 | F4: =SIsi!AG4 -> 12 | G4: =SIsi!AF4 -> 2000 | H4: =SIsi!AJ4 -> 4 | I4: =SIsi!AI4 -> 2000 | J4: =SIsi!H4 -> 172 | K4: =SIsi!N4 -> 6 | L4: =SIsi!W4 -> 16 | M4: =SIsi!K4 -> 177 | N4: 0 | O4: 0 | P4: 0 | Q4: =SIsi!L4 -> 1 | R4: 0 | S4: 0 | T4: 0 | U4: 0 | V4: 0 | W4: 0 | X4: =SIsi!M4 -> -1 | Y4: =SIsi!Q4 -> 50 | Z4: =SIsi!R4 -> 50 | AA4: =SIsi!S4 -> 50 | AB4: =SIsi!T4 -> 50 | AC4: =SIsi!AK4 -> 1800 | AD4: =SIsi!AQ4 -> 300 | AE4: =SIsi!AR4 -> 6 | AF4: =SIsi!AR4 -> 6 | AG4: =SIsi!AT4 -> 20 | AH4: 0 | AI4: =IF(SIsi!AS4>700,SIsi!AS4,SIsi!AS4/100) -> 0.6 | AJ4: =SIsi!AU4 -> 1 | AK4: =SIsi!AV4 -> 7 | AL4: 0
A5: =SIsi!B5 -> 3 | B5: 0 | C5: =SIsi!C5 -> 1200 | D5: =SIsi!AE5 -> 120 | E5: =SIsi!AH5 -> 50 | F5: =SIsi!AG5 -> 14 | G5: =SIsi!AF5 -> 2000 | H5: =SIsi!AJ5 -> 4 | I5: =SIsi!AI5 -> 2000 | J5: =SIsi!H5 -> 199 | K5: =SIsi!N5 -> 8 | L5: =SIsi!W5 -> 16 | M5: =SIsi!K5 -> 179 | N5: 0 | O5: 0 | P5: 0 | Q5: =SIsi!L5 -> 1 | R5: 0 | S5: 0 | T5: 0 | U5: 0 | V5: 0 | W5: 0 | X5: =SIsi!M5 -> -1 | Y5: =SIsi!Q5 -> 50 | Z5: =SIsi!R5 -> 50 | AA5: =SIsi!S5 -> 50 | AB5: =SIsi!T5 -> 50 | AC5: =SIsi!AK5 -> 1800 | AD5: =SIsi!AQ5 -> 300 | AE5: =SIsi!AR5 -> 6 | AF5: =SIsi!AR5 -> 6 | AG5: =SIsi!AT5 -> 20 | AH5: 0 | AI5: =IF(SIsi!AS5>700,SIsi!AS5,SIsi!AS5/100) -> 0.6 | AJ5: =SIsi!AU5 -> 1 | AK5: =SIsi!AV5 -> 7 | AL5: 0
A6: =SIsi!B6 -> 4 | B6: 0 | C6: =SIsi!C6 -> 2000 | D6: =SIsi!AE6 -> 130 | E6: =SIsi!AH6 -> 50 | F6: =SIsi!AG6 -> 14 | G6: =SIsi!AF6 -> 2000 | H6: =SIsi!AJ6 -> 4 | I6: =SIsi!AI6 -> 2000 | J6: =SIsi!H6 -> 241 | K6: =SIsi!N6 -> 9 | L6: =SIsi!W6 -> 16 | M6: =SIsi!K6 -> 181 | N6: 0 | O6: 0 | P6: 0 | Q6: =SIsi!L6 -> 2 | R6: 0 | S6: 0 | T6: 0 | U6: 0 | V6: 0 | W6: 0 | X6: =SIsi!M6 -> -1 | Y6: =SIsi!Q6 -> 50 | Z6: =SIsi!R6 -> 50 | AA6: =SIsi!S6 -> 50 | AB6: =SIsi!T6 -> 50 | AC6: =SIsi!AK6 -> 1800 | AD6: =SIsi!AQ6 -> 300 | AE6: =SIsi!AR6 -> 6 | AF6: =SIsi!AR6 -> 6 | AG6: =SIsi!AT6 -> 20 | AH6: 0 | AI6: =IF(SIsi!AS6>700,SIsi!AS6,SIsi!AS6/100) -> 0.6 | AJ6: =SIsi!AU6 -> 1 | AK6: =SIsi!AV6 -> 7 | AL6: 0
A7: =SIsi!B7 -> 5 | B7: 0 | C7: =SIsi!C7 -> 3000 | D7: =SIsi!AE7 -> 170 | E7: =SIsi!AH7 -> 50 | F7: =SIsi!AG7 -> 16 | G7: =SIsi!AF7 -> 2000 | H7: =SIsi!AJ7 -> 4 | I7: =SIsi!AI7 -> 2000 | J7: =SIsi!H7 -> 298 | K7: =SIsi!N7 -> 11 | L7: =SIsi!W7 -> 16 | M7: =SIsi!K7 -> 200 | N7: 0 | O7: 0 | P7: 0 | Q7: =SIsi!L7 -> 3 | R7: 0 | S7: 0 | T7: 0 | U7: 0 | V7: 0 | W7: 0 | X7: =SIsi!M7 -> -1 | Y7: =SIsi!Q7 -> 50 | Z7: =SIsi!R7 -> 50 | AA7: =SIsi!S7 -> 50 | AB7: =SIsi!T7 -> 50 | AC7: =SIsi!AK7 -> 1800 | AD7: =SIsi!AQ7 -> 300 | AE7: =SIsi!AR7 -> 6 | AF7: =SIsi!AR7 -> 6 | AG7: =SIsi!AT7 -> 20 | AH7: 0 | AI7: =IF(SIsi!AS7>700,SIsi!AS7,SIsi!AS7/100) -> 0.6 | AJ7: =SIsi!AU7 -> 1 | AK7: =SIsi!AV7 -> 7 | AL7: 0
A8: =SIsi!B8 -> 6 | B8: 0 | C8: =SIsi!C8 -> 4201 | D8: =SIsi!AE8 -> 200 | E8: =SIsi!AH8 -> 50 | F8: =SIsi!AG8 -> 16 | G8: =SIsi!AF8 -> 2000 | H8: =SIsi!AJ8 -> 4 | I8: =SIsi!AI8 -> 2000 | J8: =SIsi!H8 -> 328 | K8: =SIsi!N8 -> 11 | L8: =SIsi!W8 -> 16 | M8: =SIsi!K8 -> 202 | N8: 0 | O8: 0 | P8: 0 | Q8: =SIsi!L8 -> 3 | R8: 0 | S8: 0 | T8: 0 | U8: 0 | V8: 0 | W8: 0 | X8: =SIsi!M8 -> -1 | Y8: =SIsi!Q8 -> 50 | Z8: =SIsi!R8 -> 50 | AA8: =SIsi!S8 -> 50 | AB8: =SIsi!T8 -> 50 | AC8: =SIsi!AK8 -> 1800 | AD8: =SIsi!AQ8 -> 300 | AE8: =SIsi!AR8 -> 6 | AF8: =SIsi!AR8 -> 6 | AG8: =SIsi!AT8 -> 20 | AH8: 0 | AI8: =IF(SIsi!AS8>700,SIsi!AS8,SIsi!AS8/100) -> 0.6 | AJ8: =SIsi!AU8 -> 1 | AK8: =SIsi!AV8 -> 7 | AL8: 0
A9: =SIsi!B9 -> 7 | B9: 0 | C9: =SIsi!C9 -> 5602 | D9: =SIsi!AE9 -> 210 | E9: =SIsi!AH9 -> 50 | F9: =SIsi!AG9 -> 18 | G9: =SIsi!AF9 -> 2000 | H9: =SIsi!AJ9 -> 4 | I9: =SIsi!AI9 -> 2000 | J9: =SIsi!H9 -> 378 | K9: =SIsi!N9 -> 13 | L9: =SIsi!W9 -> 16 | M9: =SIsi!K9 -> 204 | N9: 0 | O9: 0 | P9: 0 | Q9: =SIsi!L9 -> 4 | R9: 0 | S9: 0 | T9: 0 | U9: 0 | V9: 0 | W9: 0 | X9: =SIsi!M9 -> -1 | Y9: =SIsi!Q9 -> 50 | Z9: =SIsi!R9 -> 50 | AA9: =SIsi!S9 -> 50 | AB9: =SIsi!T9 -> 50 | AC9: =SIsi!AK9 -> 1800 | AD9: =SIsi!AQ9 -> 300 | AE9: =SIsi!AR9 -> 6 | AF9: =SIsi!AR9 -> 6 | AG9: =SIsi!AT9 -> 20 | AH9: 0 | AI9: =IF(SIsi!AS9>700,SIsi!AS9,SIsi!AS9/100) -> 0.6 | AJ9: =SIsi!AU9 -> 1 | AK9: =SIsi!AV9 -> 7 | AL9: 0
A10: =SIsi!B10 -> 8 | B10: 0 | C10: =SIsi!C10 -> 7204 | D10: =SIsi!AE10 -> 250 | E10: =SIsi!AH10 -> 50 | F10: =SIsi!AG10 -> 18 | G10: =SIsi!AF10 -> 2000 | H10: =SIsi!AJ10 -> 4 | I10: =SIsi!AI10 -> 2000 | J10: =SIsi!H10 -> 436 | K10: =SIsi!N10 -> 15 | L10: =SIsi!W10 -> 16 | M10: =SIsi!K10 -> 206 | N10: 0 | O10: 0 | P10: 0 | Q10: =SIsi!L10 -> 4 | R10: 0 | S10: 0 | T10: 0 | U10: 0 | V10: 0 | W10: 0 | X10: =SIsi!M10 -> -1 | Y10: =SIsi!Q10 -> 50 | Z10: =SIsi!R10 -> 50 | AA10: =SIsi!S10 -> 50 | AB10: =SIsi!T10 -> 50 | AC10: =SIsi!AK10 -> 1800 | AD10: =SIsi!AQ10 -> 300 | AE10: =SIsi!AR10 -> 6 | AF10: =SIsi!AR10 -> 6 | AG10: =SIsi!AT10 -> 20 | AH10: 0 | AI10: =IF(SIsi!AS10>700,SIsi!AS10,SIsi!AS10/100) -> 0.6 | AJ10: =SIsi!AU10 -> 1 | AK10: =SIsi!AV10 -> 7 | AL10: 0
A11: =SIsi!B11 -> 9 | B11: 0 | C11: =SIsi!C11 -> 9008 | D11: =SIsi!AE11 -> 280 | E11: =SIsi!AH11 -> 50 | F11: =SIsi!AG11 -> 20 | G11: =SIsi!AF11 -> 2000 | H11: =SIsi!AJ11 -> 4 | I11: =SIsi!AI11 -> 2000 | J11: =SIsi!H11 -> 516 | K11: =SIsi!N11 -> 19 | L11: =SIsi!W11 -> 16 | M11: =SIsi!K11 -> 208 | N11: 0 | O11: 0 | P11: 0 | Q11: =SIsi!L11 -> 4 | R11: 0 | S11: 0 | T11: 0 | U11: 0 | V11: 0 | W11: 0 | X11: =SIsi!M11 -> -1 | Y11: =SIsi!Q11 -> 50 | Z11: =SIsi!R11 -> 50 | AA11: =SIsi!S11 -> 50 | AB11: =SIsi!T11 -> 50 | AC11: =SIsi!AK11 -> 1800 | AD11: =SIsi!AQ11 -> 300 | AE11: =SIsi!AR11 -> 6 | AF11: =SIsi!AR11 -> 6 | AG11: =SIsi!AT11 -> 20 | AH11: 0 | AI11: =IF(SIsi!AS11>700,SIsi!AS11,SIsi!AS11/100) -> 0.6 | AJ11: =SIsi!AU11 -> 1 | AK11: =SIsi!AV11 -> 7 | AL11: 0
A12: =SIsi!B12 -> 10 | B12: 0 | C12: =SIsi!C12 -> 11014 | D12: =SIsi!AE12 -> 310 | E12: =SIsi!AH12 -> 50 | F12: =SIsi!AG12 -> 20 | G12: =SIsi!AF12 -> 2000 | H12: =SIsi!AJ12 -> 4 | I12: =SIsi!AI12 -> 2000 | J12: =SIsi!H12 -> 591 | K12: =SIsi!N12 -> 23 | L12: =SIsi!W12 -> 16 | M12: =SIsi!K12 -> 225 | N12: 0 | O12: 0 | P12: 0 | Q12: =SIsi!L12 -> 5 | R12: 0 | S12: 0 | T12: 0 | U12: 0 | V12: 0 | W12: 0 | X12: =SIsi!M12 -> -1 | Y12: =SIsi!Q12 -> 50 | Z12: =SIsi!R12 -> 50 | AA12: =SIsi!S12 -> 50 | AB12: =SIsi!T12 -> 50 | AC12: =SIsi!AK12 -> 1800 | AD12: =SIsi!AQ12 -> 300 | AE12: =SIsi!AR12 -> 6 | AF12: =SIsi!AR12 -> 6 | AG12: =SIsi!AT12 -> 20 | AH12: 0 | AI12: =IF(SIsi!AS12>700,SIsi!AS12,SIsi!AS12/100) -> 0.6 | AJ12: =SIsi!AU12 -> 1 | AK12: =SIsi!AV12 -> 7 | AL12: 0
A13: =SIsi!B13 -> 11 | B13: 0 | C13: =SIsi!C13 -> 13223 | D13: =SIsi!AE13 -> 330 | E13: =SIsi!AH13 -> 50 | F13: =SIsi!AG13 -> 22 | G13: =SIsi!AF13 -> 2000 | H13: =SIsi!AJ13 -> 4 | I13: =SIsi!AI13 -> 2000 | J13: =SIsi!H13 -> 683 | K13: =SIsi!N13 -> 29 | L13: =SIsi!W13 -> 16 | M13: =SIsi!K13 -> 227 | N13: 0 | O13: 0 | P13: 0 | Q13: =SIsi!L13 -> 5 | R13: 0 | S13: 0 | T13: 0 | U13: 0 | V13: 0 | W13: 0 | X13: =SIsi!M13 -> -1 | Y13: =SIsi!Q13 -> 50 | Z13: =SIsi!R13 -> 50 | AA13: =SIsi!S13 -> 50 | AB13: =SIsi!T13 -> 50 | AC13: =SIsi!AK13 -> 1800 | AD13: =SIsi!AQ13 -> 300 | AE13: =SIsi!AR13 -> 6 | AF13: =SIsi!AR13 -> 6 | AG13: =SIsi!AT13 -> 20 | AH13: 0 | AI13: =IF(SIsi!AS13>700,SIsi!AS13,SIsi!AS13/100) -> 0.6 | AJ13: =SIsi!AU13 -> 1 | AK13: =SIsi!AV13 -> 7 | AL13: 0
A14: =SIsi!B14 -> 12 | B14: 0 | C14: =SIsi!C14 -> 15638 | D14: =SIsi!AE14 -> 400 | E14: =SIsi!AH14 -> 50 | F14: =SIsi!AG14 -> 22 | G14: =SIsi!AF14 -> 2000 | H14: =SIsi!AJ14 -> 4 | I14: =SIsi!AI14 -> 2000 | J14: =SIsi!H14 -> 771 | K14: =SIsi!N14 -> 36 | L14: =SIsi!W14 -> 16 | M14: =SIsi!K14 -> 229 | N14: 0 | O14: 0 | P14: 0 | Q14: =SIsi!L14 -> 6 | R14: 0 | S14: 0 | T14: 0 | U14: 0 | V14: 0 | W14: 0 | X14: =SIsi!M14 -> -1 | Y14: =SIsi!Q14 -> 50 | Z14: =SIsi!R14 -> 50 | AA14: =SIsi!S14 -> 50 | AB14: =SIsi!T14 -> 50 | AC14: =SIsi!AK14 -> 1800 | AD14: =SIsi!AQ14 -> 300 | AE14: =SIsi!AR14 -> 6 | AF14: =SIsi!AR14 -> 6 | AG14: =SIsi!AT14 -> 20 | AH14: 0 | AI14: =IF(SIsi!AS14>700,SIsi!AS14,SIsi!AS14/100) -> 0.6 | AJ14: =SIsi!AU14 -> 1 | AK14: =SIsi!AV14 -> 7 | AL14: 0
... A77: =SIsi!B77 -> 75 | B77: 0 | C77: =SIsi!C77 -> 7.0006654e+17 | D77: =SIsi!AE77 -> 60000 | E77: =SIsi!AH77 -> 50 | F77: =SIsi!AG77 -> 74 | G77: =SIsi!AF77 -> 2000 | H77: =SIsi!AJ77 -> 4 | I77: =SIsi!AI77 -> 2000 | J77: =SIsi!H77 -> 80000 | K77: =SIsi!N77 -> 5129 | L77: =SIsi!W77 -> 16 | M77: =SIsi!K77 -> 255 | N77: 0 | O77: 0 | P77: 0 | Q77: =SIsi!L77 -> 99 | R77: 0 | S77: 0 | T77: 0 | U77: 0 | V77: 0 | W77: 0 | X77: =SIsi!M77 -> -1 | Y77: =SIsi!Q77 -> 50 | Z77: =SIsi!R77 -> 50 | AA77: =SIsi!S77 -> 50 | AB77: =SIsi!T77 -> 50 | AC77: =SIsi!AK77 -> 1500 | AD77: =SIsi!AQ77 -> 300 | AE77: =SIsi!AR77 -> 6 | AF77: =SIsi!AR77 -> 6 | AG77: =SIsi!AT77 -> 20 | AH77: 0 | AI77: =IF(SIsi!AS77>700,SIsi!AS77,SIsi!AS77/100) -> 0.6 | AJ77: =SIsi!AU77 -> 1 | AK77: =SIsi!AV77 -> 7 | AL77: 0
