Workbook

Sheet Class
A1: string[64] | B1: dword | C1: dword | D1: dword | E1: dword | F1: dword | G1: string[64] | H1: string[64] | I1: string[64] | J1: string[64] | K1: string[64] | L1: string[64] | M1: string[64] | N1: string[64] | O1: string[64] | P1: string[64] | Q1: string[64] | R1: dword | S1: string[64] | T1: string[64] | U1: string[64] | V1: string[64] | W1: string[64] | X1: string[64] | Y1: string[64] | Z1: string[64] | AA1: string[64] | AB1: string[64] | AC1: dword | AD1: dword | AE1: dword | AF1: dword | AG1: dword | AH1: dword | AI1: dword | AJ1: dword | AK1: dword | AL1: dword | AM1: dword | AN1: dword | AO1: dword | AP1: dword | AQ1: dword | AR1: dword | AS1: dword | AT1: dword | AU1: dword | AV1: dword | AW1: dword | AX1: dword | AY1: dword | AZ1: dword | BA1: dword | BB1: dword | BC1: dword | BD1: dword | BE1: dword | BF1: dword | BG1: dword | BH1: dword | BI1: dword | BJ1: dword | BK1: dword | BL1: dword | BM1: dword | BN1: dword | BO1: dword | BP1: dword | BQ1: dword | BR1: dword | BS1: dword | BT1: dword | BU1: dword | BV1: dword | BW1: dword | BX1: dword | BY1: dword | BZ1: dword | CA1: dword | CB1: dword | CC1: string[64] | CD1: dword | CE1: string[64] | CF1: dword | CG1: string[64] | CH1: dword | CI1: string[64] | CJ1: dword | CK1: string[64] | CL1: dword | CM1: string[64] | CN1: dword | CO1: string[64] | CP1: dword | CQ1: string[64] | CR1: dword | CS1: string[64] | CT1: dword | CU1: END
A2: Code | B2: Race | C2: Class | D2: Icon | E2: Grade | F2: UpGradeLv | G2: Ch_Class1 | H2: Ch_Class2 | I2: Ch_Class3 | J2: Ch_Class4 | K2: Ch_Class5 | L2: Ch_Class6 | M2: Ch_Class7 | N2: Ch_Class8 | O2: Temp | P2: KorName | Q2: EngName | R2: ConLim | S2: LinkSkill1 | T2: LinkSkill2 | U2: LinkSkill3 | V2: LinkSkill4 | W2: LinkSkill5 | X2: LinkSkill6 | Y2: LinkSkill7 | Z2: LinkSkill8 | AA2: LinkSkill9 | AB2: LinkSkill10 | AC2: IsUnitUsable | AD2: IsAnimusUsable | AE2: IsLauncherUsable | AF2: IsWMKTUsable | AG2: IsDMKTUsable | AH2: IsBMKTUsable | AI2: TrapMaxNum | AJ2: BnsHP | AK2: BnsFP | AL2: BnsSP | AM2: UpValueDefMastery | AN2: MeleMastery | AO2: RangeMastery2 | AP2: SpecialMastery | AQ2: DefMastery | AR2: ShieldMastery | AS2: MakeMastery1 | AT2: MakeMastery2 | AU2: MakeMastery3 | AV2: MeleYchenik | AW2: MeleExpert | AX2: MeleElite | AY2: MeleMagistr | AZ2: RangeYchenik | BA2: RangeExpert | BB2: RangeElite | BC2: RangeMagistr | BD2: DarkYch | BE2: DarkExp | BF2: DarkEl | BG2: DarkMag | BH2: HolyYch | BI2: HolyExp | BJ2: HolyEl | BK2: HolyMag | BL2: Fire1 | BM2: Fire2 | BN2: Fire3 | BO2: Fire4 | BP2: Aqua1 | BQ2: Aqua2 | BR2: Aqua3 | BS2: Aqua4 | BT2: Soil1 | BU2: Soil2 | BV2: Soil3 | BW2: Soil4 | BX2: Wind1 | BY2: Wind2 | BZ2: Wind3 | CA2: Wind4 | CB2: IsSelectReward | CC2: Reward1 | CD2: Amount1 | CE2: Reward2 | CF2: Amount2 | CG2: Reward3 | CH2: Amount3 | CI2: Reward4 | CJ2: Amount4 | CK2: Reward5 | CL2: Amount5 | CM2: Reward6 | CN2: Amount6 | CO2: Reward7 | CP2: Amount7 | CQ2: Reward8 | CR2: Amount8 | CS2: Reward9 | CT2: Amount9
A3: BWB0 | B3: 0 | C3: 0 | D3: 1 | E3: 0 | F3: 30 | G3: BWF1 | H3: BWF2 | I3: BRF1 | J3: BRF2 | K3: BFF1 | L3: BFF2 | M3: BSF1 | N3: BSF2 | O3: ?§¶?????»? | P3: Warrior | Q3: WARRIOR | R3: 0 | S3: -1 | T3: -1 | U3: -1 | V3: -1 | W3: -1 | X3: -1 | Y3: -1 | Z3: -1 | AA3: -1 | AB3: -1 | AC3: 0 | AD3: 0 | AE3: 0 | AF3: 0 | AG3: 0 | AH3: 0 | AI3: 0 | AJ3: 20 | AK3: 0 | AL3: 0 | AM3: 1 | AN3: 0 | AO3: 0 | AP3: 0 | AQ3: 0 | AR3: 0 | AS3: 0 | AT3: 0 | AU3: 0 | AV3: 0 | AW3: 0 | AX3: 0 | AY3: 0 | AZ3: 0 | BA3: 0 | BB3: 0 | BC3: 0 | BD3: 0 | BE3: 0 | BF3: 0 | BG3: 0 | BH3: 0 | BI3: 0 | BJ3: 0 | BK3: 0 | BL3: 0 | BM3: 0 | BN3: 0 | BO3: 0 | BP3: 0 | BQ3: 0 | BR3: 0 | BS3: 0 | BT3: 0 | BU3: 0 | BV3: 0 | BW3: 0 | BX3: 0 | BY3: 0 | BZ3: 0 | CA3: 0 | CB3: 0 | CC3: iqbbb00 | CD3: 99 | CE3: iqbpc01 | CF3: 10 | CG3: iqcsa01 | CH3: 10 | CI3: ipbhp00 | CJ3: 99 | CK3: ipbfp00 | CL3: 99 | CM3: ipbsp00 | CN3: 99 | CO3: ibbow00 | CP3: 1000 | CQ3: ibfir00 | CR3: 1000 | CS3: -1 | CT3: -1
A4: BWF1 | B4: 0 | C4: 0 | D4: 2 | E4: 1 | F4: 40 | G4: BWS1 | H4: BWS2 | I4: -1 | J4: -1 | K4: -1 | L4: -1 | M4: -1 | N4: -1 | O4: ?§¶?????»? | P4: Myrmidon | Q4: COMMANDO | R4: 0 | S4: 7F018 | T4: -1 | U4: -1 | V4: -1 | W4: -1 | X4: -1 | Y4: -1 | Z4: -1 | AA4: -1 | AB4: -1 | AC4: 0 | AD4: 0 | AE4: 0 | AF4: 0 | AG4: 0 | AH4: 0 | AI4: 0 | AJ4: 40 | AK4: 5 | AL4: 5 | AM4: 0 | AN4: 91714 | AO4: 0 | AP4: 0 | AQ4: 51589 | AR4: 0 | AS4: 0 | AT4: 0 | AU4: 0 | AV4: 15000 | AW4: 0 | AX4: 0 | AY4: 0 | AZ4: 0 | BA4: 0 | BB4: 0 | BC4: 0 | BD4: 0 | BE4: 0 | BF4: 0 | BG4: 0 | BH4: 0 | BI4: 0 | BJ4: 0 | BK4: 0 | BL4: 0 | BM4: 0 | BN4: 0 | BO4: 0 | BP4: 0 | BQ4: 0 | BR4: 0 | BS4: 0 | BT4: 0 | BU4: 0 | BV4: 0 | BW4: 0 | BX4: 0 | BY4: 0 | BZ4: 0 | CA4: 0 | CB4: 1 | CC4: iwswb30 | CD4: 1 | CE4: iwaxb30 | CF4: 1 | CG4: iwspb30 | CH4: 1 | CI4: -1 | CJ4: -1 | CK4: -1 | CL4: -1 | CM4: -1 | CN4: -1 | CO4: -1 | CP4: -1 | CQ4: -1 | CR4: -1 | CS4: -1 | CT4: -1
A5: BWF2 | B5: 0 | C5: 0 | D5: 3 | E5: 1 | F5: 40 | G5: BWS2 | H5: BWS3 | I5: -1 | J5: -1 | K5: -1 | L5: -1 | M5: -1 | N5: -1 | O5: ?§¶?????»? | P5: Sentry | Q5: MILER | R5: 0 | S5: 7F01B | T5: 7F01C | U5: -1 | V5: -1 | W5: -1 | X5: -1 | Y5: -1 | Z5: -1 | AA5: -1 | AB5: -1 | AC5: 0 | AD5: 0 | AE5: 0 | AF5: 0 | AG5: 0 | AH5: 0 | AI5: 0 | AJ5: 60 | AK5: 0 | AL5: 0 | AM5: 0 | AN5: 61143 | AO5: 0 | AP5: 0 | AQ5: 34393 | AR5: 34393 | AS5: 0 | AT5: 0 | AU5: 0 | AV5: 15000 | AW5: 0 | AX5: 0 | AY5: 0 | AZ5: 0 | BA5: 0 | BB5: 0 | BC5: 0 | BD5: 0 | BE5: 0 | BF5: 0 | BG5: 0 | BH5: 0 | BI5: 0 | BJ5: 0 | BK5: 0 | BL5: 0 | BM5: 0 | BN5: 0 | BO5: 0 | BP5: 0 | BQ5: 0 | BR5: 0 | BS5: 0 | BT5: 0 | BU5: 0 | BV5: 0 | BW5: 0 | BX5: 0 | BY5: 0 | BZ5: 0 | CA5: 0 | CB5: 0 | CC5: idbcb29 | CD5: 1 | CE5: -1 | CF5: -1 | CG5: -1 | CH5: -1 | CI5: -1 | CJ5: -1 | CK5: -1 | CL5: -1 | CM5: -1 | CN5: -1 | CO5: -1 | CP5: -1 | CQ5: -1 | CR5: -1 | CS5: -1 | CT5: -1
A6: BWS1 | B6: 0 | C6: 0 | D6: 4 | E6: 2 | F6: 100 | G6: -1 | H6: -1 | I6: -1 | J6: -1 | K6: -1 | L6: -1 | M6: -1 | N6: -1 | O6: ?§¶?????»? | P6: Berserker | Q6: BERSERKER | R6: 0 | S6: 7001E | T6: 7F01F | U6: 7F020 | V6: 7F002 | W6: 70008 | X6: -1 | Y6: -1 | Z6: -1 | AA6: -1 | AB6: -1 | AC6: 0 | AD6: 0 | AE6: 0 | AF6: 0 | AG6: 0 | AH6: 0 | AI6: 0 | AJ6: 40 | AK6: 5 | AL6: 5 | AM6: 0 | AN6: 826286 | AO6: 0 | AP6: 0 | AQ6: 300467 | AR6: 0 | AS6: 0 | AT6: 0 | AU6: 0 | AV6: 78262 | AW6: 117393 | AX6: 0 | AY6: 0 | AZ6: 0 | BA6: 0 | BB6: 0 | BC6: 0 | BD6: 0 | BE6: 0 | BF6: 0 | BG6: 0 | BH6: 0 | BI6: 0 | BJ6: 0 | BK6: 0 | BL6: 0 | BM6: 0 | BN6: 0 | BO6: 0 | BP6: 0 | BQ6: 0 | BR6: 0 | BS6: 0 | BT6: 0 | BU6: 0 | BV6: 0 | BW6: 0 | BX6: 0 | BY6: 0 | BZ6: 0 | CA6: 0 | CB6: 0 | CC6: ipbae01 | CD6: 99 | CE6: -1 | CF6: -1 | CG6: -1 | CH6: -1 | CI6: -1 | CJ6: -1 | CK6: -1 | CL6: -1 | CM6: -1 | CN6: -1 | CO6: -1 | CP6: -1 | CQ6: -1 | CR6: -1 | CS6: -1 | CT6: -1
A7: BWS2 | B7: 0 | C7: 0 | D7: 5 | E7: 2 | F7: 100 | G7: -1 | H7: -1 | I7: -1 | J7: -1 | K7: -1 | L7: -1 | M7: -1 | N7: -1 | O7: ?§¶?????»? | P7: Warden | Q7: ARMSMAN | R7: 0 | S7: 70021 | T7: 7F022 | U7: 7F023 | V7: 7F002 | W7: 70008 | X7: -1 | Y7: -1 | Z7: -1 | AA7: -1 | AB7: -1 | AC7: 0 | AD7: 0 | AE7: 0 | AF7: 0 | AG7: 0 | AH7: 0 | AI7: 0 | AJ7: 60 | AK7: 10 | AL7: 5 | AM7: 0 | AN7: 550857 | AO7: 0 | AP7: 0 | AQ7: 450701 | AR7: 0 | AS7: 0 | AT7: 0 | AU7: 0 | AV7: 78262 | AW7: 117393 | AX7: 0 | AY7: 0 | AZ7: 0 | BA7: 0 | BB7: 0 | BC7: 0 | BD7: 0 | BE7: 0 | BF7: 0 | BG7: 0 | BH7: 0 | BI7: 0 | BJ7: 0 | BK7: 0 | BL7: 0 | BM7: 0 | BN7: 0 | BO7: 0 | BP7: 0 | BQ7: 0 | BR7: 0 | BS7: 0 | BT7: 0 | BU7: 0 | BV7: 0 | BW7: 0 | BX7: 0 | BY7: 0 | BZ7: 0 | CA7: 0 | CB7: 1 | CC7: ipbae01 | CD7: 99 | CE7: ipbde01 | CF7: 99 | CG7: -1 | CH7: -1 | CI7: -1 | CJ7: -1 | CK7: -1 | CL7: -1 | CM7: -1 | CN7: -1 | CO7: -1 | CP7: -1 | CQ7: -1 | CR7: -1 | CS7: -1 | CT7: -1
A8: BWS3 | B8: 0 | C8: 0 | D8: 6 | E8: 2 | F8: 100 | G8: -1 | H8: -1 | I8: -1 | J8: -1 | K8: -1 | L8: -1 | M8: -1 | N8: -1 | O8: ?§¶?????»? | P8: Sentinel | Q8: SHIELDMILER | R8: 0 | S8: 7F024 | T8: 7F025 | U8: 7F026 | V8: 7F002 | W8: 70008 | X8: -1 | Y8: -1 | Z8: -1 | AA8: -1 | AB8: -1 | AC8: 0 | AD8: 0 | AE8: 0 | AF8: 0 | AG8: 0 | AH8: 0 | AI8: 0 | AJ8: 80 | AK8: 0 | AL8: 0 | AM8: 0 | AN8: 413143 | AO8: 0 | AP8: 0 | AQ8: 300467 | AR8: 300467 | AS8: 0 | AT8: 0 | AU8: 0 | AV8: 78262 | AW8: 117393 | AX8: 0 | AY8: 0 | AZ8: 0 | BA8: 0 | BB8: 0 | BC8: 0 | BD8: 0 | BE8: 0 | BF8: 0 | BG8: 0 | BH8: 0 | BI8: 0 | BJ8: 0 | BK8: 0 | BL8: 0 | BM8: 0 | BN8: 0 | BO8: 0 | BP8: 0 | BQ8: 0 | BR8: 0 | BS8: 0 | BT8: 0 | BU8: 0 | BV8: 0 | BW8: 0 | BX8: 0 | BY8: 0 | BZ8: 0 | CA8: 0 | CB8: 0 | CC8: ipbde01 | CD8: 99 | CE8: -1 | CF8: -1 | CG8: -1 | CH8: -1 | CI8: -1 | CJ8: -1 | CK8: -1 | CL8: -1 | CM8: -1 | CN8: -1 | CO8: -1 | CP8: -1 | CQ8: -1 | CR8: -1 | CS8: -1 | CT8: -1
A9: BWS4 | B9: 0 | C9: 0 | D9: 7 | E9: 2 | F9: 100 | G9: -1 | H9: -1 | I9: -1 | J9: -1 | K9: -1 | L9: -1 | M9: -1 | N9: -1 | O9: ?§¶?????»? | P9: -1 | Q9: -1 | R9: 0 | S9: -1 | T9: -1 | U9: -1 | V9: -1 | W9: -1 | X9: -1 | Y9: -1 | Z9: -1 | AA9: -1 | AB9: -1 | AC9: 0 | AD9: 0 | AE9: 0 | AF9: 0 | AG9: 0 | AH9: 0 | AI9: 0 | AJ9: 0 | AK9: 0 | AL9: 0 | AM9: 0 | AN9: 0 | AO9: 0 | AP9: 0 | AQ9: 0 | AR9: 0 | AS9: 0 | AT9: 0 | AU9: 0 | AV9: 0 | AW9: 0 | AX9: 0 | AY9: 0 | AZ9: 0 | BA9: 0 | BB9: 0 | BC9: 0 | BD9: 0 | BE9: 0 | BF9: 0 | BG9: 0 | BH9: 0 | BI9: 0 | BJ9: 0 | BK9: 0 | BL9: 0 | BM9: 0 | BN9: 0 | BO9: 0 | BP9: 0 | BQ9: 0 | BR9: 0 | BS9: 0 | BT9: 0 | BU9: 0 | BV9: 0 | BW9: 0 | BX9: 0 | BY9: 0 | BZ9: 0 | CA9: 0 | CB9: 0 | CC9: -1 | CD9: -1 | CE9: -1 | CF9: -1 | CG9: -1 | CH9: -1 | CI9: -1 | CJ9: -1 | CK9: -1 | CL9: -1 | CM9: -1 | CN9: -1 | CO9: -1 | CP9: -1 | CQ9: -1 | CR9: -1 | CS9: -1 | CT9: -1
A10: BWT1 | B10: 0 | C10: 0 | D10: 8 | E10: 3 | F10: 100 | G10: -1 | H10: -1 | I10: -1 | J10: -1 | K10: -1 | L10: -1 | M10: -1 | N10: -1 | O10: ?§¶?????»? | P10: -1 | Q10: -1 | R10: 0 | S10: -1 | T10: -1 | U10: -1 | V10: -1 | W10: -1 | X10: -1 | Y10: -1 | Z10: -1 | AA10: -1 | AB10: -1 | AC10: 0 | AD10: 0 | AE10: 0 | AF10: 0 | AG10: 0 | AH10: 0 | AI10: 0 | AJ10: 0 | AK10: 0 | AL10: 0 | AM10: 0 | AN10: 0 | AO10: 0 | AP10: 0 | AQ10: 0 | AR10: 0 | AS10: 0 | AT10: 0 | AU10: 0 | AV10: 0 | AW10: 0 | AX10: 0 | AY10: 0 | AZ10: 0 | BA10: 0 | BB10: 0 | BC10: 0 | BD10: 0 | BE10: 0 | BF10: 0 | BG10: 0 | BH10: 0 | BI10: 0 | BJ10: 0 | BK10: 0 | BL10: 0 | BM10: 0 | BN10: 0 | BO10: 0 | BP10: 0 | BQ10: 0 | BR10: 0 | BS10: 0 | BT10: 0 | BU10: 0 | BV10: 0 | BW10: 0 | BX10: 0 | BY10: 0 | BZ10: 0 | CA10: 0 | CB10: 0 | CC10: -1 | CD10: -1 | CE10: -1 | CF10: -1 | CG10: -1 | CH10: -1 | CI10: -1 | CJ10: -1 | CK10: -1 | CL10: -1 | CM10: -1 | CN10: -1 | CO10: -1 | CP10: -1 | CQ10: -1 | CR10: -1 | CS10: -1 | CT10: -1
A11: BWT2 | B11: 0 | C11: 0 | D11: 9 | E11: 3 | F11: 100 | G11: -1 | H11: -1 | I11: -1 | J11: -1 | K11: -1 | L11: -1 | M11: -1 | N11: -1 | O11: ?§¶?????»? | P11: -1 | Q11: -1 | R11: 0 | S11: -1 | T11: -1 | U11: -1 | V11: -1 | W11: -1 | X11: -1 | Y11: -1 | Z11: -1 | AA11: -1 | AB11: -1 | AC11: 0 | AD11: 0 | AE11: 0 | AF11: 0 | AG11: 0 | AH11: 0 | AI11: 0 | AJ11: 0 | AK11: 0 | AL11: 0 | AM11: 0 | AN11: 0 | AO11: 0 | AP11: 0 | AQ11: 0 | AR11: 0 | AS11: 0 | AT11: 0 | AU11: 0 | AV11: 0 | AW11: 0 | AX11: 0 | AY11: 0 | AZ11: 0 | BA11: 0 | BB11: 0 | BC11: 0 | BD11: 0 | BE11: 0 | BF11: 0 | BG11: 0 | BH11: 0 | BI11: 0 | BJ11: 0 | BK11: 0 | BL11: 0 | BM11: 0 | BN11: 0 | BO11: 0 | BP11: 0 | BQ11: 0 | BR11: 0 | BS11: 0 | BT11: 0 | BU11: 0 | BV11: 0 | BW11: 0 | BX11: 0 | BY11: 0 | BZ11: 0 | CA11: 0 | CB11: 0 | CC11: -1 | CD11: -1 | CE11: -1 | CF11: -1 | CG11: -1 | CH11: -1 | CI11: -1 | CJ11: -1 | CK11: -1 | CL11: -1 | CM11: -1 | CN11: -1 | CO11: -1 | CP11: -1 | CQ11: -1 | CR11: -1 | CS11: -1 | CT11: -1
A12: BWT3 | B12: 0 | C12: 0 | D12: 10 | E12: 3 | F12: 100 | G12: -1 | H12: -1 | I12: -1 | J12: -1 | K12: -1 | L12: -1 | M12: -1 | N12: -1 | O12: ?§¶?????»? | P12: -1 | Q12: -1 | R12: 0 | S12: -1 | T12: -1 | U12: -1 | V12: -1 | W12: -1 | X12: -1 | Y12: -1 | Z12: -1 | AA12: -1 | AB12: -1 | AC12: 0 | AD12: 0 | AE12: 0 | AF12: 0 | AG12: 0 | AH12: 0 | AI12: 0 | AJ12: 0 | AK12: 0 | AL12: 0 | AM12: 0 | AN12: 0 | AO12: 0 | AP12: 0 | AQ12: 0 | AR12: 0 | AS12: 0 | AT12: 0 | AU12: 0 | AV12: 0 | AW12: 0 | AX12: 0 | AY12: 0 | AZ12: 0 | BA12: 0 | BB12: 0 | BC12: 0 | BD12: 0 | BE12: 0 | BF12: 0 | BG12: 0 | BH12: 0 | BI12: 0 | BJ12: 0 | BK12: 0 | BL12: 0 | BM12: 0 | BN12: 0 | BO12: 0 | BP12: 0 | BQ12: 0 | BR12: 0 | BS12: 0 | BT12: 0 | BU12: 0 | BV12: 0 | BW12: 0 | BX12: 0 | BY12: 0 | BZ12: 0 | CA12: 0 | CB12: 0 | CC12: -1 | CD12: -1 | CE12: -1 | CF12: -1 | CG12: -1 | CH12: -1 | CI12: -1 | CJ12: -1 | CK12: -1 | CL12: -1 | CM12: -1 | CN12: -1 | CO12: -1 | CP12: -1 | CQ12: -1 | CR12: -1 | CS12: -1 | CT12: -1
A13: BWT4 | B13: 0 | C13: 0 | D13: 11 | E13: 3 | F13: 100 | G13: -1 | H13: -1 | I13: -1 | J13: -1 | K13: -1 | L13: -1 | M13: -1 | N13: -1 | O13: ?§¶?????»? | P13: -1 | Q13: -1 | R13: 0 | S13: -1 | T13: -1 | U13: -1 | V13: -1 | W13: -1 | X13: -1 | Y13: -1 | Z13: -1 | AA13: -1 | AB13: -1 | AC13: 0 | AD13: 0 | AE13: 0 | AF13: 0 | AG13: 0 | AH13: 0 | AI13: 0 | AJ13: 0 | AK13: 0 | AL13: 0 | AM13: 0 | AN13: 0 | AO13: 0 | AP13: 0 | AQ13: 0 | AR13: 0 | AS13: 0 | AT13: 0 | AU13: 0 | AV13: 0 | AW13: 0 | AX13: 0 | AY13: 0 | AZ13: 0 | BA13: 0 | BB13: 0 | BC13: 0 | BD13: 0 | BE13: 0 | BF13: 0 | BG13: 0 | BH13: 0 | BI13: 0 | BJ13: 0 | BK13: 0 | BL13: 0 | BM13: 0 | BN13: 0 | BO13: 0 | BP13: 0 | BQ13: 0 | BR13: 0 | BS13: 0 | BT13: 0 | BU13: 0 | BV13: 0 | BW13: 0 | BX13: 0 | BY13: 0 | BZ13: 0 | CA13: 0 | CB13: 0 | CC13: -1 | CD13: -1 | CE13: -1 | CF13: -1 | CG13: -1 | CH13: -1 | CI13: -1 | CJ13: -1 | CK13: -1 | CL13: -1 | CM13: -1 | CN13: -1 | CO13: -1 | CP13: -1 | CQ13: -1 | CR13: -1 | CS13: -1 | CT13: -1
A14: BWT5 | B14: 0 | C14: 0 | D14: 12 | E14: 3 | F14: 100 | G14: -1 | H14: -1 | I14: -1 | J14: -1 | K14: -1 | L14: -1 | M14: -1 | N14: -1 | O14: ?§¶?????»? | P14: -1 | Q14: -1 | R14: 0 | S14: -1 | T14: -1 | U14: -1 | V14: -1 | W14: -1 | X14: -1 | Y14: -1 | Z14: -1 | AA14: -1 | AB14: -1 | AC14: 0 | AD14: 0 | AE14: 0 | AF14: 0 | AG14: 0 | AH14: 0 | AI14: 0 | AJ14: 0 | AK14: 0 | AL14: 0 | AM14: 0 | AN14: 0 | AO14: 0 | AP14: 0 | AQ14: 0 | AR14: 0 | AS14: 0 | AT14: 0 | AU14: 0 | AV14: 0 | AW14: 0 | AX14: 0 | AY14: 0 | AZ14: 0 | BA14: 0 | BB14: 0 | BC14: 0 | BD14: 0 | BE14: 0 | BF14: 0 | BG14: 0 | BH14: 0 | BI14: 0 | BJ14: 0 | BK14: 0 | BL14: 0 | BM14: 0 | BN14: 0 | BO14: 0 | BP14: 0 | BQ14: 0 | BR14: 0 | BS14: 0 | BT14: 0 | BU14: 0 | BV14: 0 | BW14: 0 | BX14: 0 | BY14: 0 | BZ14: 0 | CA14: 0 | CB14: 0 | CC14: -1 | CD14: -1 | CE14: -1 | CF14: -1 | CG14: -1 | CH14: -1 | CI14: -1 | CJ14: -1 | CK14: -1 | CL14: -1 | CM14: -1 | CN14: -1 | CO14: -1 | CP14: -1 | CQ14: -1 | CR14: -1 | CS14: -1 | CT14: -1
... A167: AST8 | B167: 2 | C167: 3 | D167: 165 | E167: 3 | F167: 100 | G167: -1 | H167: -1 | I167: -1 | J167: -1 | K167: -1 | L167: -1 | M167: -1 | N167: -1 | O167: ???©·?????????°? | P167: -1 | Q167: -1 | R167: 0 | S167: -1 | T167: -1 | U167: -1 | V167: -1 | W167: -1 | X167: -1 | Y167: -1 | Z167: -1 | AA167: -1 | AB167: -1 | AC167: 0 | AD167: 0 | AE167: 1 | AF167: 1 | AG167: 1 | AH167: 1 | AI167: 0 | AJ167: 0 | AK167: 0 | AL167: 0 | AM167: 0 | AN167: 0 | AO167: 0 | AP167: 0 | AQ167: 0 | AR167: 0 | AS167: 0 | AT167: 0 | AU167: 0 | AV167: 0 | AW167: 0 | AX167: 0 | AY167: 0 | AZ167: 0 | BA167: 0 | BB167: 0 | BC167: 0 | BD167: 0 | BE167: 0 | BF167: 0 | BG167: 0 | BH167: 0 | BI167: 0 | BJ167: 0 | BK167: 0 | BL167: 0 | BM167: 0 | BN167: 0 | BO167: 0 | BP167: 0 | BQ167: 0 | BR167: 0 | BS167: 0 | BT167: 0 | BU167: 0 | BV167: 0 | BW167: 0 | BX167: 0 | BY167: 0 | BZ167: 0 | CA167: 0 | CB167: 0 | CC167: -1 | CD167: -1 | CE167: -1 | CF167: -1 | CG167: -1 | CH167: -1 | CI167: -1 | CJ167: -1 | CK167: -1 | CL167: -1 | CM167: -1 | CN167: -1 | CO167: -1 | CP167: -1 | CQ167: -1 | CR167: -1 | CS167: -1 | CT167: -1

Sheet classcli
A1: byte | B1: byte | C1: word | D1: dword | E1: ccode | F1: string[32] | G1: ccode | H1: ccode | I1: ccode | J1: ccode | K1: ccode | L1: ccode | M1: ccode | N1: ccode | O1: dword | P1: string[32] | Q1: string[32] | R1: string[32] | S1: dword | T1: xeh | U1: xeh | V1: xeh | W1: xeh | X1: xeh | Y1: xeh | Z1: xeh | AA1: xeh | AB1: xeh | AC1: xeh | AD1: dword | AE1: dword | AF1: dword | AG1: dword | AH1: dword | AI1: dword | AJ1: dword | AK1: dword | AL1: dword | AM1: dword | AN1: dword | AO1: dword | AP1: dword | AQ1: dword | AR1: dword | AS1: dword | AT1: dword | AU1: dword | AV1: dword | AW1: dword | AX1: dword | AY1: dword | AZ1: dword | BA1: dword | BB1: dword | BC1: dword | BD1: dword | BE1: dword | BF1: dword | BG1: dword | BH1: dword | BI1: dword | BJ1: dword | BK1: dword | BL1: dword | BM1: dword | BN1: dword | BO1: dword | BP1: dword | BQ1: dword | BR1: dword | BS1: dword | BT1: dword | BU1: dword | BV1: dword | BW1: dword | BX1: dword | BY1: dword | BZ1: dword | CA1: dword | CB1: custom | CC1: custom | CD1: custom | CE1: custom | CF1: custom | CG1: custom | CH1: custom | CI1: custom | CJ1: custom | CK1: custom | CL1: custom | CM1: custom | CN1: custom | CO1: custom | CP1: custom | CQ1: custom | CR1: custom | CS1: custom | CT1: byte | CU1: word | CV1: dword | CW1: string[1024] | CX1: END
A2: =Class!C2 -> Class | B2: =Class!E2 -> Grade | C2: none | D2: Count | E2: =Class!A2 -> Code | F2: =Class!A2 -> Code | G2: =Class!G2 -> Ch_Class1 | H2: =Class!H2 -> Ch_Class2 | I2: =Class!I2 -> Ch_Class3 | J2: =Class!J2 -> Ch_Class4 | K2: =Class!K2 -> Ch_Class5 | L2: =Class!L2 -> Ch_Class6 | M2: =Class!M2 -> Ch_Class7 | N2: =Class!N2 -> Ch_Class8 | O2: =Class!D2 -> Icon | P2: =Class!O2 -> Temp | Q2: =Class!P2 -> KorName | R2: =Class!Q2 -> EngName | S2: =Class!B2 -> Race | T2: =Class!S2 -> LinkSkill1 | U2: =Class!T2 -> LinkSkill2 | V2: =Class!U2 -> LinkSkill3 | W2: =Class!V2 -> LinkSkill4 | X2: =Class!W2 -> LinkSkill5 | Y2: =Class!X2 -> LinkSkill6 | Z2: =Class!Y2 -> LinkSkill7 | AA2: =Class!Z2 -> LinkSkill8 | ... AC2: =Class!AB2 -> LinkSkill10 | AD2: =Class!AI2 -> TrapMaxNum | AE2: =Class!AJ2 -> BnsHP | AF2: =Class!AK2 -> BnsFP | AG2: =Class!AL2 -> BnsSP | AH2: =Class!AN2 -> MeleMastery | AI2: =Class!AO2 -> RangeMastery2 | AJ2: =Class!AP2 -> SpecialMastery | AK2: none | AL2: =Class!AR2 -> ShieldMastery | AM2: =Class!AQ2 -> DefMastery | AN2: =Class!AS2 -> MakeMastery1 | AO2: =Class!AT2 -> MakeMastery2 | AP2: =Class!AU2 -> MakeMastery3 | AQ2: =Class!BD2 -> DarkYch | AR2: =Class!BE2 -> DarkExp | AS2: =Class!BF2 -> DarkEl | AT2: =Class!BG2 -> DarkMag | AU2: =Class!BH2 -> HolyYch | AV2: =Class!BI2 -> HolyExp | AW2: =Class!BJ2 -> HolyEl | AX2: =Class!BK2 -> HolyMag | ... BN2: =Class!CA2 -> Wind4 | BO2: none | BP2: none | BQ2: none | BR2: none | BS2: none | BT2: none | BU2: none | BV2: none | BW2: none | BX2: none | BY2: none | BZ2: none | CA2: =Class!CB2 -> IsSelectReward | CB2: =Class!CC2 -> Reward1 | CC2: =Class!CD2 -> Amount1 | CD2: =Class!CE2 -> Reward2 | CE2: =Class!CF2 -> Amount2 | CF2: =Class!CG2 -> Reward3 | CG2: =Class!CH2 -> Amount3 | CH2: =Class!CI2 -> Reward4 | ... CS2: =Class!CT2 -> Amount9 | CT2: none | CU2: none | CV2: ProfFeatures | CW2: desc
A3: =Class!C3 -> 0 | B3: =Class!E3 -> 0 | C3: 0 | D3: 0 | E3: =Class!A3 -> BWB0 | F3: =Class!A3 -> BWB0 | G3: =Class!G3 -> BWF1 | H3: =Class!H3 -> BWF2 | I3: =Class!I3 -> BRF1 | J3: =Class!J3 -> BRF2 | K3: =Class!K3 -> BFF1 | L3: =Class!L3 -> BFF2 | M3: =Class!M3 -> BSF1 | N3: =Class!N3 -> BSF2 | O3: =Class!D3 -> 1 | P3: =Class!O3 -> ?§¶?????»? | Q3: =Class!P3 -> Warrior | R3: =Class!Q3 -> WARRIOR | S3: =Class!B3 -> 0 | T3: =Class!S3 -> -1 | U3: =Class!T3 -> -1 | V3: =Class!U3 -> -1 | W3: =Class!V3 -> -1 | X3: =Class!W3 -> -1 | Y3: =Class!X3 -> -1 | Z3: =Class!Y3 -> -1 | AA3: =Class!Z3 -> -1 | ... AC3: =Class!AB3 -> -1 | AD3: =Class!AI3 -> 0 | AE3: =Class!AJ3 -> 20 | AF3: =Class!AK3 -> 0 | AG3: =Class!AL3 -> 0 | AH3: =Class!AN3 -> 0 | AI3: =Class!AO3 -> 0 | AJ3: =Class!AP3 -> 0 | AK3: 0 | AL3: =Class!AR3 -> 0 | AM3: =Class!AQ3 -> 0 | AN3: =Class!AS3 -> 0 | AO3: =Class!AT3 -> 0 | AP3: =Class!AU3 -> 0 | AQ3: =Class!BD3 -> 0 | AR3: =Class!BE3 -> 0 | AS3: =Class!BF3 -> 0 | AT3: =Class!BG3 -> 0 | AU3: =Class!BH3 -> 0 | AV3: =Class!BI3 -> 0 | AW3: =Class!BJ3 -> 0 | AX3: =Class!BK3 -> 0 | ... BN3: =Class!CA3 -> 0 | BO3: 0 | BP3: 0 | BQ3: 0 | BR3: 0 | BS3: 0 | BT3: 0 | BU3: 0 | BV3: 0 | BW3: 0 | BX3: 0 | BY3: 0 | BZ3: 0 | CA3: =Class!CB3 -> 0 | CB3: =Class!CC3 -> iqbbb00 | CC3: =Class!CD3 -> 99 | CD3: =Class!CE3 -> iqbpc01 | CE3: =Class!CF3 -> 10 | CF3: =Class!CG3 -> iqcsa01 | CG3: =Class!CH3 -> 10 | CH3: =Class!CI3 -> ipbhp00 | ... CS3: =Class!CT3 -> -1 | CT3: 0 | CU3: 0 | CV3: =IF(Class!AC3=0,0,1)+IF(Class!AD3=0,0,POWER(2,1))+IF(Class!AE3=0,0,POWER(2,2))+IF(Class!AF3=0,0,POWER(2,3))+IF(Class!AG3=0,0,POWER(2,4))+IF(Class!AH3=0,0,POWER(2,5)) -> 0 | CW3: Physically stronger than everyone else, Warriors are great in melee combat. They can use either two-handed weapons or a one-handed weapon with a shield. After the first promotion, Warriors go on to specialize as Myrmidons, using two-hand weapons and skills like Howl and Warcry to deal big-time damage; or Sentries, using one-hand weapons, shields, and skills like Defend and Taunt to up their defensive ability.
A4: =Class!C4 -> 0 | B4: =Class!E4 -> 1 | C4: 0 | D4: 1 | E4: =Class!A4 -> BWF1 | F4: =Class!A4 -> BWF1 | G4: =Class!G4 -> BWS1 | H4: =Class!H4 -> BWS2 | I4: =Class!I4 -> -1 | J4: =Class!J4 -> -1 | K4: =Class!K4 -> -1 | L4: =Class!L4 -> -1 | M4: =Class!M4 -> -1 | N4: =Class!N4 -> -1 | O4: =Class!D4 -> 2 | P4: =Class!O4 -> ?§¶?????»? | Q4: =Class!P4 -> Myrmidon | R4: =Class!Q4 -> COMMANDO | S4: =Class!B4 -> 0 | T4: =Class!S4 -> 7F018 | U4: =Class!T4 -> -1 | V4: =Class!U4 -> -1 | W4: =Class!V4 -> -1 | X4: =Class!W4 -> -1 | Y4: =Class!X4 -> -1 | Z4: =Class!Y4 -> -1 | AA4: =Class!Z4 -> -1 | ... AC4: =Class!AB4 -> -1 | AD4: =Class!AI4 -> 0 | AE4: =Class!AJ4 -> 40 | AF4: =Class!AK4 -> 5 | AG4: =Class!AL4 -> 5 | AH4: =Class!AN4 -> 91714 | AI4: =Class!AO4 -> 0 | AJ4: =Class!AP4 -> 0 | AK4: 0 | AL4: =Class!AR4 -> 0 | AM4: =Class!AQ4 -> 51589 | AN4: =Class!AS4 -> 0 | AO4: =Class!AT4 -> 0 | AP4: =Class!AU4 -> 0 | AQ4: =Class!BD4 -> 0 | AR4: =Class!BE4 -> 0 | AS4: =Class!BF4 -> 0 | AT4: =Class!BG4 -> 0 | AU4: =Class!BH4 -> 0 | AV4: =Class!BI4 -> 0 | AW4: =Class!BJ4 -> 0 | AX4: =Class!BK4 -> 0 | ... BN4: =Class!CA4 -> 0 | BO4: 0 | BP4: 0 | BQ4: 0 | BR4: 0 | BS4: 0 | BT4: 0 | BU4: 0 | BV4: 0 | BW4: 0 | BX4: 0 | BY4: 0 | BZ4: 0 | CA4: =Class!CB4 -> 1 | CB4: =Class!CC4 -> iwswb30 | CC4: =Class!CD4 -> 1 | CD4: =Class!CE4 -> iwaxb30 | CE4: =Class!CF4 -> 1 | CF4: =Class!CG4 -> iwspb30 | CG4: =Class!CH4 -> 1 | CH4: =Class!CI4 -> -1 | ... CS4: =Class!CT4 -> -1 | CT4: 0 | CU4: 0 | CV4: =IF(Class!AC4=0,0,1)+IF(Class!AD4=0,0,POWER(2,1))+IF(Class!AE4=0,0,POWER(2,2))+IF(Class!AF4=0,0,POWER(2,3))+IF(Class!AG4=0,0,POWER(2,4))+IF(Class!AH4=0,0,POWER(2,5)) -> 0 | CW4: A Myrmidon is a warrior who specializes in assault, using two-handed weapons and offensive skills to deal big-time damage in melee combat. Myrmidons form the main attacking force for the Bellato Federation.
A5: =Class!C5 -> 0 | B5: =Class!E5 -> 1 | C5: 0 | D5: 2 | E5: =Class!A5 -> BWF2 | F5: =Class!A5 -> BWF2 | G5: =Class!G5 -> BWS2 | H5: =Class!H5 -> BWS3 | I5: =Class!I5 -> -1 | J5: =Class!J5 -> -1 | K5: =Class!K5 -> -1 | L5: =Class!L5 -> -1 | M5: =Class!M5 -> -1 | N5: =Class!N5 -> -1 | O5: =Class!D5 -> 3 | P5: =Class!O5 -> ?§¶?????»? | Q5: =Class!P5 -> Sentry | R5: =Class!Q5 -> MILER | S5: =Class!B5 -> 0 | T5: =Class!S5 -> 7F01B | U5: =Class!T5 -> 7F01C | V5: =Class!U5 -> -1 | W5: =Class!V5 -> -1 | X5: =Class!W5 -> -1 | Y5: =Class!X5 -> -1 | Z5: =Class!Y5 -> -1 | AA5: =Class!Z5 -> -1 | ... AC5: =Class!AB5 -> -1 | AD5: =Class!AI5 -> 0 | AE5: =Class!AJ5 -> 60 | AF5: =Class!AK5 -> 0 | AG5: =Class!AL5 -> 0 | AH5: =Class!AN5 -> 61143 | AI5: =Class!AO5 -> 0 | AJ5: =Class!AP5 -> 0 | AK5: 0 | AL5: =Class!AR5 -> 34393 | AM5: =Class!AQ5 -> 34393 | AN5: =Class!AS5 -> 0 | AO5: =Class!AT5 -> 0 | AP5: =Class!AU5 -> 0 | AQ5: =Class!BD5 -> 0 | AR5: =Class!BE5 -> 0 | AS5: =Class!BF5 -> 0 | AT5: =Class!BG5 -> 0 | AU5: =Class!BH5 -> 0 | AV5: =Class!BI5 -> 0 | AW5: =Class!BJ5 -> 0 | AX5: =Class!BK5 -> 0 | ... BN5: =Class!CA5 -> 0 | BO5: 0 | BP5: 0 | BQ5: 0 | BR5: 0 | BS5: 0 | BT5: 0 | BU5: 0 | BV5: 0 | BW5: 0 | BX5: 0 | BY5: 0 | BZ5: 0 | CA5: =Class!CB5 -> 0 | CB5: =Class!CC5 -> idbcb29 | CC5: =Class!CD5 -> 1 | CD5: =Class!CE5 -> -1 | CE5: =Class!CF5 -> -1 | CF5: =Class!CG5 -> -1 | CG5: =Class!CH5 -> -1 | CH5: =Class!CI5 -> -1 | ... CS5: =Class!CT5 -> -1 | CT5: 0 | CU5: 0 | CV5: =IF(Class!AC5=0,0,1)+IF(Class!AD5=0,0,POWER(2,1))+IF(Class!AE5=0,0,POWER(2,2))+IF(Class!AF5=0,0,POWER(2,3))+IF(Class!AG5=0,0,POWER(2,4))+IF(Class!AH5=0,0,POWER(2,5)) -> 0 | CW5: Using weapon and shield instead of two-hand weapons, the Sentry balances attack and defense ability. With skills specializing in strategic shield techniques, Sentries play an important defensive role in the Bellato Federation.
A6: =Class!C6 -> 0 | B6: =Class!E6 -> 2 | C6: 0 | D6: 3 | E6: =Class!A6 -> BWS1 | F6: =Class!A6 -> BWS1 | G6: =Class!G6 -> -1 | H6: =Class!H6 -> -1 | I6: =Class!I6 -> -1 | J6: =Class!J6 -> -1 | K6: =Class!K6 -> -1 | L6: =Class!L6 -> -1 | M6: =Class!M6 -> -1 | N6: =Class!N6 -> -1 | O6: =Class!D6 -> 4 | P6: =Class!O6 -> ?§¶?????»? | Q6: =Class!P6 -> Berserker | R6: =Class!Q6 -> BERSERKER | S6: =Class!B6 -> 0 | T6: =Class!S6 -> 7001E | U6: =Class!T6 -> 7F01F | V6: =Class!U6 -> 7F020 | W6: =Class!V6 -> 7F002 | X6: =Class!W6 -> 70008 | Y6: =Class!X6 -> -1 | Z6: =Class!Y6 -> -1 | AA6: =Class!Z6 -> -1 | ... AC6: =Class!AB6 -> -1 | AD6: =Class!AI6 -> 0 | AE6: =Class!AJ6 -> 40 | AF6: =Class!AK6 -> 5 | AG6: =Class!AL6 -> 5 | AH6: =Class!AN6 -> 826286 | AI6: =Class!AO6 -> 0 | AJ6: =Class!AP6 -> 0 | AK6: 0 | AL6: =Class!AR6 -> 0 | AM6: =Class!AQ6 -> 300467 | AN6: =Class!AS6 -> 0 | AO6: =Class!AT6 -> 0 | AP6: =Class!AU6 -> 0 | AQ6: =Class!BD6 -> 0 | AR6: =Class!BE6 -> 0 | AS6: =Class!BF6 -> 0 | AT6: =Class!BG6 -> 0 | AU6: =Class!BH6 -> 0 | AV6: =Class!BI6 -> 0 | AW6: =Class!BJ6 -> 0 | AX6: =Class!BK6 -> 0 | ... BN6: =Class!CA6 -> 0 | BO6: 0 | BP6: 0 | BQ6: 0 | BR6: 0 | BS6: 0 | BT6: 0 | BU6: 0 | BV6: 0 | BW6: 0 | BX6: 0 | BY6: 0 | BZ6: 0 | CA6: =Class!CB6 -> 0 | CB6: =Class!CC6 -> ipbae01 | CC6: =Class!CD6 -> 99 | CD6: =Class!CE6 -> -1 | CE6: =Class!CF6 -> -1 | CF6: =Class!CG6 -> -1 | CG6: =Class!CH6 -> -1 | CH6: =Class!CI6 -> -1 | ... CS6: =Class!CT6 -> -1 | CT6: 0 | CU6: 0 | CV6: =IF(Class!AC6=0,0,1)+IF(Class!AD6=0,0,POWER(2,1))+IF(Class!AE6=0,0,POWER(2,2))+IF(Class!AF6=0,0,POWER(2,3))+IF(Class!AG6=0,0,POWER(2,4))+IF(Class!AH6=0,0,POWER(2,5)) -> 0 | CW6: A highly specialized offensive warrior, the Berserker can attack fast and slow opponents down to deal big-time damage in melee combat. Berserkers are named after the fearsome legendary fighters from ancient history.
A7: =Class!C7 -> 0 | B7: =Class!E7 -> 2 | C7: 0 | D7: 4 | E7: =Class!A7 -> BWS2 | F7: =Class!A7 -> BWS2 | G7: =Class!G7 -> -1 | H7: =Class!H7 -> -1 | I7: =Class!I7 -> -1 | J7: =Class!J7 -> -1 | K7: =Class!K7 -> -1 | L7: =Class!L7 -> -1 | M7: =Class!M7 -> -1 | N7: =Class!N7 -> -1 | O7: =Class!D7 -> 5 | P7: =Class!O7 -> ?§¶?????»? | Q7: =Class!P7 -> Warden | R7: =Class!Q7 -> ARMSMAN | S7: =Class!B7 -> 0 | T7: =Class!S7 -> 70021 | U7: =Class!T7 -> 7F022 | V7: =Class!U7 -> 7F023 | W7: =Class!V7 -> 7F002 | X7: =Class!W7 -> 70008 | Y7: =Class!X7 -> -1 | Z7: =Class!Y7 -> -1 | AA7: =Class!Z7 -> -1 | ... AC7: =Class!AB7 -> -1 | AD7: =Class!AI7 -> 0 | AE7: =Class!AJ7 -> 60 | AF7: =Class!AK7 -> 10 | AG7: =Class!AL7 -> 5 | AH7: =Class!AN7 -> 550857 | AI7: =Class!AO7 -> 0 | AJ7: =Class!AP7 -> 0 | AK7: 0 | AL7: =Class!AR7 -> 0 | AM7: =Class!AQ7 -> 450701 | AN7: =Class!AS7 -> 0 | AO7: =Class!AT7 -> 0 | AP7: =Class!AU7 -> 0 | AQ7: =Class!BD7 -> 0 | AR7: =Class!BE7 -> 0 | AS7: =Class!BF7 -> 0 | AT7: =Class!BG7 -> 0 | AU7: =Class!BH7 -> 0 | AV7: =Class!BI7 -> 0 | AW7: =Class!BJ7 -> 0 | AX7: =Class!BK7 -> 0 | ... BN7: =Class!CA7 -> 0 | BO7: 0 | BP7: 0 | BQ7: 0 | BR7: 0 | BS7: 0 | BT7: 0 | BU7: 0 | BV7: 0 | BW7: 0 | BX7: 0 | BY7: 0 | BZ7: 0 | CA7: =Class!CB7 -> 1 | CB7: =Class!CC7 -> ipbae01 | CC7: =Class!CD7 -> 99 | CD7: =Class!CE7 -> ipbde01 | CE7: =Class!CF7 -> 99 | CF7: =Class!CG7 -> -1 | CG7: =Class!CH7 -> -1 | CH7: =Class!CI7 -> -1 | ... CS7: =Class!CT7 -> -1 | CT7: 0 | CU7: 0 | CV7: =IF(Class!AC7=0,0,1)+IF(Class!AD7=0,0,POWER(2,1))+IF(Class!AE7=0,0,POWER(2,2))+IF(Class!AF7=0,0,POWER(2,3))+IF(Class!AG7=0,0,POWER(2,4))+IF(Class!AH7=0,0,POWER(2,5)) -> 0 | CW7: Wardens specialize in the use of the mace, and learn both offensive and defensive mace techniques that break opponents¡¯ balance.
A8: =Class!C8 -> 0 | B8: =Class!E8 -> 2 | C8: 0 | D8: 5 | E8: =Class!A8 -> BWS3 | F8: =Class!A8 -> BWS3 | G8: =Class!G8 -> -1 | H8: =Class!H8 -> -1 | I8: =Class!I8 -> -1 | J8: =Class!J8 -> -1 | K8: =Class!K8 -> -1 | L8: =Class!L8 -> -1 | M8: =Class!M8 -> -1 | N8: =Class!N8 -> -1 | O8: =Class!D8 -> 6 | P8: =Class!O8 -> ?§¶?????»? | Q8: =Class!P8 -> Sentinel | R8: =Class!Q8 -> SHIELDMILER | S8: =Class!B8 -> 0 | T8: =Class!S8 -> 7F024 | U8: =Class!T8 -> 7F025 | V8: =Class!U8 -> 7F026 | W8: =Class!V8 -> 7F002 | X8: =Class!W8 -> 70008 | Y8: =Class!X8 -> -1 | Z8: =Class!Y8 -> -1 | AA8: =Class!Z8 -> -1 | ... AC8: =Class!AB8 -> -1 | AD8: =Class!AI8 -> 0 | AE8: =Class!AJ8 -> 80 | AF8: =Class!AK8 -> 0 | AG8: =Class!AL8 -> 0 | AH8: =Class!AN8 -> 413143 | AI8: =Class!AO8 -> 0 | AJ8: =Class!AP8 -> 0 | AK8: 0 | AL8: =Class!AR8 -> 300467 | AM8: =Class!AQ8 -> 300467 | AN8: =Class!AS8 -> 0 | AO8: =Class!AT8 -> 0 | AP8: =Class!AU8 -> 0 | AQ8: =Class!BD8 -> 0 | AR8: =Class!BE8 -> 0 | AS8: =Class!BF8 -> 0 | AT8: =Class!BG8 -> 0 | AU8: =Class!BH8 -> 0 | AV8: =Class!BI8 -> 0 | AW8: =Class!BJ8 -> 0 | AX8: =Class!BK8 -> 0 | ... BN8: =Class!CA8 -> 0 | BO8: 0 | BP8: 0 | BQ8: 0 | BR8: 0 | BS8: 0 | BT8: 0 | BU8: 0 | BV8: 0 | BW8: 0 | BX8: 0 | BY8: 0 | BZ8: 0 | CA8: =Class!CB8 -> 0 | CB8: =Class!CC8 -> ipbde01 | CC8: =Class!CD8 -> 99 | CD8: =Class!CE8 -> -1 | CE8: =Class!CF8 -> -1 | CF8: =Class!CG8 -> -1 | CG8: =Class!CH8 -> -1 | CH8: =Class!CI8 -> -1 | ... CS8: =Class!CT8 -> -1 | CT8: 0 | CU8: 0 | CV8: =IF(Class!AC8=0,0,1)+IF(Class!AD8=0,0,POWER(2,1))+IF(Class!AE8=0,0,POWER(2,2))+IF(Class!AF8=0,0,POWER(2,3))+IF(Class!AG8=0,0,POWER(2,4))+IF(Class!AH8=0,0,POWER(2,5)) -> 0 | CW8: A Sentinel is a shield specialist with the ability to absorb opponents¡¯ HP. Sentinels can be found at the frontline of every battle.
A9: =Class!C9 -> 0 | B9: =Class!E9 -> 2 | C9: 0 | D9: 6 | E9: =Class!A9 -> BWS4 | F9: =Class!A9 -> BWS4 | G9: =Class!G9 -> -1 | H9: =Class!H9 -> -1 | I9: =Class!I9 -> -1 | J9: =Class!J9 -> -1 | K9: =Class!K9 -> -1 | L9: =Class!L9 -> -1 | M9: =Class!M9 -> -1 | N9: =Class!N9 -> -1 | O9: =Class!D9 -> 7 | P9: =Class!O9 -> ?§¶?????»? | Q9: =Class!P9 -> -1 | R9: =Class!Q9 -> -1 | S9: =Class!B9 -> 0 | T9: =Class!S9 -> -1 | U9: =Class!T9 -> -1 | V9: =Class!U9 -> -1 | W9: =Class!V9 -> -1 | X9: =Class!W9 -> -1 | Y9: =Class!X9 -> -1 | Z9: =Class!Y9 -> -1 | AA9: =Class!Z9 -> -1 | ... AC9: =Class!AB9 -> -1 | AD9: =Class!AI9 -> 0 | AE9: =Class!AJ9 -> 0 | AF9: =Class!AK9 -> 0 | AG9: =Class!AL9 -> 0 | AH9: =Class!AN9 -> 0 | AI9: =Class!AO9 -> 0 | AJ9: =Class!AP9 -> 0 | AK9: 0 | AL9: =Class!AR9 -> 0 | AM9: =Class!AQ9 -> 0 | AN9: =Class!AS9 -> 0 | AO9: =Class!AT9 -> 0 | AP9: =Class!AU9 -> 0 | AQ9: =Class!BD9 -> 0 | AR9: =Class!BE9 -> 0 | AS9: =Class!BF9 -> 0 | AT9: =Class!BG9 -> 0 | AU9: =Class!BH9 -> 0 | AV9: =Class!BI9 -> 0 | AW9: =Class!BJ9 -> 0 | AX9: =Class!BK9 -> 0 | ... BN9: =Class!CA9 -> 0 | BO9: 0 | BP9: 0 | BQ9: 0 | BR9: 0 | BS9: 0 | BT9: 0 | BU9: 0 | BV9: 0 | BW9: 0 | BX9: 0 | BY9: 0 | BZ9: 0 | CA9: =Class!CB9 -> 0 | CB9: =Class!CC9 -> -1 | CC9: =Class!CD9 -> -1 | CD9: =Class!CE9 -> -1 | CE9: =Class!CF9 -> -1 | CF9: =Class!CG9 -> -1 | CG9: =Class!CH9 -> -1 | CH9: =Class!CI9 -> -1 | ... CS9: =Class!CT9 -> -1 | CT9: 0 | CU9: 0 | CV9: =IF(Class!AC9=0,0,1)+IF(Class!AD9=0,0,POWER(2,1))+IF(Class!AE9=0,0,POWER(2,2))+IF(Class!AF9=0,0,POWER(2,3))+IF(Class!AG9=0,0,POWER(2,4))+IF(Class!AH9=0,0,POWER(2,5)) -> 0 | CW9: _
A10: =Class!C10 -> 0 | B10: =Class!E10 -> 3 | C10: 0 | D10: 7 | E10: =Class!A10 -> BWT1 | F10: =Class!A10 -> BWT1 | G10: =Class!G10 -> -1 | H10: =Class!H10 -> -1 | I10: =Class!I10 -> -1 | J10: =Class!J10 -> -1 | K10: =Class!K10 -> -1 | L10: =Class!L10 -> -1 | M10: =Class!M10 -> -1 | N10: =Class!N10 -> -1 | O10: =Class!D10 -> 8 | P10: =Class!O10 -> ?§¶?????»? | Q10: =Class!P10 -> -1 | R10: =Class!Q10 -> -1 | S10: =Class!B10 -> 0 | T10: =Class!S10 -> -1 | U10: =Class!T10 -> -1 | V10: =Class!U10 -> -1 | W10: =Class!V10 -> -1 | X10: =Class!W10 -> -1 | Y10: =Class!X10 -> -1 | Z10: =Class!Y10 -> -1 | AA10: =Class!Z10 -> -1 | ... AC10: =Class!AB10 -> -1 | AD10: =Class!AI10 -> 0 | AE10: =Class!AJ10 -> 0 | AF10: =Class!AK10 -> 0 | AG10: =Class!AL10 -> 0 | AH10: =Class!AN10 -> 0 | AI10: =Class!AO10 -> 0 | AJ10: =Class!AP10 -> 0 | AK10: 0 | AL10: =Class!AR10 -> 0 | AM10: =Class!AQ10 -> 0 | AN10: =Class!AS10 -> 0 | AO10: =Class!AT10 -> 0 | AP10: =Class!AU10 -> 0 | AQ10: =Class!BD10 -> 0 | AR10: =Class!BE10 -> 0 | AS10: =Class!BF10 -> 0 | AT10: =Class!BG10 -> 0 | AU10: =Class!BH10 -> 0 | AV10: =Class!BI10 -> 0 | AW10: =Class!BJ10 -> 0 | AX10: =Class!BK10 -> 0 | ... BN10: =Class!CA10 -> 0 | BO10: 0 | BP10: 0 | BQ10: 0 | BR10: 0 | BS10: 0 | BT10: 0 | BU10: 0 | BV10: 0 | BW10: 0 | BX10: 0 | BY10: 0 | BZ10: 0 | CA10: =Class!CB10 -> 0 | CB10: =Class!CC10 -> -1 | CC10: =Class!CD10 -> -1 | CD10: =Class!CE10 -> -1 | CE10: =Class!CF10 -> -1 | CF10: =Class!CG10 -> -1 | CG10: =Class!CH10 -> -1 | CH10: =Class!CI10 -> -1 | ... CS10: =Class!CT10 -> -1 | CT10: 0 | CU10: 0 | CV10: =IF(Class!AC10=0,0,1)+IF(Class!AD10=0,0,POWER(2,1))+IF(Class!AE10=0,0,POWER(2,2))+IF(Class!AF10=0,0,POWER(2,3))+IF(Class!AG10=0,0,POWER(2,4))+IF(Class!AH10=0,0,POWER(2,5)) -> 0 | CW10: _
A11: =Class!C11 -> 0 | B11: =Class!E11 -> 3 | C11: 0 | D11: 8 | E11: =Class!A11 -> BWT2 | F11: =Class!A11 -> BWT2 | G11: =Class!G11 -> -1 | H11: =Class!H11 -> -1 | I11: =Class!I11 -> -1 | J11: =Class!J11 -> -1 | K11: =Class!K11 -> -1 | L11: =Class!L11 -> -1 | M11: =Class!M11 -> -1 | N11: =Class!N11 -> -1 | O11: =Class!D11 -> 9 | P11: =Class!O11 -> ?§¶?????»? | Q11: =Class!P11 -> -1 | R11: =Class!Q11 -> -1 | S11: =Class!B11 -> 0 | T11: =Class!S11 -> -1 | U11: =Class!T11 -> -1 | V11: =Class!U11 -> -1 | W11: =Class!V11 -> -1 | X11: =Class!W11 -> -1 | Y11: =Class!X11 -> -1 | Z11: =Class!Y11 -> -1 | AA11: =Class!Z11 -> -1 | ... AC11: =Class!AB11 -> -1 | AD11: =Class!AI11 -> 0 | AE11: =Class!AJ11 -> 0 | AF11: =Class!AK11 -> 0 | AG11: =Class!AL11 -> 0 | AH11: =Class!AN11 -> 0 | AI11: =Class!AO11 -> 0 | AJ11: =Class!AP11 -> 0 | AK11: 0 | AL11: =Class!AR11 -> 0 | AM11: =Class!AQ11 -> 0 | AN11: =Class!AS11 -> 0 | AO11: =Class!AT11 -> 0 | AP11: =Class!AU11 -> 0 | AQ11: =Class!BD11 -> 0 | AR11: =Class!BE11 -> 0 | AS11: =Class!BF11 -> 0 | AT11: =Class!BG11 -> 0 | AU11: =Class!BH11 -> 0 | AV11: =Class!BI11 -> 0 | AW11: =Class!BJ11 -> 0 | AX11: =Class!BK11 -> 0 | ... BN11: =Class!CA11 -> 0 | BO11: 0 | BP11: 0 | BQ11: 0 | BR11: 0 | BS11: 0 | BT11: 0 | BU11: 0 | BV11: 0 | BW11: 0 | BX11: 0 | BY11: 0 | BZ11: 0 | CA11: =Class!CB11 -> 0 | CB11: =Class!CC11 -> -1 | CC11: =Class!CD11 -> -1 | CD11: =Class!CE11 -> -1 | CE11: =Class!CF11 -> -1 | CF11: =Class!CG11 -> -1 | CG11: =Class!CH11 -> -1 | CH11: =Class!CI11 -> -1 | ... CS11: =Class!CT11 -> -1 | CT11: 0 | CU11: 0 | CV11: =IF(Class!AC11=0,0,1)+IF(Class!AD11=0,0,POWER(2,1))+IF(Class!AE11=0,0,POWER(2,2))+IF(Class!AF11=0,0,POWER(2,3))+IF(Class!AG11=0,0,POWER(2,4))+IF(Class!AH11=0,0,POWER(2,5)) -> 0 | CW11: _
A12: =Class!C12 -> 0 | B12: =Class!E12 -> 3 | C12: 0 | D12: 9 | E12: =Class!A12 -> BWT3 | F12: =Class!A12 -> BWT3 | G12: =Class!G12 -> -1 | H12: =Class!H12 -> -1 | I12: =Class!I12 -> -1 | J12: =Class!J12 -> -1 | K12: =Class!K12 -> -1 | L12: =Class!L12 -> -1 | M12: =Class!M12 -> -1 | N12: =Class!N12 -> -1 | O12: =Class!D12 -> 10 | P12: =Class!O12 -> ?§¶?????»? | Q12: =Class!P12 -> -1 | R12: =Class!Q12 -> -1 | S12: =Class!B12 -> 0 | T12: =Class!S12 -> -1 | U12: =Class!T12 -> -1 | V12: =Class!U12 -> -1 | W12: =Class!V12 -> -1 | X12: =Class!W12 -> -1 | Y12: =Class!X12 -> -1 | Z12: =Class!Y12 -> -1 | AA12: =Class!Z12 -> -1 | ... AC12: =Class!AB12 -> -1 | AD12: =Class!AI12 -> 0 | AE12: =Class!AJ12 -> 0 | AF12: =Class!AK12 -> 0 | AG12: =Class!AL12 -> 0 | AH12: =Class!AN12 -> 0 | AI12: =Class!AO12 -> 0 | AJ12: =Class!AP12 -> 0 | AK12: 0 | AL12: =Class!AR12 -> 0 | AM12: =Class!AQ12 -> 0 | AN12: =Class!AS12 -> 0 | AO12: =Class!AT12 -> 0 | AP12: =Class!AU12 -> 0 | AQ12: =Class!BD12 -> 0 | AR12: =Class!BE12 -> 0 | AS12: =Class!BF12 -> 0 | AT12: =Class!BG12 -> 0 | AU12: =Class!BH12 -> 0 | AV12: =Class!BI12 -> 0 | AW12: =Class!BJ12 -> 0 | AX12: =Class!BK12 -> 0 | ... BN12: =Class!CA12 -> 0 | BO12: 0 | BP12: 0 | BQ12: 0 | BR12: 0 | BS12: 0 | BT12: 0 | BU12: 0 | BV12: 0 | BW12: 0 | BX12: 0 | BY12: 0 | BZ12: 0 | CA12: =Class!CB12 -> 0 | CB12: =Class!CC12 -> -1 | CC12: =Class!CD12 -> -1 | CD12: =Class!CE12 -> -1 | CE12: =Class!CF12 -> -1 | CF12: =Class!CG12 -> -1 | CG12: =Class!CH12 -> -1 | CH12: =Class!CI12 -> -1 | ... CS12: =Class!CT12 -> -1 | CT12: 0 | CU12: 0 | CV12: =IF(Class!AC12=0,0,1)+IF(Class!AD12=0,0,POWER(2,1))+IF(Class!AE12=0,0,POWER(2,2))+IF(Class!AF12=0,0,POWER(2,3))+IF(Class!AG12=0,0,POWER(2,4))+IF(Class!AH12=0,0,POWER(2,5)) -> 0 | CW12: _
A13: =Class!C13 -> 0 | B13: =Class!E13 -> 3 | C13: 0 | D13: 10 | E13: =Class!A13 -> BWT4 | F13: =Class!A13 -> BWT4 | G13: =Class!G13 -> -1 | H13: =Class!H13 -> -1 | I13: =Class!I13 -> -1 | J13: =Class!J13 -> -1 | K13: =Class!K13 -> -1 | L13: =Class!L13 -> -1 | M13: =Class!M13 -> -1 | N13: =Class!N13 -> -1 | O13: =Class!D13 -> 11 | P13: =Class!O13 -> ?§¶?????»? | Q13: =Class!P13 -> -1 | R13: =Class!Q13 -> -1 | S13: =Class!B13 -> 0 | T13: =Class!S13 -> -1 | U13: =Class!T13 -> -1 | V13: =Class!U13 -> -1 | W13: =Class!V13 -> -1 | X13: =Class!W13 -> -1 | Y13: =Class!X13 -> -1 | Z13: =Class!Y13 -> -1 | AA13: =Class!Z13 -> -1 | ... AC13: =Class!AB13 -> -1 | AD13: =Class!AI13 -> 0 | AE13: =Class!AJ13 -> 0 | AF13: =Class!AK13 -> 0 | AG13: =Class!AL13 -> 0 | AH13: =Class!AN13 -> 0 | AI13: =Class!AO13 -> 0 | AJ13: =Class!AP13 -> 0 | AK13: 0 | AL13: =Class!AR13 -> 0 | AM13: =Class!AQ13 -> 0 | AN13: =Class!AS13 -> 0 | AO13: =Class!AT13 -> 0 | AP13: =Class!AU13 -> 0 | AQ13: =Class!BD13 -> 0 | AR13: =Class!BE13 -> 0 | AS13: =Class!BF13 -> 0 | AT13: =Class!BG13 -> 0 | AU13: =Class!BH13 -> 0 | AV13: =Class!BI13 -> 0 | AW13: =Class!BJ13 -> 0 | AX13: =Class!BK13 -> 0 | ... BN13: =Class!CA13 -> 0 | BO13: 0 | BP13: 0 | BQ13: 0 | BR13: 0 | BS13: 0 | BT13: 0 | BU13: 0 | BV13: 0 | BW13: 0 | BX13: 0 | BY13: 0 | BZ13: 0 | CA13: =Class!CB13 -> 0 | CB13: =Class!CC13 -> -1 | CC13: =Class!CD13 -> -1 | CD13: =Class!CE13 -> -1 | CE13: =Class!CF13 -> -1 | CF13: =Class!CG13 -> -1 | CG13: =Class!CH13 -> -1 | CH13: =Class!CI13 -> -1 | ... CS13: =Class!CT13 -> -1 | CT13: 0 | CU13: 0 | CV13: =IF(Class!AC13=0,0,1)+IF(Class!AD13=0,0,POWER(2,1))+IF(Class!AE13=0,0,POWER(2,2))+IF(Class!AF13=0,0,POWER(2,3))+IF(Class!AG13=0,0,POWER(2,4))+IF(Class!AH13=0,0,POWER(2,5)) -> 0 | CW13: _
A14: =Class!C14 -> 0 | B14: =Class!E14 -> 3 | C14: 0 | D14: 11 | E14: =Class!A14 -> BWT5 | F14: =Class!A14 -> BWT5 | G14: =Class!G14 -> -1 | H14: =Class!H14 -> -1 | I14: =Class!I14 -> -1 | J14: =Class!J14 -> -1 | K14: =Class!K14 -> -1 | L14: =Class!L14 -> -1 | M14: =Class!M14 -> -1 | N14: =Class!N14 -> -1 | O14: =Class!D14 -> 12 | P14: =Class!O14 -> ?§¶?????»? | Q14: =Class!P14 -> -1 | R14: =Class!Q14 -> -1 | S14: =Class!B14 -> 0 | T14: =Class!S14 -> -1 | U14: =Class!T14 -> -1 | V14: =Class!U14 -> -1 | W14: =Class!V14 -> -1 | X14: =Class!W14 -> -1 | Y14: =Class!X14 -> -1 | Z14: =Class!Y14 -> -1 | AA14: =Class!Z14 -> -1 | ... AC14: =Class!AB14 -> -1 | AD14: =Class!AI14 -> 0 | AE14: =Class!AJ14 -> 0 | AF14: =Class!AK14 -> 0 | AG14: =Class!AL14 -> 0 | AH14: =Class!AN14 -> 0 | AI14: =Class!AO14 -> 0 | AJ14: =Class!AP14 -> 0 | AK14: 0 | AL14: =Class!AR14 -> 0 | AM14: =Class!AQ14 -> 0 | AN14: =Class!AS14 -> 0 | AO14: =Class!AT14 -> 0 | AP14: =Class!AU14 -> 0 | AQ14: =Class!BD14 -> 0 | AR14: =Class!BE14 -> 0 | AS14: =Class!BF14 -> 0 | AT14: =Class!BG14 -> 0 | AU14: =Class!BH14 -> 0 | AV14: =Class!BI14 -> 0 | AW14: =Class!BJ14 -> 0 | AX14: =Class!BK14 -> 0 | ... BN14: =Class!CA14 -> 0 | BO14: 0 | BP14: 0 | BQ14: 0 | BR14: 0 | BS14: 0 | BT14: 0 | BU14: 0 | BV14: 0 | BW14: 0 | BX14: 0 | BY14: 0 | BZ14: 0 | CA14: =Class!CB14 -> 0 | CB14: =Class!CC14 -> -1 | CC14: =Class!CD14 -> -1 | CD14: =Class!CE14 -> -1 | CE14: =Class!CF14 -> -1 | CF14: =Class!CG14 -> -1 | CG14: =Class!CH14 -> -1 | CH14: =Class!CI14 -> -1 | ... CS14: =Class!CT14 -> -1 | CT14: 0 | CU14: 0 | CV14: =IF(Class!AC14=0,0,1)+IF(Class!AD14=0,0,POWER(2,1))+IF(Class!AE14=0,0,POWER(2,2))+IF(Class!AF14=0,0,POWER(2,3))+IF(Class!AG14=0,0,POWER(2,4))+IF(Class!AH14=0,0,POWER(2,5)) -> 0 | CW14: _
... A167: =Class!C167 -> 3 | B167: =Class!E167 -> 3 | C167: 0 | D167: 164 | E167: =Class!A167 -> AST8 | F167: =Class!A167 -> AST8 | G167: =Class!G167 -> -1 | H167: =Class!H167 -> -1 | I167: =Class!I167 -> -1 | J167: =Class!J167 -> -1 | K167: =Class!K167 -> -1 | L167: =Class!L167 -> -1 | M167: =Class!M167 -> -1 | N167: =Class!N167 -> -1 | O167: =Class!D167 -> 165 | P167: =Class!O167 -> ???©·?????????°? | Q167: =Class!P167 -> -1 | R167: =Class!Q167 -> -1 | S167: =Class!B167 -> 2 | T167: =Class!S167 -> -1 | U167: =Class!T167 -> -1 | V167: =Class!U167 -> -1 | W167: =Class!V167 -> -1 | X167: =Class!W167 -> -1 | Y167: =Class!X167 -> -1 | Z167: =Class!Y167 -> -1 | AA167: =Class!Z167 -> -1 | ... AC167: =Class!AB167 -> -1 | AD167: =Class!AI167 -> 0 | AE167: =Class!AJ167 -> 0 | AF167: =Class!AK167 -> 0 | AG167: =Class!AL167 -> 0 | AH167: =Class!AN167 -> 0 | AI167: =Class!AO167 -> 0 | AJ167: =Class!AP167 -> 0 | AK167: 0 | AL167: =Class!AR167 -> 0 | AM167: =Class!AQ167 -> 0 | AN167: =Class!AS167 -> 0 | AO167: =Class!AT167 -> 0 | AP167: =Class!AU167 -> 0 | AQ167: =Class!BD167 -> 0 | AR167: =Class!BE167 -> 0 | AS167: =Class!BF167 -> 0 | AT167: =Class!BG167 -> 0 | AU167: =Class!BH167 -> 0 | AV167: =Class!BI167 -> 0 | AW167: =Class!BJ167 -> 0 | AX167: =Class!BK167 -> 0 | ... BN167: =Class!CA167 -> 0 | BO167: 0 | BP167: 0 | BQ167: 0 | BR167: 0 | BS167: 0 | BT167: 0 | BU167: 0 | BV167: 0 | BW167: 0 | BX167: 0 | BY167: 0 | BZ167: 0 | CA167: =Class!CB167 -> 0 | CB167: =Class!CC167 -> -1 | CC167: =Class!CD167 -> -1 | CD167: =Class!CE167 -> -1 | CE167: =Class!CF167 -> -1 | CF167: =Class!CG167 -> -1 | CG167: =Class!CH167 -> -1 | CH167: =Class!CI167 -> -1 | ... CS167: =Class!CT167 -> -1 | CT167: 0 | CU167: 0 | CV167: =IF(Class!AC167=0,0,1)+IF(Class!AD167=0,0,POWER(2,1))+IF(Class!AE167=0,0,POWER(2,2))+IF(Class!AF167=0,0,POWER(2,3))+IF(Class!AG167=0,0,POWER(2,4))+IF(Class!AH167=0,0,POWER(2,5)) -> 60 | CW167: _
