Workbook

Sheet CouponItem
A1: string[64] | B1: dword | C1: string[64] | D1: dword | E1: string[64] | F1: dword | G1: dword | H1: string[64] | I1: dword | J1: dword | K1: dword | L1: dword | M1: dword | N1: dword | O1: dword | P1: dword | Q1: dword | R1: dword | S1: dword | T1: dword | U1: dword | V1: dword | W1: dword | X1: dword | Y1: dword | Z1: dword | AA1: string[64] | AB1: dword | AC1: dword | AD1: END
A2: Code | B2: IsExist | C2: Model | D2: Icon | E2: Name | F2: KindClt | G2: FixPart | H2: Civil | I2: CoupItemPart | J2: Discount | K2: Point | L2: Money | M2: StdPrice | N2: StdPoint | O2: GoldPoint | P2: KillPoint | Q2: ProcPoint | R2: StorePrice | S2: Lv | T2: UpLvLim | U2: StoragePart | V2: IsSell | W2: IsExchange | X2: IsGround | Y2: IsStore | Z2: IsNormAcc | AA2: ToolTip | AB2: IsCash | AC2: IsTime
A3: cucou00 | B3: 1 | C3: A31700 | D3: 1 | E3: Premium Discount Coupon[1Hr] | F3: 780 | G3: 300 | H3: 11111000 | I3: 0 | J3: 0 | K3: 500 | L3: 0 | M3: 1000 | N3: 0 | O3: 0 | P3: 0 | Q3: 0 | R3: 10 | S3: 1 | T3: -1 | U3: 0 | V3: 1 | W3: 0 | X3: 0 | Y3: 1 | Z3: 1 | AA3: tcucou00 | AB3: 1 | AC3: 1
A4: cucou01 | B4: 1 | C4: A31701 | D4: 2 | E4: Premium Discount Coupon[2Hrs] | F4: 780 | G4: 300 | H4: 11111000 | I4: 0 | J4: 0 | K4: 1000 | L4: 0 | M4: 1000 | N4: 0 | O4: 0 | P4: 0 | Q4: 0 | R4: 10 | S4: 1 | T4: -1 | U4: 0 | V4: 1 | W4: 0 | X4: 0 | Y4: 1 | Z4: 1 | AA4: tcucou01 | AB4: 1 | AC4: 1
A5: cucou02 | B5: 1 | C5: A31702 | D5: 3 | E5: Premium Discount Coupon[3Hrs] | F5: 780 | G5: 300 | H5: 11111000 | I5: 0 | J5: 1 | K5: 5 | L5: 0 | M5: 1000 | N5: 0 | O5: 0 | P5: 0 | Q5: 0 | R5: 10 | S5: 1 | T5: -1 | U5: 0 | V5: 1 | W5: 0 | X5: 0 | Y5: 1 | Z5: 1 | AA5: tcucou02 | AB5: 1 | AC5: 1
A6: cucou03 | B6: 1 | C6: A31703 | D6: 4 | E6: Premium Discount Coupon[4Hrs] | F6: 780 | G6: 300 | H6: 11111000 | I6: 0 | J6: 1 | K6: 7 | L6: 0 | M6: 1000 | N6: 0 | O6: 0 | P6: 0 | Q6: 0 | R6: 10 | S6: 1 | T6: -1 | U6: 0 | V6: 1 | W6: 0 | X6: 0 | Y6: 1 | Z6: 1 | AA6: tcucou03 | AB6: 1 | AC6: 1
A7: cucou04 | B7: 1 | C7: A31704 | D7: 5 | E7: Premium Discount Coupon[5Hrs] | F7: 780 | G7: 300 | H7: 11111000 | I7: 0 | J7: 1 | K7: 10 | L7: 0 | M7: 1000 | N7: 0 | O7: 0 | P7: 0 | Q7: 0 | R7: 10 | S7: 1 | T7: -1 | U7: 0 | V7: 1 | W7: 0 | X7: 0 | Y7: 1 | Z7: 1 | AA7: tcucou04 | AB7: 1 | AC7: 1
A8: cucou05 | B8: 1 | C8: A31705 | D8: 6 | E8: Membership Coupon[Silver] | F8: 780 | G8: 300 | H8: 11111000 | I8: 1 | J8: 1 | K8: 1 | L8: 0 | M8: 1000 | N8: 0 | O8: 0 | P8: 0 | Q8: 0 | R8: 10 | S8: 1 | T8: -1 | U8: 0 | V8: 1 | W8: 0 | X8: 0 | Y8: 1 | Z8: 1 | AA8: tcucou05 | AB8: 1 | AC8: 1
A9: cucou06 | B9: 1 | C9: A31706 | D9: 7 | E9: Membership Coupon[Gold] | F9: 780 | G9: 300 | H9: 11111000 | I9: 1 | J9: 1 | K9: 2 | L9: 0 | M9: 1000 | N9: 0 | O9: 0 | P9: 0 | Q9: 0 | R9: 10 | S9: 1 | T9: -1 | U9: 0 | V9: 1 | W9: 0 | X9: 0 | Y9: 1 | Z9: 1 | AA9: tcucou06 | AB9: 1 | AC9: 1
A10: cucou07 | B10: 1 | C10: A31707 | D10: 8 | E10: Membership Coupon[Platinum] | F10: 780 | G10: 300 | H10: 11111000 | I10: 1 | J10: 1 | K10: 3 | L10: 0 | M10: 1000 | N10: 0 | O10: 0 | P10: 0 | Q10: 0 | R10: 10 | S10: 1 | T10: -1 | U10: 0 | V10: 1 | W10: 0 | X10: 0 | Y10: 1 | Z10: 1 | AA10: tcucou07 | AB10: 1 | AC10: 1
A11: cucou08 | B11: 1 | C11: A31708 | D11: 9 | E11: Membership Coupon[Emerald] | F11: 780 | G11: 300 | H11: 11111000 | I11: 1 | J11: 1 | K11: 5 | L11: 0 | M11: 1000 | N11: 0 | O11: 0 | P11: 0 | Q11: 0 | R11: 10 | S11: 1 | T11: -1 | U11: 0 | V11: 1 | W11: 0 | X11: 0 | Y11: 1 | Z11: 1 | AA11: tcucou08 | AB11: 1 | AC11: 1
A12: cucou09 | B12: 1 | C12: A31709 | D12: 10 | E12: Membership Coupon[Sapphire] | F12: 780 | G12: 300 | H12: 11111000 | I12: 1 | J12: 1 | K12: 7 | L12: 0 | M12: 1000 | N12: 0 | O12: 0 | P12: 0 | Q12: 0 | R12: 10 | S12: 1 | T12: -1 | U12: 0 | V12: 1 | W12: 0 | X12: 0 | Y12: 1 | Z12: 1 | AA12: tcucou09 | AB12: 1 | AC12: 1
A13: cucou10 | B13: 1 | C13: A31710 | D13: 11 | E13: Membership Coupon[Diamond] | F13: 780 | G13: 300 | H13: 11111000 | I13: 1 | J13: 1 | K13: 10 | L13: 0 | M13: 1000 | N13: 0 | O13: 0 | P13: 0 | Q13: 0 | R13: 10 | S13: 1 | T13: -1 | U13: 0 | V13: 1 | W13: 0 | X13: 0 | Y13: 1 | Z13: 1 | AA13: tcucou10 | AB13: 1 | AC13: 1
A14: cucou11 | B14: 1 | C14: A31711 | D14: 20 | E14: Cash Discount Coupon 500 | F14: 780 | G14: 300 | H14: 11111000 | I14: 0 | J14: 0 | K14: 500 | L14: 0 | M14: 1000 | N14: 0 | O14: 0 | P14: 0 | Q14: 0 | R14: 10 | S14: 1 | T14: -1 | U14: 0 | V14: 1 | W14: 0 | X14: 0 | Y14: 1 | Z14: 1 | AA14: tcucou11 | AB14: 0 | AC14: 0
... A22: cucou19 | B22: 1 | C22: A31719 | D22: 19 | E22: Cash Discount Coupon 80% | F22: 780 | G22: 300 | H22: 11111000 | I22: 1 | J22: 1 | K22: 80 | L22: 0 | M22: 1000 | N22: 0 | O22: 0 | P22: 0 | Q22: 0 | R22: 10 | S22: 1 | T22: -1 | U22: 0 | V22: 1 | W22: 0 | X22: 0 | Y22: 1 | Z22: 1 | AA22: tcucou19 | AB22: 0 | AC22: 0

Sheet 36decrypt
A1: clcode | B1: string[64] | C1: xeh | D1: dword | E1: stb | F1: byte | G1: byte | H1: word | I1: dword | J1: dword | K1: dword | L1: dword | M1: dword | N1: dword | O1: dword | P1: dword | Q1: dword | R1: dword | S1: dword | T1: dword | U1: dword | V1: dword | W1: dword | X1: dword | Y1: dword | Z1: dword | AA1: dword | AB1: dword | AC1: dword | AD1: END
A2: =CouponItem!A2 -> Code | B2: =CouponItem!E2 -> Name | C2: =CouponItem!C2 -> Model | D2: =CouponItem!D2 -> Icon | E2: =CouponItem!H2 -> Civil | F2: ListID | G2: =CouponItem!L2 -> Money | H2: none | I2: =CouponItem!M2 -> StdPrice | J2: =CouponItem!N2 -> StdPoint | K2: =CouponItem!O2 -> GoldPoint | L2: =CouponItem!Q2 -> ProcPoint | M2: =CouponItem!P2 -> KillPoint | N2: =CouponItem!R2 -> StorePrice | O2: =CouponItem!W2 -> IsExchange | P2: =CouponItem!V2 -> IsSell | Q2: =CouponItem!X2 -> IsGround | R2: =CouponItem!Y2 -> IsStore | S2: Descript | T2: =CouponItem!B2 -> IsExist | U2: =CouponItem!AB2 -> IsCash | V2: =CouponItem!AC2 -> IsTime | W2: =CouponItem!T2 -> UpLvLim | X2: =CouponItem!I2 -> CoupItemPart | Y2: =CouponItem!J2 -> Discount | Z2: =CouponItem!K2 -> Point | AA2: =CouponItem!U2 -> StoragePart | AB2: =CouponItem!S2 -> Lv | AC2: hz
A3: =CouponItem!A3 -> cucou00 | B3: =CouponItem!E3 -> PCcafe PremiumDiscount Coupon[1Hr] | C3: =CouponItem!C3 -> A31700 | D3: =CouponItem!D3 -> 1 | E3: =CouponItem!H3 -> 11111 | F3: 36 | G3: =CouponItem!L3 -> 0 | H3: 0 | I3: =CouponItem!M3 -> 1000 | J3: =CouponItem!N3 -> 0 | K3: =CouponItem!O3 -> 0 | L3: =CouponItem!Q3 -> 0 | M3: =CouponItem!P3 -> 0 | N3: =CouponItem!R3 -> 10 | O3: =CouponItem!W3 -> 0 | P3: =CouponItem!V3 -> 1 | Q3: =CouponItem!X3 -> 0 | R3: =CouponItem!Y3 -> 1 | S3: 0 | T3: =CouponItem!B3 -> 1 | U3: =CouponItem!AB3 -> 1 | V3: =CouponItem!AC3 -> 1 | W3: =CouponItem!T3 -> -1 | X3: =CouponItem!I3 -> 0 | Y3: =CouponItem!J3 -> 0 | Z3: =CouponItem!K3 -> 500 | AA3: =CouponItem!U3 -> 0 | AB3: =CouponItem!S3 -> 1 | AC3: 0
A4: =CouponItem!A4 -> cucou01 | B4: =CouponItem!E4 -> PCcafe PremiumDiscount Coupon[2Hr] | C4: =CouponItem!C4 -> A31701 | D4: =CouponItem!D4 -> 2 | E4: =CouponItem!H4 -> 11111 | F4: 36 | G4: =CouponItem!L4 -> 0 | H4: 0 | I4: =CouponItem!M4 -> 1000 | J4: =CouponItem!N4 -> 0 | K4: =CouponItem!O4 -> 0 | L4: =CouponItem!Q4 -> 0 | M4: =CouponItem!P4 -> 0 | N4: =CouponItem!R4 -> 10 | O4: =CouponItem!W4 -> 0 | P4: =CouponItem!V4 -> 1 | Q4: =CouponItem!X4 -> 0 | R4: =CouponItem!Y4 -> 1 | S4: 1 | T4: =CouponItem!B4 -> 1 | U4: =CouponItem!AB4 -> 1 | V4: =CouponItem!AC4 -> 1 | W4: =CouponItem!T4 -> -1 | X4: =CouponItem!I4 -> 0 | Y4: =CouponItem!J4 -> 0 | Z4: =CouponItem!K4 -> 1000 | AA4: =CouponItem!U4 -> 0 | AB4: =CouponItem!S4 -> 1 | AC4: 0
A5: =CouponItem!A5 -> cucou02 | B5: =CouponItem!E5 -> PCcafe PremiumDiscount Coupon[3Hr] | C5: =CouponItem!C5 -> A31702 | D5: =CouponItem!D5 -> 3 | E5: =CouponItem!H5 -> 11111 | F5: 36 | G5: =CouponItem!L5 -> 0 | H5: 0 | I5: =CouponItem!M5 -> 1000 | J5: =CouponItem!N5 -> 0 | K5: =CouponItem!O5 -> 0 | L5: =CouponItem!Q5 -> 0 | M5: =CouponItem!P5 -> 0 | N5: =CouponItem!R5 -> 10 | O5: =CouponItem!W5 -> 0 | P5: =CouponItem!V5 -> 1 | Q5: =CouponItem!X5 -> 0 | R5: =CouponItem!Y5 -> 1 | S5: 2 | T5: =CouponItem!B5 -> 1 | U5: =CouponItem!AB5 -> 1 | V5: =CouponItem!AC5 -> 1 | W5: =CouponItem!T5 -> -1 | X5: =CouponItem!I5 -> 0 | Y5: =CouponItem!J5 -> 1 | Z5: =CouponItem!K5 -> 5 | AA5: =CouponItem!U5 -> 0 | AB5: =CouponItem!S5 -> 1 | AC5: 0
A6: =CouponItem!A6 -> cucou03 | B6: =CouponItem!E6 -> PCcafe PremiumDiscount Coupon[4Hr] | C6: =CouponItem!C6 -> A31703 | D6: =CouponItem!D6 -> 4 | E6: =CouponItem!H6 -> 11111 | F6: 36 | G6: =CouponItem!L6 -> 0 | H6: 0 | I6: =CouponItem!M6 -> 1000 | J6: =CouponItem!N6 -> 0 | K6: =CouponItem!O6 -> 0 | L6: =CouponItem!Q6 -> 0 | M6: =CouponItem!P6 -> 0 | N6: =CouponItem!R6 -> 10 | O6: =CouponItem!W6 -> 0 | P6: =CouponItem!V6 -> 1 | Q6: =CouponItem!X6 -> 0 | R6: =CouponItem!Y6 -> 1 | S6: 3 | T6: =CouponItem!B6 -> 1 | U6: =CouponItem!AB6 -> 1 | V6: =CouponItem!AC6 -> 1 | W6: =CouponItem!T6 -> -1 | X6: =CouponItem!I6 -> 0 | Y6: =CouponItem!J6 -> 1 | Z6: =CouponItem!K6 -> 7 | AA6: =CouponItem!U6 -> 0 | AB6: =CouponItem!S6 -> 1 | AC6: 0
A7: =CouponItem!A7 -> cucou04 | B7: =CouponItem!E7 -> PCcafe PremiumDiscount Coupon[5Hr] | C7: =CouponItem!C7 -> A31704 | D7: =CouponItem!D7 -> 5 | E7: =CouponItem!H7 -> 11111 | F7: 36 | G7: =CouponItem!L7 -> 0 | H7: 0 | I7: =CouponItem!M7 -> 1000 | J7: =CouponItem!N7 -> 0 | K7: =CouponItem!O7 -> 0 | L7: =CouponItem!Q7 -> 0 | M7: =CouponItem!P7 -> 0 | N7: =CouponItem!R7 -> 10 | O7: =CouponItem!W7 -> 0 | P7: =CouponItem!V7 -> 1 | Q7: =CouponItem!X7 -> 0 | R7: =CouponItem!Y7 -> 1 | S7: 4 | T7: =CouponItem!B7 -> 1 | U7: =CouponItem!AB7 -> 1 | V7: =CouponItem!AC7 -> 1 | W7: =CouponItem!T7 -> -1 | X7: =CouponItem!I7 -> 0 | Y7: =CouponItem!J7 -> 1 | Z7: =CouponItem!K7 -> 10 | AA7: =CouponItem!U7 -> 0 | AB7: =CouponItem!S7 -> 1 | AC7: 0
A8: =CouponItem!A8 -> cucou05 | B8: =CouponItem!E8 -> Membership Coupon[Silver] | C8: =CouponItem!C8 -> A31705 | D8: =CouponItem!D8 -> 6 | E8: =CouponItem!H8 -> 11111 | F8: 36 | G8: =CouponItem!L8 -> 0 | H8: 0 | I8: =CouponItem!M8 -> 1000 | J8: =CouponItem!N8 -> 0 | K8: =CouponItem!O8 -> 0 | L8: =CouponItem!Q8 -> 0 | M8: =CouponItem!P8 -> 0 | N8: =CouponItem!R8 -> 10 | O8: =CouponItem!W8 -> 0 | P8: =CouponItem!V8 -> 1 | Q8: =CouponItem!X8 -> 0 | R8: =CouponItem!Y8 -> 1 | S8: 5 | T8: =CouponItem!B8 -> 1 | U8: =CouponItem!AB8 -> 1 | V8: =CouponItem!AC8 -> 1 | W8: =CouponItem!T8 -> -1 | X8: =CouponItem!I8 -> 1 | Y8: =CouponItem!J8 -> 1 | Z8: =CouponItem!K8 -> 1 | AA8: =CouponItem!U8 -> 0 | AB8: =CouponItem!S8 -> 1 | AC8: 0
A9: =CouponItem!A9 -> cucou06 | B9: =CouponItem!E9 -> Membership Coupon[Gold] | C9: =CouponItem!C9 -> A31706 | D9: =CouponItem!D9 -> 7 | E9: =CouponItem!H9 -> 11111 | F9: 36 | G9: =CouponItem!L9 -> 0 | H9: 0 | I9: =CouponItem!M9 -> 1000 | J9: =CouponItem!N9 -> 0 | K9: =CouponItem!O9 -> 0 | L9: =CouponItem!Q9 -> 0 | M9: =CouponItem!P9 -> 0 | N9: =CouponItem!R9 -> 10 | O9: =CouponItem!W9 -> 0 | P9: =CouponItem!V9 -> 1 | Q9: =CouponItem!X9 -> 0 | R9: =CouponItem!Y9 -> 1 | S9: 6 | T9: =CouponItem!B9 -> 1 | U9: =CouponItem!AB9 -> 1 | V9: =CouponItem!AC9 -> 1 | W9: =CouponItem!T9 -> -1 | X9: =CouponItem!I9 -> 1 | Y9: =CouponItem!J9 -> 1 | Z9: =CouponItem!K9 -> 2 | AA9: =CouponItem!U9 -> 0 | AB9: =CouponItem!S9 -> 1 | AC9: 0
A10: =CouponItem!A10 -> cucou07 | B10: =CouponItem!E10 -> Membership Coupon[Platinum] | C10: =CouponItem!C10 -> A31707 | D10: =CouponItem!D10 -> 8 | E10: =CouponItem!H10 -> 11111 | F10: 36 | G10: =CouponItem!L10 -> 0 | H10: 0 | I10: =CouponItem!M10 -> 1000 | J10: =CouponItem!N10 -> 0 | K10: =CouponItem!O10 -> 0 | L10: =CouponItem!Q10 -> 0 | M10: =CouponItem!P10 -> 0 | N10: =CouponItem!R10 -> 10 | O10: =CouponItem!W10 -> 0 | P10: =CouponItem!V10 -> 1 | Q10: =CouponItem!X10 -> 0 | R10: =CouponItem!Y10 -> 1 | S10: 7 | T10: =CouponItem!B10 -> 1 | U10: =CouponItem!AB10 -> 1 | V10: =CouponItem!AC10 -> 1 | W10: =CouponItem!T10 -> -1 | X10: =CouponItem!I10 -> 1 | Y10: =CouponItem!J10 -> 1 | Z10: =CouponItem!K10 -> 3 | AA10: =CouponItem!U10 -> 0 | AB10: =CouponItem!S10 -> 1 | AC10: 0
A11: =CouponItem!A11 -> cucou08 | B11: =CouponItem!E11 -> Membership Coupon[Emerald] | C11: =CouponItem!C11 -> A31708 | D11: =CouponItem!D11 -> 9 | E11: =CouponItem!H11 -> 11111 | F11: 36 | G11: =CouponItem!L11 -> 0 | H11: 0 | I11: =CouponItem!M11 -> 1000 | J11: =CouponItem!N11 -> 0 | K11: =CouponItem!O11 -> 0 | L11: =CouponItem!Q11 -> 0 | M11: =CouponItem!P11 -> 0 | N11: =CouponItem!R11 -> 10 | O11: =CouponItem!W11 -> 0 | P11: =CouponItem!V11 -> 1 | Q11: =CouponItem!X11 -> 0 | R11: =CouponItem!Y11 -> 1 | S11: 8 | T11: =CouponItem!B11 -> 1 | U11: =CouponItem!AB11 -> 1 | V11: =CouponItem!AC11 -> 1 | W11: =CouponItem!T11 -> -1 | X11: =CouponItem!I11 -> 1 | Y11: =CouponItem!J11 -> 1 | Z11: =CouponItem!K11 -> 5 | AA11: =CouponItem!U11 -> 0 | AB11: =CouponItem!S11 -> 1 | AC11: 0
A12: =CouponItem!A12 -> cucou09 | B12: =CouponItem!E12 -> Membership Coupon[Sapphire] | C12: =CouponItem!C12 -> A31709 | D12: =CouponItem!D12 -> 10 | E12: =CouponItem!H12 -> 11111 | F12: 36 | G12: =CouponItem!L12 -> 0 | H12: 0 | I12: =CouponItem!M12 -> 1000 | J12: =CouponItem!N12 -> 0 | K12: =CouponItem!O12 -> 0 | L12: =CouponItem!Q12 -> 0 | M12: =CouponItem!P12 -> 0 | N12: =CouponItem!R12 -> 10 | O12: =CouponItem!W12 -> 0 | P12: =CouponItem!V12 -> 1 | Q12: =CouponItem!X12 -> 0 | R12: =CouponItem!Y12 -> 1 | S12: 9 | T12: =CouponItem!B12 -> 1 | U12: =CouponItem!AB12 -> 1 | V12: =CouponItem!AC12 -> 1 | W12: =CouponItem!T12 -> -1 | X12: =CouponItem!I12 -> 1 | Y12: =CouponItem!J12 -> 1 | Z12: =CouponItem!K12 -> 7 | AA12: =CouponItem!U12 -> 0 | AB12: =CouponItem!S12 -> 1 | AC12: 0
A13: =CouponItem!A13 -> cucou10 | B13: =CouponItem!E13 -> Membership Coupon[Diamond] | C13: =CouponItem!C13 -> A31710 | D13: =CouponItem!D13 -> 11 | E13: =CouponItem!H13 -> 11111 | F13: 36 | G13: =CouponItem!L13 -> 0 | H13: 0 | I13: =CouponItem!M13 -> 1000 | J13: =CouponItem!N13 -> 0 | K13: =CouponItem!O13 -> 0 | L13: =CouponItem!Q13 -> 0 | M13: =CouponItem!P13 -> 0 | N13: =CouponItem!R13 -> 10 | O13: =CouponItem!W13 -> 0 | P13: =CouponItem!V13 -> 1 | Q13: =CouponItem!X13 -> 0 | R13: =CouponItem!Y13 -> 1 | S13: 10 | T13: =CouponItem!B13 -> 1 | U13: =CouponItem!AB13 -> 1 | V13: =CouponItem!AC13 -> 1 | W13: =CouponItem!T13 -> -1 | X13: =CouponItem!I13 -> 1 | Y13: =CouponItem!J13 -> 1 | Z13: =CouponItem!K13 -> 10 | AA13: =CouponItem!U13 -> 0 | AB13: =CouponItem!S13 -> 1 | AC13: 0
A14: =CouponItem!A14 -> cucou11 | B14: =CouponItem!E14 -> Cash Discount Coupon 500 | C14: =CouponItem!C14 -> A31711 | D14: =CouponItem!D14 -> 20 | E14: =CouponItem!H14 -> 11111 | F14: 36 | G14: =CouponItem!L14 -> 0 | H14: 0 | I14: =CouponItem!M14 -> 1000 | J14: =CouponItem!N14 -> 0 | K14: =CouponItem!O14 -> 0 | L14: =CouponItem!Q14 -> 0 | M14: =CouponItem!P14 -> 0 | N14: =CouponItem!R14 -> 10 | O14: =CouponItem!W14 -> 0 | P14: =CouponItem!V14 -> 1 | Q14: =CouponItem!X14 -> 0 | R14: =CouponItem!Y14 -> 1 | S14: 11 | T14: =CouponItem!B14 -> 1 | U14: =CouponItem!AB14 -> 0 | V14: =CouponItem!AC14 -> 0 | W14: =CouponItem!T14 -> -1 | X14: =CouponItem!I14 -> 0 | Y14: =CouponItem!J14 -> 0 | Z14: =CouponItem!K14 -> 500 | AA14: =CouponItem!U14 -> 0 | AB14: =CouponItem!S14 -> 1 | AC14: 0
... A22: =CouponItem!A22 -> cucou19 | B22: =CouponItem!E22 -> Cash Discount Coupon 80% | C22: =CouponItem!C22 -> A31719 | D22: =CouponItem!D22 -> 19 | E22: =CouponItem!H22 -> 11111 | F22: 36 | G22: =CouponItem!L22 -> 0 | H22: 0 | I22: =CouponItem!M22 -> 1000 | J22: =CouponItem!N22 -> 0 | K22: =CouponItem!O22 -> 0 | L22: =CouponItem!Q22 -> 0 | M22: =CouponItem!P22 -> 0 | N22: =CouponItem!R22 -> 10 | O22: =CouponItem!W22 -> 0 | P22: =CouponItem!V22 -> 1 | Q22: =CouponItem!X22 -> 0 | R22: =CouponItem!Y22 -> 1 | S22: 19 | T22: =CouponItem!B22 -> 1 | U22: =CouponItem!AB22 -> 0 | V22: =CouponItem!AC22 -> 0 | W22: =CouponItem!T22 -> -1 | X22: =CouponItem!I22 -> 1 | Y22: =CouponItem!J22 -> 1 | Z22: =CouponItem!K22 -> 80 | AA22: =CouponItem!U22 -> 0 | AB22: =CouponItem!S22 -> 1 | AC22: 0

Sheet 36desc
A1: dword | B1: text | C1: END
A2: Count | B2: desc
A3: 0 | B3: Cash item discount coupon for Premium users. [Used in your Shopping Cart]
A4: 1 | B4: Cash item discount coupon for Premium users. [Used in your Shopping Cart]
A5: 2 | B5: Cash item discount coupon for Premium users. [Used in your Shopping Cart]
A6: 3 | B6: Cash item discount coupon for Premium users. [Used in your Shopping Cart]
A7: 4 | B7: Cash item discount coupon for Premium users. [Used in your Shopping Cart]
A8: 5 | B8: Cash item discount coupon for Premium users. [Used in your Shopping Cart]
A9: 6 | B9: Cash item discount coupon for Premium users. [Used in your Shopping Cart]
A10: 7 | B10: Cash item discount coupon for Premium users. [Used in your Shopping Cart]
A11: 8 | B11: Cash item discount coupon for Premium users. [Used in your Shopping Cart]
A12: 9 | B12: Cash item discount coupon for Premium users. [Used in your Shopping Cart]
A13: 10 | B13: Cash item discount coupon for Premium users. [Used in your Shopping Cart]
A14: 11 | B14: Cash Discount coupon obtained from coupon box which can be traded with Pexion crystal. It can be used once and discount 500Cash.
... A22: 19 | B22: Cash Discount coupon obtained from coupon box which can be traded with Pexion crystal.Cash Discount coupon obtained from coupon box which can be traded with Pexion crystal. It can be used only once, and one time purchase's total price can be discounted up to 80%.
