Workbook
Name TabAmmo: '44decrypt'!$U$3:$U$4
Name TabArmour: '44decrypt'!$V$3:$V$7
Name TabWeapon: '44decrypt'!$T$3:$T$11
Name ToolType: '44decrypt'!$S$3:$S$6

Sheet ItemMakeData
A1: string[64] | B1: dword | C1: string[64] | D1: string[8] | E1: dword | F1: string[8] | G1: dword | H1: string[8] | I1: dword | J1: string[8] | K1: dword | L1: string[8] | M1: dword | N1: string[8] | O1: dword | P1: string[8] | Q1: dword | R1: string[8] | S1: dword | T1: string[8] | U1: dword | V1: string[8] | W1: dword | X1: string[8] | Y1: dword | Z1: string[8] | AA1: dword | AB1: string[8] | AC1: dword | AD1: string[8] | AE1: dword | AF1: string[8] | AG1: dword | AH1: string[8] | AI1: dword | AJ1: string[8] | AK1: dword | AL1: string[8] | AM1: dword | AN1: string[8] | AO1: dword | AP1: string[8] | AQ1: dword | AR1: string[8] | AS1: dword | AT1: string[8] | AU1: dword | AV1: string[8] | AW1: dword | AX1: string[8] | AY1: dword | AZ1: string[8] | BA1: dword | BB1: string[8] | BC1: dword | BD1: string[8] | BE1: dword | BF1: string[8] | BG1: dword | BH1: string[8] | BI1: dword | BJ1: string[8] | BK1: dword | BL1: string[8] | BM1: dword | BN1: string[8] | BO1: dword | BP1: string[8] | BQ1: dword | BR1: string[8] | BS1: dword | BT1: string[8] | BU1: dword | BV1: END
A2: Code | B2: MakeMastery | C2: Civil | D2: Mat1 | E2: Dur1 | F2: Mat2 | G2: Dur2 | H2: Mat3 | I2: Dur3 | J2: Mat4 | K2: Dur4 | L2: Mat5 | M2: Dur5 | N2: ItemOut1 | O2: PdProp1 | P2: ItemOut2 | Q2: PdProp2 | R2: ItemOut3 | S2: PdProp3 | T2: ItemOut4 | U2: PdProp4 | V2: ItemOut5 | W2: PdProp5 | X2: ItemOut6 | Y2: PdProp6 | Z2: ItemOut7 | AA2: PdProp7 | AB2: ItemOut8 | AC2: PdProp8 | AD2: ItemOut9 | AE2: PdProp9 | AF2: ItemOut10 | AG2: PdProp10 | AH2: ItemOut11 | AI2: PdProp11 | AJ2: ItemOut12 | AK2: PdProp12 | AL2: ItemOut13 | AM2: PdProp13 | AN2: ItemOut14 | AO2: PdProp14 | AP2: ItemOut15 | AQ2: PdProp15 | AR2: ItemOut16 | AS2: PdProp16 | AT2: ItemOut17 | AU2: PdProp17 | AV2: ItemOut18 | AW2: PdProp18 | AX2: ItemOut19 | AY2: PdProp19 | AZ2: ItemOut20 | BA2: PdProp20 | BB2: ItemOut21 | BC2: PdProp21 | BD2: ItemOut22 | BE2: PdProp22 | BF2: ItemOut23 | BG2: PdProp23 | BH2: ItemOut24 | BI2: PdProp24 | BJ2: ItemOut25 | BK2: PdProp25 | BL2: ItemOut26 | BM2: PdProp26 | BN2: ItemOut27 | BO2: PdProp27 | BP2: ItemOut28 | BQ2: PdProp28 | BR2: ItemOut29 | BS2: PdProp29 | BT2: ItemOut30 | BU2: PdProp30
A3: iwkna01 | B3: 1 | C3: 11111000 | D3: irriu05 | E3: 1 | F3: 0 | G3: 0 | H3: 0 | I3: 0 | J3: 0 | K3: 0 | L3: iyyyy20 | M3: 1 | N3: iwkna01 | O3: 6530 | P3: iwkha01 | Q3: 165 | R3: iwkhb01 | S3: 165 | T3: iwkhc01 | U3: 165 | V3: iwkhd01 | W3: 165 | X3: iwkhe01 | Y3: 165 | Z3: iwkhf01 | AA3: 165 | AB3: iwkhg01 | AC3: 165 | AD3: iwkhh01 | AE3: 165 | AF3: iwkhi01 | AG3: 165 | AH3: iwkhj01 | AI3: 165 | AJ3: iwkhk01 | AK3: 165 | AL3: iwkhl01 | AM3: 165 | AN3: iwknb01 | AO3: 1490 | AP3: 0 | AQ3: 0 | AR3: 0 | AS3: 0 | AT3: 0 | AU3: 0 | AV3: 0 | AW3: 0 | AX3: 0 | AY3: 0 | AZ3: 0 | BA3: 0 | BB3: 0 | BC3: 0 | BD3: 0 | BE3: 0 | BF3: 0 | BG3: 0 | BH3: 0 | BI3: 0 | BJ3: 0 | BK3: 0 | BL3: 0 | BM3: 0 | BN3: 0 | BO3: 0 | BP3: 0 | BQ3: 0 | BR3: 0 | BS3: 0 | BT3: 0 | BU3: 0
A4: iwkna02 | B4: 1 | C4: 11111000 | D4: irriu05 | E4: 1 | F4: 0 | G4: 0 | H4: 0 | I4: 0 | J4: 0 | K4: 0 | L4: iyyyy20 | M4: 1 | N4: iwkna02 | O4: 6540 | P4: iwkha02 | Q4: 165 | R4: iwkhb02 | S4: 165 | T4: iwkhc02 | U4: 165 | V4: iwkhd02 | W4: 165 | X4: iwkhe02 | Y4: 165 | Z4: iwkhf02 | AA4: 165 | AB4: iwkhg02 | AC4: 165 | AD4: iwkhh02 | AE4: 165 | AF4: iwkhi02 | AG4: 165 | AH4: iwkhj02 | AI4: 165 | AJ4: iwkhk02 | AK4: 165 | AL4: iwkhl02 | AM4: 165 | AN4: iwknb02 | AO4: 1480 | AP4: 0 | AQ4: 0 | AR4: 0 | AS4: 0 | AT4: 0 | AU4: 0 | AV4: 0 | AW4: 0 | AX4: 0 | AY4: 0 | AZ4: 0 | BA4: 0 | BB4: 0 | BC4: 0 | BD4: 0 | BE4: 0 | BF4: 0 | BG4: 0 | BH4: 0 | BI4: 0 | BJ4: 0 | BK4: 0 | BL4: 0 | BM4: 0 | BN4: 0 | BO4: 0 | BP4: 0 | BQ4: 0 | BR4: 0 | BS4: 0 | BT4: 0 | BU4: 0
A5: iwkna03 | B5: 1 | C5: 11111000 | D5: irriu05 | E5: 1 | F5: 0 | G5: 0 | H5: 0 | I5: 0 | J5: 0 | K5: 0 | L5: iyyyy20 | M5: 2 | N5: iwkna03 | O5: 6562 | P5: iwkha03 | Q5: 164 | R5: iwkhb03 | S5: 164 | T5: iwkhc03 | U5: 164 | V5: iwkhd03 | W5: 164 | X5: iwkhe03 | Y5: 164 | Z5: iwkhf03 | AA5: 164 | AB5: iwkhg03 | AC5: 164 | AD5: iwkhh03 | AE5: 164 | AF5: iwkhi03 | AG5: 164 | AH5: iwkhj03 | AI5: 164 | AJ5: iwkhk03 | AK5: 164 | AL5: iwkhl03 | AM5: 164 | AN5: iwknb03 | AO5: 1470 | AP5: 0 | AQ5: 0 | AR5: 0 | AS5: 0 | AT5: 0 | AU5: 0 | AV5: 0 | AW5: 0 | AX5: 0 | AY5: 0 | AZ5: 0 | BA5: 0 | BB5: 0 | BC5: 0 | BD5: 0 | BE5: 0 | BF5: 0 | BG5: 0 | BH5: 0 | BI5: 0 | BJ5: 0 | BK5: 0 | BL5: 0 | BM5: 0 | BN5: 0 | BO5: 0 | BP5: 0 | BQ5: 0 | BR5: 0 | BS5: 0 | BT5: 0 | BU5: 0
A6: iwkna05 | B6: 1 | C6: 11111000 | D6: irriu05 | E6: 1 | F6: 0 | G6: 0 | H6: 0 | I6: 0 | J6: 0 | K6: 0 | L6: iyyyy20 | M6: 4 | N6: iwkna05 | O6: 6606 | P6: iwkha05 | Q6: 162 | R6: iwkhb05 | S6: 162 | T6: iwkhc05 | U6: 162 | V6: iwkhd05 | W6: 162 | X6: iwkhe05 | Y6: 162 | Z6: iwkhf05 | AA6: 162 | AB6: iwkhg05 | AC6: 162 | AD6: iwkhh05 | AE6: 162 | AF6: iwkhi05 | AG6: 162 | AH6: iwkhj05 | AI6: 162 | AJ6: iwkhk05 | AK6: 162 | AL6: iwkhl05 | AM6: 162 | AN6: iwknb05 | AO6: 1450 | AP6: 0 | AQ6: 0 | AR6: 0 | AS6: 0 | AT6: 0 | AU6: 0 | AV6: 0 | AW6: 0 | AX6: 0 | AY6: 0 | AZ6: 0 | BA6: 0 | BB6: 0 | BC6: 0 | BD6: 0 | BE6: 0 | BF6: 0 | BG6: 0 | BH6: 0 | BI6: 0 | BJ6: 0 | BK6: 0 | BL6: 0 | BM6: 0 | BN6: 0 | BO6: 0 | BP6: 0 | BQ6: 0 | BR6: 0 | BS6: 0 | BT6: 0 | BU6: 0
A7: iwswa01 | B7: 1 | C7: 11111000 | D7: irriu05 | E7: 1 | F7: 0 | G7: 0 | H7: 0 | I7: 0 | J7: 0 | K7: 0 | L7: iyyyy20 | M7: 1 | N7: iwswa01 | O7: 6530 | P7: iwsha01 | Q7: 165 | R7: iwshb01 | S7: 165 | T7: iwshc01 | U7: 165 | V7: iwshd01 | W7: 165 | X7: iwshe01 | Y7: 165 | Z7: iwshf01 | AA7: 165 | AB7: iwshg01 | AC7: 165 | AD7: iwshh01 | AE7: 165 | AF7: iwshi01 | AG7: 165 | AH7: iwshj01 | AI7: 165 | AJ7: iwshk01 | AK7: 165 | AL7: iwshl01 | AM7: 165 | AN7: iwswb01 | AO7: 1490 | AP7: 0 | AQ7: 0 | AR7: 0 | AS7: 0 | AT7: 0 | AU7: 0 | AV7: 0 | AW7: 0 | AX7: 0 | AY7: 0 | AZ7: 0 | BA7: 0 | BB7: 0 | BC7: 0 | BD7: 0 | BE7: 0 | BF7: 0 | BG7: 0 | BH7: 0 | BI7: 0 | BJ7: 0 | BK7: 0 | BL7: 0 | BM7: 0 | BN7: 0 | BO7: 0 | BP7: 0 | BQ7: 0 | BR7: 0 | BS7: 0 | BT7: 0 | BU7: 0
A8: iwswa02 | B8: 1 | C8: 11111000 | D8: irriu05 | E8: 1 | F8: 0 | G8: 0 | H8: 0 | I8: 0 | J8: 0 | K8: 0 | L8: iyyyy20 | M8: 2 | N8: iwswa02 | O8: 6540 | P8: iwsha02 | Q8: 165 | R8: iwshb02 | S8: 165 | T8: iwshc02 | U8: 165 | V8: iwshd02 | W8: 165 | X8: iwshe02 | Y8: 165 | Z8: iwshf02 | AA8: 165 | AB8: iwshg02 | AC8: 165 | AD8: iwshh02 | AE8: 165 | AF8: iwshi02 | AG8: 165 | AH8: iwshj02 | AI8: 165 | AJ8: iwshk02 | AK8: 165 | AL8: iwshl02 | AM8: 165 | AN8: iwswb02 | AO8: 1480 | AP8: 0 | AQ8: 0 | AR8: 0 | AS8: 0 | AT8: 0 | AU8: 0 | AV8: 0 | AW8: 0 | AX8: 0 | AY8: 0 | AZ8: 0 | BA8: 0 | BB8: 0 | BC8: 0 | BD8: 0 | BE8: 0 | BF8: 0 | BG8: 0 | BH8: 0 | BI8: 0 | BJ8: 0 | BK8: 0 | BL8: 0 | BM8: 0 | BN8: 0 | BO8: 0 | BP8: 0 | BQ8: 0 | BR8: 0 | BS8: 0 | BT8: 0 | BU8: 0
A9: iwswa03 | B9: 1 | C9: 11111000 | D9: irriu05 | E9: 1 | F9: 0 | G9: 0 | H9: 0 | I9: 0 | J9: 0 | K9: 0 | L9: iyyyy20 | M9: 3 | N9: iwswa03 | O9: 6562 | P9: iwsha03 | Q9: 164 | R9: iwshb03 | S9: 164 | T9: iwshc03 | U9: 164 | V9: iwshd03 | W9: 164 | X9: iwshe03 | Y9: 164 | Z9: iwshf03 | AA9: 164 | AB9: iwshg03 | AC9: 164 | AD9: iwshh03 | AE9: 164 | AF9: iwshi03 | AG9: 164 | AH9: iwshj03 | AI9: 164 | AJ9: iwshk03 | AK9: 164 | AL9: iwshl03 | AM9: 164 | AN9: iwswb03 | AO9: 1470 | AP9: 0 | AQ9: 0 | AR9: 0 | AS9: 0 | AT9: 0 | AU9: 0 | AV9: 0 | AW9: 0 | AX9: 0 | AY9: 0 | AZ9: 0 | BA9: 0 | BB9: 0 | BC9: 0 | BD9: 0 | BE9: 0 | BF9: 0 | BG9: 0 | BH9: 0 | BI9: 0 | BJ9: 0 | BK9: 0 | BL9: 0 | BM9: 0 | BN9: 0 | BO9: 0 | BP9: 0 | BQ9: 0 | BR9: 0 | BS9: 0 | BT9: 0 | BU9: 0
A10: iwswa05 | B10: 1 | C10: 11111000 | D10: irriu05 | E10: 1 | F10: 0 | G10: 0 | H10: 0 | I10: 0 | J10: 0 | K10: 0 | L10: iyyyy20 | M10: 5 | N10: iwswa05 | O10: 6606 | P10: iwsha05 | Q10: 162 | R10: iwshb05 | S10: 162 | T10: iwshc05 | U10: 162 | V10: iwshd05 | W10: 162 | X10: iwshe05 | Y10: 162 | Z10: iwshf05 | AA10: 162 | AB10: iwshg05 | AC10: 162 | AD10: iwshh05 | AE10: 162 | AF10: iwshi05 | AG10: 162 | AH10: iwshj05 | AI10: 162 | AJ10: iwshk05 | AK10: 162 | AL10: iwshl05 | AM10: 162 | AN10: iwswb05 | AO10: 1450 | AP10: 0 | AQ10: 0 | AR10: 0 | AS10: 0 | AT10: 0 | AU10: 0 | AV10: 0 | AW10: 0 | AX10: 0 | AY10: 0 | AZ10: 0 | BA10: 0 | BB10: 0 | BC10: 0 | BD10: 0 | BE10: 0 | BF10: 0 | BG10: 0 | BH10: 0 | BI10: 0 | BJ10: 0 | BK10: 0 | BL10: 0 | BM10: 0 | BN10: 0 | BO10: 0 | BP10: 0 | BQ10: 0 | BR10: 0 | BS10: 0 | BT10: 0 | BU10: 0
A11: iwaxa01 | B11: 1 | C11: 11111000 | D11: irriu05 | E11: 1 | F11: 0 | G11: 0 | H11: 0 | I11: 0 | J11: 0 | K11: 0 | L11: iyyyy20 | M11: 1 | N11: iwaxa01 | O11: 6530 | P11: iwxha01 | Q11: 165 | R11: iwxhb01 | S11: 165 | T11: iwxhc01 | U11: 165 | V11: iwxhd01 | W11: 165 | X11: iwxhe01 | Y11: 165 | Z11: iwxhf01 | AA11: 165 | AB11: iwxhg01 | AC11: 165 | AD11: iwxhh01 | AE11: 165 | AF11: iwxhi01 | AG11: 165 | AH11: iwxhj01 | AI11: 165 | AJ11: iwxhk01 | AK11: 165 | AL11: iwxhl01 | AM11: 165 | AN11: iwaxb01 | AO11: 1490 | AP11: 0 | AQ11: 0 | AR11: 0 | AS11: 0 | AT11: 0 | AU11: 0 | AV11: 0 | AW11: 0 | AX11: 0 | AY11: 0 | AZ11: 0 | BA11: 0 | BB11: 0 | BC11: 0 | BD11: 0 | BE11: 0 | BF11: 0 | BG11: 0 | BH11: 0 | BI11: 0 | BJ11: 0 | BK11: 0 | BL11: 0 | BM11: 0 | BN11: 0 | BO11: 0 | BP11: 0 | BQ11: 0 | BR11: 0 | BS11: 0 | BT11: 0 | BU11: 0
A12: iwaxa02 | B12: 1 | C12: 11111000 | D12: irriu05 | E12: 1 | F12: 0 | G12: 0 | H12: 0 | I12: 0 | J12: 0 | K12: 0 | L12: iyyyy20 | M12: 2 | N12: iwaxa02 | O12: 6540 | P12: iwxha02 | Q12: 165 | R12: iwxhb02 | S12: 165 | T12: iwxhc02 | U12: 165 | V12: iwxhd02 | W12: 165 | X12: iwxhe02 | Y12: 165 | Z12: iwxhf02 | AA12: 165 | AB12: iwxhg02 | AC12: 165 | AD12: iwxhh02 | AE12: 165 | AF12: iwxhi02 | AG12: 165 | AH12: iwxhj02 | AI12: 165 | AJ12: iwxhk02 | AK12: 165 | AL12: iwxhl02 | AM12: 165 | AN12: iwaxb02 | AO12: 1480 | AP12: 0 | AQ12: 0 | AR12: 0 | AS12: 0 | AT12: 0 | AU12: 0 | AV12: 0 | AW12: 0 | AX12: 0 | AY12: 0 | AZ12: 0 | BA12: 0 | BB12: 0 | BC12: 0 | BD12: 0 | BE12: 0 | BF12: 0 | BG12: 0 | BH12: 0 | BI12: 0 | BJ12: 0 | BK12: 0 | BL12: 0 | BM12: 0 | BN12: 0 | BO12: 0 | BP12: 0 | BQ12: 0 | BR12: 0 | BS12: 0 | BT12: 0 | BU12: 0
A13: iwaxa03 | B13: 1 | C13: 11111000 | D13: irriu05 | E13: 1 | F13: 0 | G13: 0 | H13: 0 | I13: 0 | J13: 0 | K13: 0 | L13: iyyyy20 | M13: 2 | N13: iwaxa03 | O13: 6562 | P13: iwxha03 | Q13: 164 | R13: iwxhb03 | S13: 164 | T13: iwxhc03 | U13: 164 | V13: iwxhd03 | W13: 164 | X13: iwxhe03 | Y13: 164 | Z13: iwxhf03 | AA13: 164 | AB13: iwxhg03 | AC13: 164 | AD13: iwxhh03 | AE13: 164 | AF13: iwxhi03 | AG13: 164 | AH13: iwxhj03 | AI13: 164 | AJ13: iwxhk03 | AK13: 164 | AL13: iwxhl03 | AM13: 164 | AN13: iwaxb03 | AO13: 1470 | AP13: 0 | AQ13: 0 | AR13: 0 | AS13: 0 | AT13: 0 | AU13: 0 | AV13: 0 | AW13: 0 | AX13: 0 | AY13: 0 | AZ13: 0 | BA13: 0 | BB13: 0 | BC13: 0 | BD13: 0 | BE13: 0 | BF13: 0 | BG13: 0 | BH13: 0 | BI13: 0 | BJ13: 0 | BK13: 0 | BL13: 0 | BM13: 0 | BN13: 0 | BO13: 0 | BP13: 0 | BQ13: 0 | BR13: 0 | BS13: 0 | BT13: 0 | BU13: 0
A14: iwaxa05 | B14: 1 | C14: 11111000 | D14: irriu05 | E14: 1 | F14: 0 | G14: 0 | H14: 0 | I14: 0 | J14: 0 | K14: 0 | L14: iyyyy20 | M14: 6 | N14: iwaxa05 | O14: 6606 | P14: iwxha05 | Q14: 162 | R14: iwxhb05 | S14: 162 | T14: iwxhc05 | U14: 162 | V14: iwxhd05 | W14: 162 | X14: iwxhe05 | Y14: 162 | Z14: iwxhf05 | AA14: 162 | AB14: iwxhg05 | AC14: 162 | AD14: iwxhh05 | AE14: 162 | AF14: iwxhi05 | AG14: 162 | AH14: iwxhj05 | AI14: 162 | AJ14: iwxhk05 | AK14: 162 | AL14: iwxhl05 | AM14: 162 | AN14: iwaxb05 | AO14: 1450 | AP14: 0 | AQ14: 0 | AR14: 0 | AS14: 0 | AT14: 0 | AU14: 0 | AV14: 0 | AW14: 0 | AX14: 0 | AY14: 0 | AZ14: 0 | BA14: 0 | BB14: 0 | BC14: 0 | BD14: 0 | BE14: 0 | BF14: 0 | BG14: 0 | BH14: 0 | BI14: 0 | BJ14: 0 | BK14: 0 | BL14: 0 | BM14: 0 | BN14: 0 | BO14: 0 | BP14: 0 | BQ14: 0 | BR14: 0 | BS14: 0 | BT14: 0 | BU14: 0
... A1222: ibfir66 | B1222: 89 | C1222: 00001000 | D1222: iyyyy05 | E1222: 25 | F1222: 0 | G1222: 0 | H1222: 0 | I1222: 0 | J1222: 0 | K1222: 0 | L1222: 0 | M1222: 0 | N1222: ibfir66 | O1222: 10000 | P1222: 0 | Q1222: 0 | R1222: 0 | S1222: 0 | T1222: 0 | U1222: 0 | V1222: 0 | W1222: 0 | X1222: 0 | Y1222: 0 | Z1222: 0 | AA1222: 0 | AB1222: 0 | AC1222: 0 | AD1222: 0 | AE1222: 0 | AF1222: 0 | AG1222: 0 | AH1222: 0 | AI1222: 0 | AJ1222: 0 | AK1222: 0 | AL1222: 0 | AM1222: 0 | AN1222: 0 | AO1222: 0 | AP1222: 0 | AQ1222: 0 | AR1222: 0 | AS1222: 0 | AT1222: 0 | AU1222: 0 | AV1222: 0 | AW1222: 0 | AX1222: 0 | AY1222: 0 | AZ1222: 0 | BA1222: 0 | BB1222: 0 | BC1222: 0 | BD1222: 0 | BE1222: 0 | BF1222: 0 | BG1222: 0 | BH1222: 0 | BI1222: 0 | BJ1222: 0 | BK1222: 0 | BL1222: 0 | BM1222: 0 | BN1222: 0 | BO1222: 0 | BP1222: 0 | BQ1222: 0 | BR1222: 0 | BS1222: 0 | BT1222: 0 | BU1222: 0

Sheet 44decrypt
A1: custom | B1: custom | C1: custom | D1: byte | E1: stb | F1: custom | G1: dword | H1: custom | I1: dword | J1: custom | K1: dword | L1: custom | M1: dword | N1: custom | O1: dword | P1: dword | Q1: END
A2: =ItemMakeData!A2 -> Code | B2: ToolType | C2: TabType | D2: =ItemMakeData!B2 -> MakeMastery | E2: =ItemMakeData!C2 -> Civil | F2: =ItemMakeData!D2 -> Mat1 | G2: =ItemMakeData!E2 -> Dur1 | H2: =ItemMakeData!F2 -> Mat2 | I2: =ItemMakeData!G2 -> Dur2 | J2: =ItemMakeData!H2 -> Mat3 | K2: =ItemMakeData!I2 -> Dur3 | ... O2: =ItemMakeData!M2 -> Dur5 | P2: hz
A3: =ItemMakeData!A3 -> iwkna01 | B3: DEFAULT | C3: DEFAULT | D3: =ItemMakeData!B3 -> 1 | E3: =ItemMakeData!C3 -> 11111 | F3: =ItemMakeData!D3 -> irriu05 | G3: =ItemMakeData!E3 -> 1 | H3: =ItemMakeData!F3 -> 0 | I3: =ItemMakeData!G3 -> 0 | J3: =ItemMakeData!H3 -> 0 | K3: =ItemMakeData!I3 -> 0 | ... O3: =ItemMakeData!M3 -> 1 | P3: 0 | S3: WEAPON | T3: KNIFE | U3: BFIREARM | V3: HELMET
A4: =ItemMakeData!A4 -> iwkna02 | B4: DEFAULT | C4: DEFAULT | D4: =ItemMakeData!B4 -> 1 | E4: =ItemMakeData!C4 -> 11111 | F4: =ItemMakeData!D4 -> irriu05 | G4: =ItemMakeData!E4 -> 1 | H4: =ItemMakeData!F4 -> 0 | I4: =ItemMakeData!G4 -> 0 | J4: =ItemMakeData!H4 -> 0 | K4: =ItemMakeData!I4 -> 0 | ... O4: =ItemMakeData!M4 -> 1 | P4: 0 | S4: AMMO | T4: SWORD | U4: BBOW | V4: UPPER
A5: =ItemMakeData!A5 -> iwkna03 | B5: DEFAULT | C5: DEFAULT | D5: =ItemMakeData!B5 -> 1 | E5: =ItemMakeData!C5 -> 11111 | F5: =ItemMakeData!D5 -> irriu05 | G5: =ItemMakeData!E5 -> 1 | H5: =ItemMakeData!F5 -> 0 | I5: =ItemMakeData!G5 -> 0 | J5: =ItemMakeData!H5 -> 0 | K5: =ItemMakeData!I5 -> 0 | ... O5: =ItemMakeData!M5 -> 2 | P5: 0 | S5: ARMOUR | T5: AXE | V5: LOWER
A6: =ItemMakeData!A6 -> iwkna05 | B6: DEFAULT | C6: DEFAULT | D6: =ItemMakeData!B6 -> 1 | E6: =ItemMakeData!C6 -> 11111 | F6: =ItemMakeData!D6 -> irriu05 | G6: =ItemMakeData!E6 -> 1 | H6: =ItemMakeData!F6 -> 0 | I6: =ItemMakeData!G6 -> 0 | J6: =ItemMakeData!H6 -> 0 | K6: =ItemMakeData!I6 -> 0 | ... O6: =ItemMakeData!M6 -> 4 | P6: 0 | S6: DEFAULT | T6: MACE | V6: GLOWES
A7: =ItemMakeData!A7 -> iwswa01 | B7: DEFAULT | C7: DEFAULT | D7: =ItemMakeData!B7 -> 1 | E7: =ItemMakeData!C7 -> 11111 | F7: =ItemMakeData!D7 -> irriu05 | G7: =ItemMakeData!E7 -> 1 | H7: =ItemMakeData!F7 -> 0 | I7: =ItemMakeData!G7 -> 0 | J7: =ItemMakeData!H7 -> 0 | K7: =ItemMakeData!I7 -> 0 | ... O7: =ItemMakeData!M7 -> 1 | P7: 0 | T7: STAFF | V7: SHOES
A8: =ItemMakeData!A8 -> iwswa02 | B8: DEFAULT | C8: DEFAULT | D8: =ItemMakeData!B8 -> 1 | E8: =ItemMakeData!C8 -> 11111 | F8: =ItemMakeData!D8 -> irriu05 | G8: =ItemMakeData!E8 -> 1 | H8: =ItemMakeData!F8 -> 0 | I8: =ItemMakeData!G8 -> 0 | J8: =ItemMakeData!H8 -> 0 | K8: =ItemMakeData!I8 -> 0 | ... O8: =ItemMakeData!M8 -> 2 | P8: 0 | T8: SPEAR
A9: =ItemMakeData!A9 -> iwswa03 | B9: DEFAULT | C9: DEFAULT | D9: =ItemMakeData!B9 -> 1 | E9: =ItemMakeData!C9 -> 11111 | F9: =ItemMakeData!D9 -> irriu05 | G9: =ItemMakeData!E9 -> 1 | H9: =ItemMakeData!F9 -> 0 | I9: =ItemMakeData!G9 -> 0 | J9: =ItemMakeData!H9 -> 0 | K9: =ItemMakeData!I9 -> 0 | ... O9: =ItemMakeData!M9 -> 3 | P9: 0 | T9: BOW
A10: =ItemMakeData!A10 -> iwswa05 | B10: DEFAULT | C10: DEFAULT | D10: =ItemMakeData!B10 -> 1 | E10: =ItemMakeData!C10 -> 11111 | F10: =ItemMakeData!D10 -> irriu05 | G10: =ItemMakeData!E10 -> 1 | H10: =ItemMakeData!F10 -> 0 | I10: =ItemMakeData!G10 -> 0 | J10: =ItemMakeData!H10 -> 0 | K10: =ItemMakeData!I10 -> 0 | ... O10: =ItemMakeData!M10 -> 5 | P10: 0 | T10: FIREARM
A11: =ItemMakeData!A11 -> iwaxa01 | B11: DEFAULT | C11: DEFAULT | D11: =ItemMakeData!B11 -> 1 | E11: =ItemMakeData!C11 -> 11111 | F11: =ItemMakeData!D11 -> irriu05 | G11: =ItemMakeData!E11 -> 1 | H11: =ItemMakeData!F11 -> 0 | I11: =ItemMakeData!G11 -> 0 | J11: =ItemMakeData!H11 -> 0 | K11: =ItemMakeData!I11 -> 0 | ... O11: =ItemMakeData!M11 -> 1 | P11: 0 | T11: SHIELD
A12: =ItemMakeData!A12 -> iwaxa02 | B12: DEFAULT | C12: DEFAULT | D12: =ItemMakeData!B12 -> 1 | E12: =ItemMakeData!C12 -> 11111 | F12: =ItemMakeData!D12 -> irriu05 | G12: =ItemMakeData!E12 -> 1 | H12: =ItemMakeData!F12 -> 0 | I12: =ItemMakeData!G12 -> 0 | J12: =ItemMakeData!H12 -> 0 | K12: =ItemMakeData!I12 -> 0 | ... O12: =ItemMakeData!M12 -> 2 | P12: 0
A13: =ItemMakeData!A13 -> iwaxa03 | B13: DEFAULT | C13: DEFAULT | D13: =ItemMakeData!B13 -> 1 | E13: =ItemMakeData!C13 -> 11111 | F13: =ItemMakeData!D13 -> irriu05 | G13: =ItemMakeData!E13 -> 1 | H13: =ItemMakeData!F13 -> 0 | I13: =ItemMakeData!G13 -> 0 | J13: =ItemMakeData!H13 -> 0 | K13: =ItemMakeData!I13 -> 0 | ... O13: =ItemMakeData!M13 -> 2 | P13: 0
A14: =ItemMakeData!A14 -> iwaxa05 | B14: DEFAULT | C14: DEFAULT | D14: =ItemMakeData!B14 -> 1 | E14: =ItemMakeData!C14 -> 11111 | F14: =ItemMakeData!D14 -> irriu05 | G14: =ItemMakeData!E14 -> 1 | H14: =ItemMakeData!F14 -> 0 | I14: =ItemMakeData!G14 -> 0 | J14: =ItemMakeData!H14 -> 0 | K14: =ItemMakeData!I14 -> 0 | ... O14: =ItemMakeData!M14 -> 6 | P14: 0
A15: =ItemMakeData!A15 -> iwmaa01 | B15: DEFAULT | C15: DEFAULT | D15: =ItemMakeData!B15 -> 1 | E15: =ItemMakeData!C15 -> 11111 | F15: =ItemMakeData!D15 -> irriu05 | G15: =ItemMakeData!E15 -> 1 | H15: =ItemMakeData!F15 -> 0 | I15: =ItemMakeData!G15 -> 0 | J15: =ItemMakeData!H15 -> 0 | K15: =ItemMakeData!I15 -> 0 | ... O15: =ItemMakeData!M15 -> 1 | P15: 0
A16: =ItemMakeData!A16 -> iwmaa02 | B16: DEFAULT | C16: DEFAULT | D16: =ItemMakeData!B16 -> 1 | E16: =ItemMakeData!C16 -> 11111 | F16: =ItemMakeData!D16 -> irriu05 | G16: =ItemMakeData!E16 -> 1 | H16: =ItemMakeData!F16 -> 0 | I16: =ItemMakeData!G16 -> 0 | J16: =ItemMakeData!H16 -> 0 | K16: =ItemMakeData!I16 -> 0 | ... O16: =ItemMakeData!M16 -> 1 | P16: 0
A17: =ItemMakeData!A17 -> iwmaa03 | B17: DEFAULT | C17: DEFAULT | D17: =ItemMakeData!B17 -> 1 | E17: =ItemMakeData!C17 -> 11111 | F17: =ItemMakeData!D17 -> irriu05 | G17: =ItemMakeData!E17 -> 1 | H17: =ItemMakeData!F17 -> 0 | I17: =ItemMakeData!G17 -> 0 | J17: =ItemMakeData!H17 -> 0 | K17: =ItemMakeData!I17 -> 0 | ... O17: =ItemMakeData!M17 -> 2 | P17: 0
A18: =ItemMakeData!A18 -> iwmaa05 | B18: DEFAULT | C18: DEFAULT | D18: =ItemMakeData!B18 -> 1 | E18: =ItemMakeData!C18 -> 11111 | F18: =ItemMakeData!D18 -> irriu05 | G18: =ItemMakeData!E18 -> 1 | H18: =ItemMakeData!F18 -> 0 | I18: =ItemMakeData!G18 -> 0 | J18: =ItemMakeData!H18 -> 0 | K18: =ItemMakeData!I18 -> 0 | ... O18: =ItemMakeData!M18 -> 5 | P18: 0
A19: =ItemMakeData!A19 -> iwsta01 | B19: DEFAULT | C19: DEFAULT | D19: =ItemMakeData!B19 -> 1 | E19: =ItemMakeData!C19 -> 11110 | F19: =ItemMakeData!D19 -> irriu01 | G19: =ItemMakeData!E19 -> 1 | H19: =ItemMakeData!F19 -> 0 | I19: =ItemMakeData!G19 -> 0 | J19: =ItemMakeData!H19 -> 0 | K19: =ItemMakeData!I19 -> 0 | ... O19: =ItemMakeData!M19 -> 3 | P19: 0
A20: =ItemMakeData!A20 -> iwsta02 | B20: DEFAULT | C20: DEFAULT | D20: =ItemMakeData!B20 -> 1 | E20: =ItemMakeData!C20 -> 11110 | F20: =ItemMakeData!D20 -> irriu01 | G20: =ItemMakeData!E20 -> 1 | H20: =ItemMakeData!F20 -> 0 | I20: =ItemMakeData!G20 -> 0 | J20: =ItemMakeData!H20 -> 0 | K20: =ItemMakeData!I20 -> 0 | ... O20: =ItemMakeData!M20 -> 3 | P20: 0
A21: =ItemMakeData!A21 -> iwsta03 | B21: DEFAULT | C21: DEFAULT | D21: =ItemMakeData!B21 -> 1 | E21: =ItemMakeData!C21 -> 11110 | F21: =ItemMakeData!D21 -> irriu01 | G21: =ItemMakeData!E21 -> 1 | H21: =ItemMakeData!F21 -> 0 | I21: =ItemMakeData!G21 -> 0 | J21: =ItemMakeData!H21 -> 0 | K21: =ItemMakeData!I21 -> 0 | ... O21: =ItemMakeData!M21 -> 4 | P21: 0
A22: =ItemMakeData!A22 -> iwsta05 | B22: DEFAULT | C22: DEFAULT | D22: =ItemMakeData!B22 -> 1 | E22: =ItemMakeData!C22 -> 11110 | F22: =ItemMakeData!D22 -> irriu01 | G22: =ItemMakeData!E22 -> 1 | H22: =ItemMakeData!F22 -> 0 | I22: =ItemMakeData!G22 -> 0 | J22: =ItemMakeData!H22 -> 0 | K22: =ItemMakeData!I22 -> 0 | ... O22: =ItemMakeData!M22 -> 17 | P22: 0
A23: =ItemMakeData!A23 -> iwspa01 | B23: DEFAULT | C23: DEFAULT | D23: =ItemMakeData!B23 -> 1 | E23: =ItemMakeData!C23 -> 11111 | F23: =ItemMakeData!D23 -> irriu05 | G23: =ItemMakeData!E23 -> 1 | H23: =ItemMakeData!F23 -> 0 | I23: =ItemMakeData!G23 -> 0 | J23: =ItemMakeData!H23 -> 0 | K23: =ItemMakeData!I23 -> 0 | ... O23: =ItemMakeData!M23 -> 1 | P23: 0
... A1222: =ItemMakeData!A1222 -> ibfir66 | B1222: DEFAULT | C1222: DEFAULT | D1222: =ItemMakeData!B1222 -> 89 | E1222: =ItemMakeData!C1222 -> 00001 | F1222: =ItemMakeData!D1222 -> iyyyy05 | G1222: =ItemMakeData!E1222 -> 25 | H1222: =ItemMakeData!F1222 -> iyyyy11 | I1222: =ItemMakeData!G1222 -> 1 | J1222: =ItemMakeData!H1222 -> 0 | K1222: =ItemMakeData!I1222 -> 0 | ... O1222: =ItemMakeData!M1222 -> 0 | P1222: 0

Sheet 44desc
A1: dword | B1: text | C1: END
A2: Count | B2: Desc
