Workbook

Sheet BulletItemEffect
A1: string[64] | B1: dword | C1: dword | D1: dword | E1: string[64] | F1: string[64] | G1: string[64] | H1: string[64] | I1: dword | J1: dword | K1: dword | L1: string[64] | M1: string[64] | N1: string[64] | O1: dword | P1: string[64] | Q1: dword | R1: dword | S1: dword | T1: dword | U1: dword | V1: dword | W1: string[8] | X1: dword | Y1: string[8] | Z1: dword | AA1: string[8] | AB1: dword | AC1: float | AD1: dword | AE1: dword | AF1: dword | AG1: string[64] | AH1: dword | AI1: dword | AJ1: dword | AK1: dword | AL1: dword | AM1: dword | AN1: dword | AO1: dword | AP1: dword | AQ1: dword | AR1: dword | AS1: dword | AT1: dword | AU1: dword | AV1: dword | AW1: float | AX1: dword | AY1: dword | AZ1: string[64] | BA1: dword | BB1: dword | BC1: float | BD1: float | BE1: float | BF1: float | BG1: float | BH1: float | BI1: float | BJ1: dword | BK1: dword | BL1: dword | BM1: dword | BN1: dword | BO1: dword | BP1: float | BQ1: float | BR1: float | BS1: float | BT1: float | BU1: float | BV1: float | BW1: dword | BX1: dword | BY1: float | BZ1: float | CA1: float | CB1: float | CC1: float | CD1: float | CE1: float | CF1: dword | CG1: dword | CH1: float | CI1: float | CJ1: float | CK1: float | CL1: float | CM1: float | CN1: float | CO1: dword | CP1: dword | CQ1: float | CR1: float | CS1: float | CT1: float | CU1: float | CV1: float | CW1: float | CX1: dword | CY1: dword | CZ1: float | DA1: float | DB1: float | DC1: float | DD1: float | DE1: float | DF1: float | DG1: dword | DH1: dword | DI1: dword | DJ1: dword | DK1: dword | DL1: dword | DM1: dword | DN1: dword | DO1: float | DP1: float | DQ1: float | DR1: float | DS1: dword | DT1: END
A2: Code | B2: Class | C2: Icon | D2: MastIndex | E2: MastKorName | F2: MastEngName | G2: KorName | H2: EngName | I2: Lv | J2: IsActive | K2: IsEnable | L2: UsableRace | M2: ActableDst | N2: GradeLimit | O2: NeedMastIndex | P2: FixWeapon | Q2: IsFixShield | R2: SpecialType | S2: NeedSpecialType | T2: NeedHP | U2: NeedFP | V2: NeedSP | W2: NeedItemCode1 | X2: NeedItemCount1 | Y2: NeedItemCode2 | Z2: NeedItemCount2 | AA2: NeedItemCode3 | AB2: NeedItemCount3 | AC2: ActDealy | AD2: IsCumulType | AE2: CumulCounter | AF2: NewEffCOunt | AG2: EffectCode | AH2: Attackable | AI2: AttType1 | AJ2: AttType2 | AK2: AttType3 | AL2: AttType4 | AM2: AttType5 | AN2: AttType6 | AO2: AttType7 | AP2: AttConstant1 | AQ2: AttConstant2 | AR2: AttConstant3 | AS2: AttConstant4 | AT2: AttConstant5 | AU2: AttConstant6 | AV2: AttConstant7 | AW2: AttFormulaConstant | AX2: AttNeedBt | AY2: BonusDistance | AZ2: RangeEffCode | BA2: TempEffectType | BB2: TempParamCode | BC2: TempValue1 | BD2: TempValue2 | BE2: TempValue3 | BF2: TempValue4 | BG2: TempValue5 | BH2: TempValue6 | BI2: TempValue7 | BJ2: ContEffectType | BK2: EffLimType | BL2: EffLimType2 | BM2: ContAreaType | BN2: ContParamCode1 | BO2: ContParamIndex1 | BP2: ContValue1_1 | BQ2: ContValue1_2 | BR2: ContValue1_3 | BS2: ContValue1_4 | BT2: ContValue1_5 | BU2: ContValue1_6 | BV2: ContValue1_7 | BW2: ContParamCode2 | BX2: ContParamIndex2 | BY2: ContValue2_1 | BZ2: ContValue2_2 | CA2: ContValue2_3 | CB2: ContValue2_4 | CC2: ContValue2_5 | CD2: ContValue2_6 | CE2: ContValue2_7 | CF2: ContParamCode3 | CG2: ContParamIndex3 | CH2: ContValue3_1 | CI2: ContValue3_2 | CJ2: ContValue3_3 | CK2: ContValue3_4 | CL2: ContValue3_5 | CM2: ContValue3_6 | CN2: ContValue3_7 | CO2: ContParamCode4 | CP2: ContParamIndex4 | CQ2: ContValue4_1 | CR2: ContValue4_2 | CS2: ContValue4_3 | CT2: ContValue4_4 | CU2: ContValue4_5 | CV2: ContValue4_6 | CW2: ContValue4_7 | CX2: ContParamCode5 | CY2: ContParamIndex5 | CZ2: ContValue5_1 | DA2: ContValue5_2 | DB2: ContValue5_3 | DC2: ContValue5_4 | DD2: ContValue5_5 | DE2: ContValue5_6 | DF2: ContValue5_7 | DG2: ContEffSec1 | DH2: ContEffSec2 | DI2: ContEffSec3 | DJ2: ContEffSec4 | DK2: ContEffSec5 | DL2: ContEffSec6 | DM2: ContEffSec7 | DN2: Etc | DO2: 1_2speed | DP2: 1_2distance | DQ2: 2_3speed | DR2: 2_3distance | DS2: EffectClass
A3: 1 | B3: 1 | C3: 101 | D3: -1 | E3: -1 | F3: -1 | G3: Decrease defense ability of targDefense ability is decreased | H3: 0 | I3: 0 | J3: 1 | K3: 1 | L3: 000010 | M3: 00110 | N3: 100000000000 | O3: -1 | P3: 1111111111111111 | Q3: 0 | R3: -1 | S3: -1 | T3: 0 | U3: 0 | V3: 0 | W3: -1 | X3: 1 | Y3: -1 | Z3: -1 | AA3: -1 | AB3: -1 | AC3: 0 | AD3: 0 | AE3: -1 | AF3: -1 | AG3: -1 | AH3: 0 | AI3: 8 | AJ3: 8 | AK3: 8 | AL3: 8 | AM3: 8 | AN3: 8 | AO3: 8 | AP3: 0 | AQ3: 0 | AR3: 0 | AS3: 0 | AT3: 0 | AU3: 0 | AV3: 0 | AW3: 0 | AX3: 1 | AY3: 0 | AZ3: -1 | BA3: -1 | BB3: -1 | BC3: -1 | BD3: -1 | BE3: -1 | BF3: -1 | BG3: -1 | BH3: -1 | BI3: -1 | BJ3: 0 | BK3: -1 | BL3: -1 | BM3: 0 | BN3: 0 | BO3: 6 | BP3: -0.5 | BQ3: -0.5 | BR3: -0.5 | BS3: -0.5 | BT3: -0.5 | BU3: -0.5 | BV3: -0.5 | BW3: -1 | BX3: -1 | BY3: -1 | BZ3: -1 | CA3: -1 | CB3: -1 | CC3: -1 | CD3: -1 | CE3: -1 | CF3: -1 | CG3: -1 | CH3: -1 | CI3: -1 | CJ3: -1 | CK3: -1 | CL3: -1 | CM3: -1 | CN3: -1 | CO3: -1 | CP3: -1 | CQ3: -1 | CR3: -1 | CS3: -1 | CT3: -1 | CU3: -1 | CV3: -1 | CW3: -1 | CX3: -1 | CY3: -1 | CZ3: -1 | DA3: -1 | DB3: -1 | DC3: -1 | DD3: -1 | DE3: -1 | DF3: -1 | DG3: 20 | DH3: 20 | DI3: 20 | DJ3: 20 | DK3: 20 | DL3: 20 | DM3: 20 | DN3: -1 | DO3: -1 | DP3: -1 | DQ3: -1 | DR3: -1 | DS3: 6
A4: 2 | B4: 1 | C4: 102 | D4: -1 | E4: -1 | F4: -1 | G4: Decrease critical damage probabiCritical damage probability is decreased | H4: 0 | I4: 0 | J4: 1 | K4: 1 | L4: 000010 | M4: 00110 | N4: 100000000000 | O4: -1 | P4: 1111111111111111 | Q4: 0 | R4: -1 | S4: -1 | T4: 0 | U4: 0 | V4: 0 | W4: -1 | X4: -1 | Y4: -1 | Z4: -1 | AA4: -1 | AB4: -1 | AC4: 0 | AD4: 0 | AE4: -1 | AF4: -1 | AG4: -1 | AH4: 0 | AI4: 8 | AJ4: 8 | AK4: 8 | AL4: 8 | AM4: 8 | AN4: 8 | AO4: 8 | AP4: 0 | AQ4: 0 | AR4: 0 | AS4: 0 | AT4: 0 | AU4: 0 | AV4: 0 | AW4: 0 | AX4: 1 | AY4: 0 | AZ4: -1 | BA4: -1 | BB4: -1 | BC4: -1 | BD4: -1 | BE4: -1 | BF4: -1 | BG4: -1 | BH4: -1 | BI4: -1 | BJ4: 0 | BK4: -1 | BL4: -1 | BM4: 1 | BN4: 1 | BO4: 14 | BP4: -20 | BQ4: -20 | BR4: -20 | BS4: -20 | BT4: -20 | BU4: -20 | BV4: -20 | BW4: -1 | BX4: -1 | BY4: -1 | BZ4: -1 | CA4: -1 | CB4: -1 | CC4: -1 | CD4: -1 | CE4: -1 | CF4: -1 | CG4: -1 | CH4: -1 | CI4: -1 | CJ4: -1 | CK4: -1 | CL4: -1 | CM4: -1 | CN4: -1 | CO4: -1 | CP4: -1 | CQ4: -1 | CR4: -1 | CS4: -1 | CT4: -1 | CU4: -1 | CV4: -1 | CW4: -1 | CX4: -1 | CY4: -1 | CZ4: -1 | DA4: -1 | DB4: -1 | DC4: -1 | DD4: -1 | DE4: -1 | DF4: -1 | DG4: 20 | DH4: 20 | DI4: 20 | DJ4: 20 | DK4: 20 | DL4: 20 | DM4: 20 | DN4: -1 | DO4: -1 | DP4: -1 | DQ4: -1 | DR4: -1 | DS4: 6
A5: 3 | B5: 1 | C5: 103 | D5: -1 | E5: -1 | F5: -1 | G5: Decrease aiming ability | H5: 0 | I5: 0 | J5: 1 | K5: 1 | L5: 000010 | M5: 00110 | N5: 100000000000 | O5: -1 | P5: 1111111111111111 | Q5: 0 | R5: -1 | S5: -1 | T5: 0 | U5: 0 | V5: 0 | W5: -1 | X5: -1 | Y5: -1 | Z5: -1 | AA5: -1 | AB5: -1 | AC5: 0 | AD5: 0 | AE5: -1 | AF5: -1 | AG5: -1 | AH5: 0 | AI5: 8 | AJ5: 8 | AK5: 8 | AL5: 8 | AM5: 8 | AN5: 8 | AO5: 8 | AP5: 0 | AQ5: 0 | AR5: 0 | AS5: 0 | AT5: 0 | AU5: 0 | AV5: 0 | AW5: 0 | AX5: 1 | AY5: 0 | AZ5: -1 | BA5: -1 | BB5: -1 | BC5: -1 | BD5: -1 | BE5: -1 | BF5: -1 | BG5: -1 | BH5: -1 | BI5: -1 | BJ5: 0 | BK5: -1 | BL5: -1 | BM5: 0 | BN5: 1 | BO5: 0 | BP5: -30 | BQ5: -30 | BR5: -30 | BS5: -30 | BT5: -30 | BU5: -30 | BV5: -30 | BW5: 1 | BX5: 1 | BY5: -30 | BZ5: -30 | CA5: -30 | CB5: -30 | CC5: -30 | CD5: -30 | CE5: -30 | CF5: 1 | CG5: 2 | CH5: -30 | CI5: -30 | CJ5: -30 | CK5: -30 | CL5: -30 | CM5: -30 | CN5: -30 | CO5: 1 | CP5: 30 | CQ5: -30 | CR5: -30 | CS5: -30 | CT5: -30 | CU5: -30 | CV5: -30 | CW5: -30 | CX5: 1 | CY5: 31 | CZ5: -30 | DA5: -30 | DB5: -30 | DC5: -30 | DD5: -30 | DE5: -30 | DF5: -30 | DG5: 20 | DH5: 20 | DI5: 20 | DJ5: 20 | DK5: 20 | DL5: 20 | DM5: 20 | DN5: -1 | DO5: -1 | DP5: -1 | DQ5: -1 | DR5: -1 | DS5: 6
A6: 4 | B6: 1 | C6: 104 | D6: -1 | E6: -1 | F6: -1 | G6: Discharge continuous supportive Force buffs is removed | H6: 0 | I6: 0 | J6: 1 | K6: 1 | L6: 000010 | M6: 00100 | N6: 100000000000 | O6: -1 | P6: 1111111111111111 | Q6: 0 | R6: -1 | S6: -1 | T6: 0 | U6: 0 | V6: 0 | W6: -1 | X6: -1 | Y6: -1 | Z6: -1 | AA6: -1 | AB6: -1 | AC6: 0 | AD6: 0 | AE6: -1 | AF6: -1 | AG6: -1 | AH6: 0 | AI6: 8 | AJ6: 8 | AK6: 8 | AL6: 8 | AM6: 8 | AN6: 8 | AO6: 8 | AP6: 0 | AQ6: 0 | AR6: 0 | AS6: 0 | AT6: 0 | AU6: 0 | AV6: 0 | AW6: 0 | AX6: 1 | AY6: 0 | AZ6: -1 | BA6: 8 | BB6: 1 | BC6: 1 | BD6: 1 | BE6: 1 | BF6: 1 | BG6: 1 | BH6: 1 | BI6: 1 | BJ6: -1 | BK6: -1 | BL6: -1 | BM6: 0 | BN6: -1 | BO6: -1 | BP6: -1 | BQ6: -1 | BR6: -1 | BS6: -1 | BT6: -1 | BU6: -1 | BV6: -1 | BW6: -1 | BX6: -1 | BY6: -1 | BZ6: -1 | CA6: -1 | CB6: -1 | CC6: -1 | CD6: -1 | CE6: -1 | CF6: -1 | CG6: -1 | CH6: -1 | CI6: -1 | CJ6: -1 | CK6: -1 | CL6: -1 | CM6: -1 | CN6: -1 | CO6: -1 | CP6: -1 | CQ6: -1 | CR6: -1 | CS6: -1 | CT6: -1 | CU6: -1 | CV6: -1 | CW6: -1 | CX6: -1 | CY6: -1 | CZ6: -1 | DA6: -1 | DB6: -1 | DC6: -1 | DD6: -1 | DE6: -1 | DF6: -1 | DG6: 20 | DH6: 20 | DI6: 20 | DJ6: 20 | DK6: 20 | DL6: 20 | DM6: 20 | DN6: -1 | DO6: -1 | DP6: -1 | DQ6: -1 | DR6: -1 | DS6: 6
A7: 5 | B7: 1 | C7: 105 | D7: -1 | E7: -1 | F7: -1 | G7: Prevent use of continuous damageForce ability is restricted | H7: 0 | I7: 0 | J7: 1 | K7: 1 | L7: 000010 | M7: 00110 | N7: 100000000000 | O7: -1 | P7: 1111111111111111 | Q7: 0 | R7: -1 | S7: -1 | T7: 0 | U7: 0 | V7: 0 | W7: -1 | X7: -1 | Y7: -1 | Z7: -1 | AA7: -1 | AB7: -1 | AC7: 0 | AD7: 0 | AE7: -1 | AF7: -1 | AG7: -1 | AH7: 0 | AI7: 8 | AJ7: 8 | AK7: 8 | AL7: 8 | AM7: 8 | AN7: 8 | AO7: 8 | AP7: 0 | AQ7: 0 | AR7: 0 | AS7: 0 | AT7: 0 | AU7: 0 | AV7: 0 | AW7: 0 | AX7: 1 | AY7: 0 | AZ7: -1 | BA7: -1 | BB7: -1 | BC7: -1 | BD7: -1 | BE7: -1 | BF7: -1 | BG7: -1 | BH7: -1 | BI7: -1 | BJ7: 0 | BK7: -1 | BL7: -1 | BM7: 1 | BN7: 2 | BO7: 4 | BP7: 1 | BQ7: 1 | BR7: 1 | BS7: 1 | BT7: 1 | BU7: 1 | BV7: 1 | BW7: -1 | BX7: -1 | BY7: -1 | BZ7: -1 | CA7: -1 | CB7: -1 | CC7: -1 | CD7: -1 | CE7: -1 | CF7: -1 | CG7: -1 | CH7: -1 | CI7: -1 | CJ7: -1 | CK7: -1 | CL7: -1 | CM7: -1 | CN7: -1 | CO7: -1 | CP7: -1 | CQ7: -1 | CR7: -1 | CS7: -1 | CT7: -1 | CU7: -1 | CV7: -1 | CW7: -1 | CX7: -1 | CY7: -1 | CZ7: -1 | DA7: -1 | DB7: -1 | DC7: -1 | DD7: -1 | DE7: -1 | DF7: -1 | DG7: 20 | DH7: 20 | DI7: 20 | DJ7: 20 | DK7: 20 | DL7: 20 | DM7: 20 | DN7: -1 | DO7: -1 | DP7: -1 | DQ7: -1 | DR7: -1 | DS7: 6
A8: 6 | B8: 1 | C8: 106 | D8: -1 | E8: -1 | F8: -1 | G8: Stun | H8: 0 | I8: 0 | J8: 1 | K8: 1 | L8: 000010 | M8: 00110 | N8: 100000000000 | O8: -1 | P8: 1111111111111111 | Q8: 0 | R8: -1 | S8: -1 | T8: 0 | U8: 0 | V8: 0 | W8: -1 | X8: -1 | Y8: -1 | Z8: -1 | AA8: -1 | AB8: -1 | AC8: 0 | AD8: 0 | AE8: -1 | AF8: -1 | AG8: -1 | AH8: 1 | AI8: 0 | AJ8: 0 | AK8: 0 | AL8: 0 | AM8: 0 | AN8: 0 | AO8: 0 | AP8: 788 | AQ8: 788 | AR8: 788 | AS8: 788 | AT8: 788 | AU8: 788 | AV8: 788 | AW8: 1.5625 | AX8: 1 | AY8: 0 | AZ8: -1 | BA8: -1 | BB8: -1 | BC8: -1 | BD8: -1 | BE8: -1 | BF8: -1 | BG8: -1 | BH8: -1 | BI8: -1 | BJ8: -1 | BK8: -1 | BL8: -1 | BM8: -1 | BN8: -1 | BO8: -1 | BP8: -1 | BQ8: -1 | BR8: -1 | BS8: -1 | BT8: -1 | BU8: -1 | BV8: -1 | BW8: -1 | BX8: -1 | BY8: -1 | BZ8: -1 | CA8: -1 | CB8: -1 | CC8: -1 | CD8: -1 | CE8: -1 | CF8: -1 | CG8: -1 | CH8: -1 | CI8: -1 | CJ8: -1 | CK8: -1 | CL8: -1 | CM8: -1 | CN8: -1 | CO8: -1 | CP8: -1 | CQ8: -1 | CR8: -1 | CS8: -1 | CT8: -1 | CU8: -1 | CV8: -1 | CW8: -1 | CX8: -1 | CY8: -1 | CZ8: -1 | DA8: -1 | DB8: -1 | DC8: -1 | DD8: -1 | DE8: -1 | DF8: -1 | DG8: 20 | DH8: 20 | DI8: 20 | DJ8: 20 | DK8: 20 | DL8: 20 | DM8: 20 | DN8: -1 | DO8: -1 | DP8: -1 | DQ8: -1 | DR8: -1 | DS8: 6
A9: 7 | B9: 1 | C9: 107 | D9: -1 | E9: -1 | F9: -1 | G9: Decrease attack ability of targeAttackPoint is decreased | H9: 0 | I9: 0 | J9: 1 | K9: 1 | L9: 000010 | M9: 00110 | N9: 100000000000 | O9: -1 | P9: 1111111111111111 | Q9: 0 | R9: -1 | S9: -1 | T9: 0 | U9: 0 | V9: 0 | W9: -1 | X9: -1 | Y9: -1 | Z9: -1 | AA9: -1 | AB9: -1 | AC9: 0 | AD9: 0 | AE9: -1 | AF9: -1 | AG9: -1 | AH9: 0 | AI9: 8 | AJ9: 8 | AK9: 8 | AL9: 8 | AM9: 8 | AN9: 8 | AO9: 8 | AP9: 0 | AQ9: 0 | AR9: 0 | AS9: 0 | AT9: 0 | AU9: 0 | AV9: 0 | AW9: 0 | AX9: 1 | AY9: 0 | AZ9: -1 | BA9: -1 | BB9: -1 | BC9: -1 | BD9: -1 | BE9: -1 | BF9: -1 | BG9: -1 | BH9: -1 | BI9: -1 | BJ9: 0 | BK9: -1 | BL9: -1 | BM9: 1 | BN9: 0 | BO9: 0 | BP9: -0.5 | BQ9: -0.5 | BR9: -0.5 | BS9: -0.5 | BT9: -0.5 | BU9: -0.5 | BV9: -0.5 | BW9: 0 | BX9: 1 | BY9: -0.5 | BZ9: -0.5 | CA9: -0.5 | CB9: -0.5 | CC9: -0.5 | CD9: -0.5 | CE9: -0.5 | CF9: 0 | CG9: 2 | CH9: -0.5 | CI9: -0.5 | CJ9: -0.5 | CK9: -0.5 | CL9: -0.5 | CM9: -0.5 | CN9: -0.5 | CO9: 0 | CP9: 3 | CQ9: -0.5 | CR9: -0.5 | CS9: -0.5 | CT9: -0.5 | CU9: -0.5 | CV9: -0.5 | CW9: -0.5 | CX9: 0 | CY9: 4 | CZ9: -0.5 | DA9: -0.5 | DB9: -0.5 | DC9: -0.5 | DD9: -0.5 | DE9: -0.5 | DF9: -0.5 | DG9: 20 | DH9: 20 | DI9: 20 | DJ9: 20 | DK9: 20 | DL9: 20 | DM9: 20 | DN9: -1 | DO9: -1 | DP9: -1 | DQ9: -1 | DR9: -1 | DS9: 6
A10: 8 | B10: 1 | C10: 108 | D10: -1 | E10: -1 | F10: -1 | G10: Restriction on stamina loss and Stamina is decreased | H10: 0 | I10: 0 | J10: 1 | K10: 1 | L10: 000010 | M10: 00100 | N10: 100000000000 | O10: -1 | P10: 1111111111111111 | Q10: 0 | R10: -1 | S10: -1 | T10: 0 | U10: 0 | V10: 0 | W10: -1 | X10: -1 | Y10: -1 | Z10: -1 | AA10: -1 | AB10: -1 | AC10: 0 | AD10: 0 | AE10: -1 | AF10: -1 | AG10: -1 | AH10: 0 | AI10: 8 | AJ10: 8 | AK10: 8 | AL10: 8 | AM10: 8 | AN10: 8 | AO10: 8 | AP10: 0 | AQ10: 0 | AR10: 0 | AS10: 0 | AT10: 0 | AU10: 0 | AV10: 0 | AW10: 0 | AX10: 1 | AY10: 0 | AZ10: -1 | BA10: 24 | BB10: 0 | BC10: 0.1 | BD10: 0.1 | BE10: 0.1 | BF10: 0.1 | BG10: 0.1 | BH10: 0.1 | BI10: 0.1 | BJ10: 0 | BK10: -1 | BL10: -1 | BM10: 1 | BN10: 2 | BO10: 17 | BP10: 1 | BQ10: 1 | BR10: 1 | BS10: 1 | BT10: 1 | BU10: 1 | BV10: 1 | BW10: -1 | BX10: -1 | BY10: -1 | BZ10: -1 | CA10: -1 | CB10: -1 | CC10: -1 | CD10: -1 | CE10: -1 | CF10: -1 | CG10: -1 | CH10: -1 | CI10: -1 | CJ10: -1 | CK10: -1 | CL10: -1 | CM10: -1 | CN10: -1 | CO10: -1 | CP10: -1 | CQ10: -1 | CR10: -1 | CS10: -1 | CT10: -1 | CU10: -1 | CV10: -1 | CW10: -1 | CX10: -1 | CY10: -1 | CZ10: -1 | DA10: -1 | DB10: -1 | DC10: -1 | DD10: -1 | DE10: -1 | DF10: -1 | DG10: 20 | DH10: 20 | DI10: 20 | DJ10: 20 | DK10: 20 | DL10: 20 | DM10: 20 | DN10: -1 | DO10: -1 | DP10: -1 | DQ10: -1 | DR10: -1 | DS10: 6
A11: 9 | B11: 1 | C11: 109 | D11: -1 | E11: -1 | F11: -1 | G11: Speed decline | H11: 0 | I11: 0 | J11: 1 | K11: 1 | L11: 000010 | M11: 00110 | N11: 100000000000 | O11: -1 | P11: 1111111111111111 | Q11: 0 | R11: -1 | S11: -1 | T11: 0 | U11: 0 | V11: 0 | W11: -1 | X11: -1 | Y11: -1 | Z11: -1 | AA11: -1 | AB11: -1 | AC11: 0 | AD11: 0 | AE11: -1 | AF11: -1 | AG11: -1 | AH11: 0 | AI11: 8 | AJ11: 8 | AK11: 8 | AL11: 8 | AM11: 8 | AN11: 8 | AO11: 8 | AP11: 0 | AQ11: 0 | AR11: 0 | AS11: 0 | AT11: 0 | AU11: 0 | AV11: 0 | AW11: 0 | AX11: 1 | AY11: 0 | AZ11: -1 | BA11: -1 | BB11: -1 | BC11: -1 | BD11: -1 | BE11: -1 | BF11: -1 | BG11: -1 | BH11: -1 | BI11: -1 | BJ11: 0 | BK11: -1 | BL11: -1 | BM11: 1 | BN11: 1 | BO11: 20 | BP11: -2 | BQ11: -2 | BR11: -2 | BS11: -2 | BT11: -2 | BU11: -2 | BV11: -2 | BW11: -1 | BX11: -1 | BY11: -1 | BZ11: -1 | CA11: -1 | CB11: -1 | CC11: -1 | CD11: -1 | CE11: -1 | CF11: -1 | CG11: -1 | CH11: -1 | CI11: -1 | CJ11: -1 | CK11: -1 | CL11: -1 | CM11: -1 | CN11: -1 | CO11: -1 | CP11: -1 | CQ11: -1 | CR11: -1 | CS11: -1 | CT11: -1 | CU11: -1 | CV11: -1 | CW11: -1 | CX11: -1 | CY11: -1 | CZ11: -1 | DA11: -1 | DB11: -1 | DC11: -1 | DD11: -1 | DE11: -1 | DF11: -1 | DG11: 20 | DH11: 20 | DI11: 20 | DJ11: 20 | DK11: 20 | DL11: 20 | DM11: 20 | DN11: -1 | DO11: -1 | DP11: -1 | DQ11: -1 | DR11: -1 | DS11: 6
A12: A | B12: 1 | C12: 110 | D12: -1 | E12: -1 | F12: -1 | G12: Reverse effect of defense abilitDefense ability is reversed | H12: 0 | I12: 0 | J12: 1 | K12: 1 | L12: 000010 | M12: 00110 | N12: 100000000000 | O12: -1 | P12: 1111111111111111 | Q12: 0 | R12: -1 | S12: -1 | T12: 0 | U12: 0 | V12: 0 | W12: -1 | X12: -1 | Y12: -1 | Z12: -1 | AA12: -1 | AB12: -1 | AC12: 0 | AD12: 0 | AE12: -1 | AF12: -1 | AG12: -1 | AH12: 0 | AI12: 8 | AJ12: 8 | AK12: 8 | AL12: 8 | AM12: 8 | AN12: 8 | AO12: 8 | AP12: 0 | AQ12: 0 | AR12: 0 | AS12: 0 | AT12: 0 | AU12: 0 | AV12: 0 | AW12: 0 | AX12: 1 | AY12: 0 | AZ12: -1 | BA12: -1 | BB12: -1 | BC12: -1 | BD12: -1 | BE12: -1 | BF12: -1 | BG12: -1 | BH12: -1 | BI12: -1 | BJ12: 0 | BK12: -1 | BL12: -1 | BM12: 0 | BN12: 2 | BO12: 19 | BP12: 1 | BQ12: 1 | BR12: 1 | BS12: 1 | BT12: 1 | BU12: 1 | BV12: 1 | BW12: -1 | BX12: -1 | BY12: -1 | BZ12: -1 | CA12: -1 | CB12: -1 | CC12: -1 | CD12: -1 | CE12: -1 | CF12: -1 | CG12: -1 | CH12: -1 | CI12: -1 | CJ12: -1 | CK12: -1 | CL12: -1 | CM12: -1 | CN12: -1 | CO12: -1 | CP12: -1 | CQ12: -1 | CR12: -1 | CS12: -1 | CT12: -1 | CU12: -1 | CV12: -1 | CW12: -1 | CX12: -1 | CY12: -1 | CZ12: -1 | DA12: -1 | DB12: -1 | DC12: -1 | DD12: -1 | DE12: -1 | DF12: -1 | DG12: 20 | DH12: 20 | DI12: 20 | DJ12: 20 | DK12: 20 | DL12: 20 | DM12: 20 | DN12: -1 | DO12: -1 | DP12: -1 | DQ12: -1 | DR12: -1 | DS12: 6
A13: B | B13: 1 | C13: 111 | D13: -1 | E13: -1 | F13: -1 | G13: Restriction on FR decline and FPFP is decreased | H13: 0 | I13: 0 | J13: 1 | K13: 1 | L13: 000010 | M13: 00100 | N13: 100000000000 | O13: -1 | P13: 1111111111111111 | Q13: 0 | R13: -1 | S13: -1 | T13: 0 | U13: 0 | V13: 0 | W13: -1 | X13: -1 | Y13: -1 | Z13: -1 | AA13: -1 | AB13: -1 | AC13: 0 | AD13: 0 | AE13: -1 | AF13: -1 | AG13: -1 | AH13: 0 | AI13: 8 | AJ13: 8 | AK13: 8 | AL13: 8 | AM13: 8 | AN13: 8 | AO13: 8 | AP13: 0 | AQ13: 0 | AR13: 0 | AS13: 0 | AT13: 0 | AU13: 0 | AV13: 0 | AW13: 0 | AX13: 1 | AY13: 0 | AZ13: -1 | BA13: 25 | BB13: 0 | BC13: 0.30000001 | BD13: 0.30000001 | BE13: 0.30000001 | BF13: 0.30000001 | BG13: 0.30000001 | BH13: 0.30000001 | BI13: 0.30000001 | BJ13: 0 | BK13: -1 | BL13: -1 | BM13: 0 | BN13: 2 | BO13: 16 | BP13: 1 | BQ13: 1 | BR13: 1 | BS13: 1 | BT13: 1 | BU13: 1 | BV13: 1 | BW13: -1 | BX13: -1 | BY13: -1 | BZ13: -1 | CA13: -1 | CB13: -1 | CC13: -1 | CD13: -1 | CE13: -1 | CF13: -1 | CG13: -1 | CH13: -1 | CI13: -1 | CJ13: -1 | CK13: -1 | CL13: -1 | CM13: -1 | CN13: -1 | CO13: -1 | CP13: -1 | CQ13: -1 | CR13: -1 | CS13: -1 | CT13: -1 | CU13: -1 | CV13: -1 | CW13: -1 | CX13: -1 | CY13: -1 | CZ13: -1 | DA13: -1 | DB13: -1 | DC13: -1 | DD13: -1 | DE13: -1 | DF13: -1 | DG13: 20 | DH13: 20 | DI13: 20 | DJ13: 20 | DK13: 20 | DL13: 20 | DM13: 20 | DN13: -1 | DO13: -1 | DP13: -1 | DQ13: -1 | DR13: -1 | DS13: 6
A14: C | B14: 1 | C14: 112 | D14: -1 | E14: -1 | F14: -1 | G14: Stun+FP continuously decline | H14: 0 | I14: 0 | J14: 1 | K14: 1 | L14: 000010 | M14: 00100 | N14: 100000000000 | O14: -1 | P14: 1111111111111111 | Q14: 0 | R14: -1 | S14: -1 | T14: 0 | U14: 0 | V14: 0 | W14: -1 | X14: -1 | Y14: -1 | Z14: -1 | AA14: -1 | AB14: -1 | AC14: 0 | AD14: 0 | AE14: -1 | AF14: -1 | AG14: -1 | AH14: 0 | AI14: 8 | AJ14: 8 | AK14: 8 | AL14: 8 | AM14: 8 | AN14: 8 | AO14: 8 | AP14: 0 | AQ14: 0 | AR14: 0 | AS14: 0 | AT14: 0 | AU14: 0 | AV14: 0 | AW14: 0 | AX14: 1 | AY14: 0 | AZ14: -1 | BA14: 10 | BB14: -1 | BC14: -1 | BD14: -1 | BE14: -1 | BF14: -1 | BG14: -1 | BH14: -1 | BI14: -1 | BJ14: -1 | BK14: -1 | BL14: -1 | BM14: 0 | BN14: 0 | BO14: -1 | BP14: -1 | BQ14: -1 | BR14: -1 | BS14: -1 | BT14: -1 | BU14: -1 | BV14: -1 | BW14: -1 | BX14: -1 | BY14: -1 | BZ14: -1 | CA14: -1 | CB14: -1 | CC14: -1 | CD14: -1 | CE14: -1 | CF14: -1 | CG14: -1 | CH14: -1 | CI14: -1 | CJ14: -1 | CK14: -1 | CL14: -1 | CM14: -1 | CN14: -1 | CO14: -1 | CP14: -1 | CQ14: -1 | CR14: -1 | CS14: -1 | CT14: -1 | CU14: -1 | CV14: -1 | CW14: -1 | CX14: -1 | CY14: -1 | CZ14: -1 | DA14: -1 | DB14: -1 | DC14: -1 | DD14: -1 | DE14: -1 | DF14: -1 | DG14: 20 | DH14: 20 | DI14: 20 | DJ14: 20 | DK14: 20 | DL14: 20 | DM14: 20 | DN14: -1 | DO14: -1 | DP14: -1 | DQ14: -1 | DR14: -1 | DS14: 6
... A41: 27 | B41: 1 | C41: 110 | D41: -1 | E41: -1 | F41: -1 | G41: Introspection is decreased | H41: 0 | I41: 0 | J41: 1 | K41: 0 | L41: 111110 | M41: 00110 | N41: 100000000000 | O41: -1 | P41: 1111111111111111 | Q41: 0 | R41: -1 | S41: -1 | T41: 0 | U41: 0 | V41: 0 | W41: -1 | X41: -1 | Y41: -1 | Z41: -1 | AA41: -1 | AB41: -1 | AC41: 0 | AD41: 0 | AE41: -1 | AF41: -1 | AG41: -1 | AH41: 0 | AI41: 8 | AJ41: 8 | AK41: 8 | AL41: 8 | AM41: 8 | AN41: 8 | AO41: 8 | AP41: 0 | AQ41: 0 | AR41: 0 | AS41: 0 | AT41: 0 | AU41: 0 | AV41: 0 | AW41: 0 | AX41: 1 | AY41: 0 | AZ41: -1 | BA41: -1 | BB41: -1 | BC41: -1 | BD41: -1 | BE41: -1 | BF41: -1 | BG41: -1 | BH41: -1 | BI41: -1 | BJ41: 0 | BK41: -1 | BL41: -1 | BM41: 0 | BN41: 0 | BO41: 25 | BP41: -20 | BQ41: -20 | BR41: -20 | BS41: -20 | BT41: -20 | BU41: -20 | BV41: -20 | BW41: 0 | BX41: 26 | BY41: -20 | BZ41: -20 | CA41: -20 | CB41: -20 | CC41: -20 | CD41: -20 | CE41: -20 | CF41: 0 | CG41: 27 | CH41: -20 | CI41: -20 | CJ41: -20 | CK41: -20 | CL41: -20 | CM41: -20 | CN41: -20 | CO41: 0 | CP41: 28 | CQ41: -20 | CR41: -20 | CS41: -20 | CT41: -20 | CU41: -20 | CV41: -20 | CW41: -20 | CX41: -1 | CY41: -1 | CZ41: -1 | DA41: -1 | DB41: -1 | DC41: -1 | DD41: -1 | DE41: -1 | DF41: -1 | DG41: 60 | DH41: 60 | DI41: 60 | DJ41: 60 | DK41: 60 | DL41: 60 | DM41: 60 | DN41: -1 | DO41: -1 | DP41: -1 | DQ41: -1 | DR41: -1 | DS41: 6

Sheet ndbullet
A1: string[32] | B1: string[512] | C1: END
A2: =BulletItemEffect!G2 -> KorName | B2: Description
A3: =BulletItemEffect!G3 -> Decrease defense ability of targDefense ability is decreased | B3: Defense ability is decreased
A4: =BulletItemEffect!G4 -> Decrease critical damage probabiCritical damage probability is decreased | B4: Critical damage probability is decreased
A5: =BulletItemEffect!G5 -> Decrease aiming ability | B5: Aiming ability is decreased
A6: =BulletItemEffect!G6 -> Discharge continuous supportive Force buffs is removed | B6: Force buffs is removed
A7: =BulletItemEffect!G7 -> Prevent use of continuous damageForce ability is restricted | B7: Force ability is restricted
A8: =BulletItemEffect!G8 -> Stun | B8: Stun
A9: =BulletItemEffect!G9 -> Decrease attack ability of targeAttackPoint is decreased | B9: AttackPoint is decreased
A10: =BulletItemEffect!G10 -> Restriction on stamina loss and Stamina is decreased | B10: Stamina is decreased
A11: =BulletItemEffect!G11 -> Speed decline | B11: Speed is reduced
A12: =BulletItemEffect!G12 -> Reverse effect of defense abilitDefense ability is reversed | B12: Defense ability is reversed
A13: =BulletItemEffect!G13 -> Restriction on FR decline and FPFP is decreased | B13: FP is decreased
... A41: =BulletItemEffect!G41 -> Introspection is decreased | B41: Introspection is decreased
