Workbook

Sheet Force
A1: string[64] | B1: dword | C1: dword | D1: dword | E1: string[64] | F1: string[64] | G1: string[64] | H1: string[64] | I1: dword | J1: dword | K1: dword | L1: string[64] | M1: string[64] | N1: string[64] | O1: dword | P1: string[64] | Q1: dword | R1: dword | S1: dword | T1: dword | U1: dword | V1: dword | W1: string[8] | X1: dword | Y1: string[8] | Z1: dword | AA1: string[8] | AB1: dword | AC1: float | AD1: dword | AE1: dword | AF1: dword | AG1: string[64] | AH1: dword | AI1: dword | AJ1: dword | AK1: float | AL1: long | AM1: string[64] | AN1: dword | AO1: dword | AP1: float | AQ1: float | AR1: float | AS1: float | AT1: float | AU1: float | AV1: float | AW1: dword | AX1: dword | AY1: dword | AZ1: dword | BA1: float | BB1: float | BC1: float | BD1: float | BE1: float | BF1: float | BG1: float | BH1: dword | BI1: dword | BJ1: float | BK1: float | BL1: float | BM1: float | BN1: float | BO1: float | BP1: float | BQ1: dword | BR1: dword | BS1: float | BT1: float | BU1: float | BV1: float | BW1: float | BX1: float | BY1: float | BZ1: dword | CA1: dword | CB1: float | CC1: float | CD1: float | CE1: float | CF1: float | CG1: float | CH1: float | CI1: dword | CJ1: dword | CK1: float | CL1: float | CM1: float | CN1: float | CO1: float | CP1: float | CQ1: float | CR1: dword | CS1: dword | CT1: dword | CU1: dword | CV1: dword | CW1: dword | CX1: dword | CY1: dword | CZ1: END
A2: Code | B2: Class | C2: Icon | D2: MastIndex | E2: MastKorName | F2: MastEngName | G2: KorName | H2: EngName | I2: Lv | J2: IsActive | K2: IsEnable | L2: UsableRace | M2: ActableDst | N2: GradeLimit | O2: NeedMastIndex | P2: FixWeapon | Q2: IsFixShield | R2: SpecialType | S2: NeedSpecialType | T2: NeedHP | U2: NeedFP | V2: NeedSP | W2: NeedItemCode1 | X2: NeedItemCount1 | Y2: NeedItemCode2 | Z2: NeedItemCount2 | AA2: NeedItemCode3 | AB2: NeedItemCount3 | AC2: ActDealy | AD2: IsCumulType | AE2: CumulCounter | AF2: NewEffCOunt | AG2: EffectCode | AH2: Attackable | AI2: Property | AJ2: EffectGroup | AK2: AttFormulaConstant | AL2: ActDistance | AM2: RangeEffCode | AN2: TempEffectType | AO2: TempParamCode | AP2: TempValue1 | AQ2: TempValue2 | AR2: TempValue3 | AS2: TempValue4 | AT2: TempValue5 | AU2: TempValue6 | AV2: TempValue7 | AW2: ContEffectType | AX2: ContAreaType | AY2: ContParamCode1 | AZ2: ContParamIndex1 | BA2: ContValue1_1 | BB2: ContValue1_2 | BC2: ContValue1_3 | BD2: ContValue1_4 | BE2: ContValue1_5 | BF2: ContValue1_6 | BG2: ContValue1_7 | BH2: ContParamCode2 | BI2: ContParamIndex2 | BJ2: ContValue2_1 | BK2: ContValue2_2 | BL2: ContValue2_3 | BM2: ContValue2_4 | BN2: ContValue2_5 | BO2: ContValue2_6 | BP2: ContValue2_7 | BQ2: ContParamCode3 | BR2: ContParamIndex3 | BS2: ContValue3_1 | BT2: ContValue3_2 | BU2: ContValue3_3 | BV2: ContValue3_4 | BW2: ContValue3_5 | BX2: ContValue3_6 | BY2: ContValue3_7 | BZ2: ContParamCode4 | CA2: ContParamIndex4 | CB2: ContValue4_1 | CC2: ContValue4_2 | CD2: ContValue4_3 | CE2: ContValue4_4 | CF2: ContValue4_5 | CG2: ContValue4_6 | CH2: ContValue4_7 | CI2: ContParamCode5 | CJ2: ContParamIndex5 | CK2: ContValue5_1 | CL2: ContValue5_2 | CM2: ContValue5_3 | CN2: ContValue5_4 | CO2: ContValue5_5 | CP2: ContValue5_6 | CQ2: ContValue5_7 | CR2: ContEffSec1 | CS2: ContEffSec2 | CT2: ContEffSec3 | CU2: ContEffSec4 | CV2: ContEffSec5 | CW2: ContEffSec6 | CX2: ContEffSec7 | CY2: EffectClass
A3: 8000 | B3: 0 | C3: 1 | D3: 0 | E3: 다크 | F3: Dark | G3: Celerity | H3: Celerity | I3: 0 | J3: 1 | K3: 1 | L3: 00110000 | M3: 01000000 | N3: 100000000000 | O3: -1 | P3: 0000000000000000 | Q3: 0 | R3: -1 | S3: -1 | T3: 0 | U3: 30 | V3: 0 | W3: -1 | X3: -1 | Y3: -1 | Z3: -1 | AA3: -1 | AB3: -1 | AC3: 1000 | AD3: 0 | AE3: -1 | AF3: -1 | AG3: -1 | AH3: 0 | AI3: -1 | AJ3: 8 | AK3: -1 | AL3: 165 | AM3: -1 | AN3: -1 | AO3: -1 | AP3: 0 | AQ3: 0 | AR3: 0 | AS3: 0 | AT3: 0 | AU3: 0 | AV3: 0 | AW3: 1 | AX3: 0 | AY3: 1 | AZ3: 9 | BA3: -100 | BB3: -120 | BC3: -150 | BD3: -180 | BE3: -210 | BF3: -250 | BG3: -300 | BH3: -1 | BI3: -1 | BJ3: -1 | BK3: 0 | BL3: 0 | BM3: 0 | BN3: 0 | BO3: 0 | BP3: 0 | BQ3: -1 | BR3: -1 | BS3: -1 | BT3: 0 | BU3: 0 | BV3: 0 | BW3: 0 | BX3: 0 | BY3: 0 | BZ3: -1 | CA3: -1 | CB3: -1 | CC3: 0 | CD3: 0 | CE3: 0 | CF3: 0 | CG3: 0 | CH3: 0 | CI3: -1 | CJ3: -1 | CK3: -1 | CL3: 0 | CM3: 0 | CN3: 0 | CO3: 0 | CP3: 0 | CQ3: 0 | CR3: 90 | CS3: 140 | CT3: 210 | CU3: 320 | CV3: 480 | CW3: 720 | CX3: 3240 | CY3: 6
A4: 8001 | B4: 0 | C4: 2 | D4: 0 | E4: 다크 | F4: Dark | G4: Sacrifice | H4: Sacrifice | I4: 0 | J4: 1 | K4: 1 | L4: 00110000 | M4: 01000000 | N4: 100000000000 | O4: -1 | P4: 0000000000000000 | Q4: 0 | R4: -1 | S4: -1 | T4: 60 | U4: 0 | V4: 0 | W4: -1 | X4: -1 | Y4: -1 | Z4: -1 | AA4: -1 | AB4: -1 | AC4: 2000 | AD4: 0 | AE4: -1 | AF4: -1 | AG4: -1 | AH4: 0 | AI4: -1 | AJ4: 8 | AK4: -1 | AL4: 165 | AM4: -1 | AN4: 0 | AO4: 0 | AP4: 0.1 | AQ4: 0.12 | AR4: 0.15000001 | AS4: 0.18000001 | AT4: 0.20999999 | AU4: 0.25 | AV4: 0.30000001 | AW4: -1 | AX4: 0 | AY4: -1 | AZ4: -1 | BA4: -1 | BB4: 0 | BC4: 0 | BD4: 0 | BE4: 0 | BF4: 0 | BG4: 0 | BH4: -1 | BI4: -1 | BJ4: -1 | BK4: 0 | BL4: 0 | BM4: 0 | BN4: 0 | BO4: 0 | BP4: 0 | BQ4: -1 | BR4: -1 | BS4: -1 | BT4: 0 | BU4: 0 | BV4: 0 | BW4: 0 | BX4: 0 | BY4: 0 | BZ4: -1 | CA4: -1 | CB4: -1 | CC4: 0 | CD4: 0 | CE4: 0 | CF4: 0 | CG4: 0 | CH4: 0 | CI4: -1 | CJ4: -1 | CK4: -1 | CL4: 0 | CM4: 0 | CN4: 0 | CO4: 0 | CP4: 0 | CQ4: 0 | CR4: 0 | CS4: 0 | CT4: 0 | CU4: 0 | CV4: 0 | CW4: 0 | CX4: 0 | CY4: 6
A5: 8002 | B5: 0 | C5: 3 | D5: 0 | E5: 다크 | F5: Dark | G5: Tempo | H5: Tempo | I5: 0 | J5: 1 | K5: 1 | L5: 00110000 | M5: 01000000 | N5: 100000000000 | O5: -1 | P5: 0000000000000000 | Q5: 0 | R5: -1 | S5: -1 | T5: 0 | U5: 30 | V5: 0 | W5: -1 | X5: -1 | Y5: -1 | Z5: -1 | AA5: -1 | AB5: -1 | AC5: 1000 | AD5: 0 | AE5: -1 | AF5: -1 | AG5: -1 | AH5: 0 | AI5: -1 | AJ5: 8 | AK5: -1 | AL5: 165 | AM5: -1 | AN5: -1 | AO5: -1 | AP5: 0 | AQ5: 0 | AR5: 0 | AS5: 0 | AT5: 0 | AU5: 0 | AV5: 0 | AW5: 1 | AX5: 0 | AY5: 1 | AZ5: 13 | BA5: -100 | BB5: -200 | BC5: -400 | BD5: -700 | BE5: -1100 | BF5: -1600 | BG5: -2200 | BH5: -1 | BI5: -1 | BJ5: -1 | BK5: 0 | BL5: 0 | BM5: 0 | BN5: 0 | BO5: 0 | BP5: 0 | BQ5: -1 | BR5: -1 | BS5: -1 | BT5: 0 | BU5: 0 | BV5: 0 | BW5: 0 | BX5: 0 | BY5: 0 | BZ5: -1 | CA5: -1 | CB5: -1 | CC5: 0 | CD5: 0 | CE5: 0 | CF5: 0 | CG5: 0 | CH5: 0 | CI5: -1 | CJ5: -1 | CK5: -1 | CL5: 0 | CM5: 0 | CN5: 0 | CO5: 0 | CP5: 0 | CQ5: 0 | CR5: 90 | CS5: 140 | CT5: 210 | CU5: 320 | CV5: 480 | CW5: 720 | CX5: 3240 | CY5: 6
A6: 8003 | B6: 0 | C6: 4 | D6: 1 | E6: 데쓰 | F6: Death | G6: Adept | H6: Adept | I6: 1 | J6: 1 | K6: 1 | L6: 00110000 | M6: 01000000 | N6: 100000000000 | O6: 0 | P6: 0000000000000000 | Q6: 0 | R6: -1 | S6: -1 | T6: 0 | U6: 60 | V6: 0 | W6: -1 | X6: -1 | Y6: -1 | Z6: -1 | AA6: -1 | AB6: -1 | AC6: 1000 | AD6: 0 | AE6: -1 | AF6: -1 | AG6: -1 | AH6: 0 | AI6: -1 | AJ6: 8 | AK6: -1 | AL6: 165 | AM6: -1 | AN6: -1 | AO6: -1 | AP6: 0 | AQ6: 0 | AR6: 0 | AS6: 0 | AT6: 0 | AU6: 0 | AV6: 0 | AW6: 1 | AX6: 0 | AY6: 0 | AZ6: 4 | BA6: 0.1 | BB6: 0.12 | BC6: 0.15000001 | BD6: 0.18000001 | BE6: 0.20999999 | BF6: 0.25 | BG6: 0.30000001 | BH6: -1 | BI6: -1 | BJ6: -1 | BK6: 0 | BL6: 0 | BM6: 0 | BN6: 0 | BO6: 0 | BP6: 0 | BQ6: -1 | BR6: -1 | BS6: -1 | BT6: 0 | BU6: 0 | BV6: 0 | BW6: 0 | BX6: 0 | BY6: 0 | BZ6: -1 | CA6: -1 | CB6: -1 | CC6: 0 | CD6: 0 | CE6: 0 | CF6: 0 | CG6: 0 | CH6: 0 | CI6: -1 | CJ6: -1 | CK6: -1 | CL6: 0 | CM6: 0 | CN6: 0 | CO6: 0 | CP6: 0 | CQ6: 0 | CR6: 90 | CS6: 140 | CT6: 210 | CU6: 320 | CV6: 480 | CW6: 720 | CX6: 3240 | CY6: 6
A7: 8004 | B7: 0 | C7: 5 | D7: 1 | E7: 데쓰 | F7: Death | G7: Vista | H7: Vista | I7: 1 | J7: 1 | K7: 1 | L7: 00110000 | M7: 01000000 | N7: 100000000000 | O7: 0 | P7: 0000000000000000 | Q7: 0 | R7: -1 | S7: -1 | T7: 0 | U7: 60 | V7: 0 | W7: -1 | X7: -1 | Y7: -1 | Z7: -1 | AA7: -1 | AB7: -1 | AC7: 1000 | AD7: 0 | AE7: -1 | AF7: -1 | AG7: -1 | AH7: 0 | AI7: -1 | AJ7: 8 | AK7: -1 | AL7: 165 | AM7: -1 | AN7: -1 | AO7: -1 | AP7: 0 | AQ7: 0 | AR7: 0 | AS7: 0 | AT7: 0 | AU7: 0 | AV7: 0 | AW7: 1 | AX7: 0 | AY7: 1 | AZ7: 8 | BA7: 50 | BB7: 50 | BC7: 50 | BD7: 50 | BE7: 50 | BF7: 50 | BG7: 50 | BH7: -1 | BI7: -1 | BJ7: -1 | BK7: 0 | BL7: 0 | BM7: 0 | BN7: 0 | BO7: 0 | BP7: 0 | BQ7: -1 | BR7: -1 | BS7: -1 | BT7: 0 | BU7: 0 | BV7: 0 | BW7: 0 | BX7: 0 | BY7: 0 | BZ7: -1 | CA7: -1 | CB7: -1 | CC7: 0 | CD7: 0 | CE7: 0 | CF7: 0 | CG7: 0 | CH7: 0 | CI7: -1 | CJ7: -1 | CK7: -1 | CL7: 0 | CM7: 0 | CN7: 0 | CO7: 0 | CP7: 0 | CQ7: 0 | CR7: 90 | CS7: 140 | CT7: 210 | CU7: 320 | CV7: 480 | CW7: 720 | CX7: 3240 | CY7: 6
A8: 8005 | B8: 0 | C8: 6 | D8: 1 | E8: 데쓰 | F8: Death | G8: Velocity | H8: Velocity | I8: 1 | J8: 1 | K8: 1 | L8: 00110000 | M8: 01000000 | N8: 100000000000 | O8: 0 | P8: 0000000000000000 | Q8: 0 | R8: -1 | S8: -1 | T8: 0 | U8: 60 | V8: 0 | W8: -1 | X8: -1 | Y8: -1 | Z8: -1 | AA8: -1 | AB8: -1 | AC8: 1000 | AD8: 0 | AE8: -1 | AF8: -1 | AG8: -1 | AH8: 0 | AI8: -1 | AJ8: 8 | AK8: -1 | AL8: 165 | AM8: -1 | AN8: -1 | AO8: -1 | AP8: 0 | AQ8: 0 | AR8: 0 | AS8: 0 | AT8: 0 | AU8: 0 | AV8: 0 | AW8: 1 | AX8: 0 | AY8: 1 | AZ8: 20 | BA8: 1 | BB8: 1.1 | BC8: 1.2 | BD8: 1.4 | BE8: 1.6 | BF8: 1.8 | BG8: 2 | BH8: -1 | BI8: -1 | BJ8: -1 | BK8: 0 | BL8: 0 | BM8: 0 | BN8: 0 | BO8: 0 | BP8: 0 | BQ8: -1 | BR8: -1 | BS8: -1 | BT8: 0 | BU8: 0 | BV8: 0 | BW8: 0 | BX8: 0 | BY8: 0 | BZ8: -1 | CA8: -1 | CB8: -1 | CC8: 0 | CD8: 0 | CE8: 0 | CF8: 0 | CG8: 0 | CH8: 0 | CI8: -1 | CJ8: -1 | CK8: -1 | CL8: 0 | CM8: 0 | CN8: 0 | CO8: 0 | CP8: 0 | CQ8: 0 | CR8: 90 | CS8: 140 | CT8: 210 | CU8: 320 | CV8: 480 | CW8: 720 | CX8: 3240 | CY8: 6
A9: 8006 | B9: 0 | C9: 7 | D9: 2 | E9: 익스팅션 | F9: Extinction | G9: Acuity | H9: Acuity | I9: 2 | J9: 1 | K9: 1 | L9: 00110000 | M9: 01000000 | N9: 100000000000 | O9: 1 | P9: 0000000000000000 | Q9: 0 | R9: -1 | S9: -1 | T9: 0 | U9: 90 | V9: 0 | W9: -1 | X9: -1 | Y9: -1 | Z9: -1 | AA9: -1 | AB9: -1 | AC9: 1000 | AD9: 0 | AE9: -1 | AF9: -1 | AG9: -1 | AH9: 0 | AI9: -1 | AJ9: 8 | AK9: -1 | AL9: 165 | AM9: -1 | AN9: -1 | AO9: -1 | AP9: 0 | AQ9: 0 | AR9: 0 | AS9: 0 | AT9: 0 | AU9: 0 | AV9: 0 | AW9: 1 | AX9: 0 | AY9: 1 | AZ9: 0 | BA9: 10 | BB9: 12 | BC9: 15 | BD9: 18 | BE9: 21 | BF9: 25 | BG9: 30 | BH9: 1 | BI9: 1 | BJ9: 10 | BK9: 12 | BL9: 15 | BM9: 18 | BN9: 21 | BO9: 25 | BP9: 30 | BQ9: 1 | BR9: 30 | BS9: 10 | BT9: 12 | BU9: 15 | BV9: 18 | BW9: 21 | BX9: 25 | BY9: 30 | BZ9: 1 | CA9: 31 | CB9: 10 | CC9: 12 | CD9: 15 | CE9: 18 | CF9: 21 | CG9: 25 | CH9: 30 | CI9: -1 | CJ9: -1 | CK9: -1 | CL9: 0 | CM9: 0 | CN9: 0 | CO9: 0 | CP9: 0 | CQ9: 0 | CR9: 90 | CS9: 140 | CT9: 210 | CU9: 320 | CV9: 480 | CW9: 720 | CX9: 3240 | CY9: 6
A10: 8007 | B10: 0 | C10: 8 | D10: 2 | E10: 익스팅션 | F10: Extinction | G10: Torment | H10: Torment | I10: 2 | J10: 1 | K10: 1 | L10: 00110000 | M10: 00110000 | N10: 100000000000 | O10: 1 | P10: 0000000000000000 | Q10: 0 | R10: -1 | S10: -1 | T10: 0 | U10: 90 | V10: 0 | W10: -1 | X10: -1 | Y10: -1 | Z10: -1 | AA10: -1 | AB10: -1 | AC10: 18000 | AD10: 0 | AE10: -1 | AF10: -1 | AG10: -1 | AH10: 0 | AI10: -1 | AJ10: 8 | AK10: -1 | AL10: 165 | AM10: -1 | AN10: -1 | AO10: -1 | AP10: 0 | AQ10: 0 | AR10: 0 | AS10: 0 | AT10: 0 | AU10: 0 | AV10: 0 | AW10: 0 | AX10: 0 | AY10: 1 | AZ10: 32 | BA10: -100 | BB10: -100 | BC10: -100 | BD10: -100 | BE10: -100 | BF10: -100 | BG10: -100 | BH10: 1 | BI10: 33 | BJ10: -100 | BK10: -100 | BL10: -100 | BM10: -100 | BN10: -100 | BO10: -100 | BP10: -100 | BQ10: 1 | BR10: 34 | BS10: -100 | BT10: -100 | BU10: -100 | BV10: -100 | BW10: -100 | BX10: -100 | BY10: -100 | BZ10: -1 | CA10: -1 | CB10: -1 | CC10: 0 | CD10: 0 | CE10: 0 | CF10: 0 | CG10: 0 | CH10: 0 | CI10: -1 | CJ10: -1 | CK10: -1 | CL10: 0 | CM10: 0 | CN10: 0 | CO10: 0 | CP10: 0 | CQ10: 0 | CR10: 30 | CS10: 36 | CT10: 45 | CU10: 54 | CV10: 63 | CW10: 75 | CX10: 90 | CY10: 6
A11: 8008 | B11: 0 | C11: 9 | D11: 2 | E11: 익스팅션 | F11: Extinction | G11: Conservation | H11: Conservation | I11: 2 | J11: 1 | K11: 1 | L11: 00110000 | M11: 01000000 | N11: 100000000000 | O11: 1 | P11: 0000000000000000 | Q11: 0 | R11: -1 | S11: -1 | T11: 0 | U11: 90 | V11: 0 | W11: -1 | X11: -1 | Y11: -1 | Z11: -1 | AA11: -1 | AB11: -1 | AC11: 1000 | AD11: 0 | AE11: -1 | AF11: -1 | AG11: -1 | AH11: 0 | AI11: -1 | AJ11: 8 | AK11: -1 | AL11: 165 | AM11: -1 | AN11: -1 | AO11: -1 | AP11: 0 | AQ11: 0 | AR11: 0 | AS11: 0 | AT11: 0 | AU11: 0 | AV11: 0 | AW11: 1 | AX11: 0 | AY11: 0 | AZ11: 7 | BA11: -0.050000001 | BB11: -0.1 | BC11: -0.15000001 | BD11: -0.2 | BE11: -0.25 | BF11: -0.30000001 | BG11: -0.34999999 | BH11: -1 | BI11: -1 | BJ11: -1 | BK11: 0 | BL11: 0 | BM11: 0 | BN11: 0 | BO11: 0 | BP11: 0 | BQ11: -1 | BR11: -1 | BS11: -1 | BT11: 0 | BU11: 0 | BV11: 0 | BW11: 0 | BX11: 0 | BY11: 0 | BZ11: -1 | CA11: -1 | CB11: -1 | CC11: 0 | CD11: 0 | CE11: 0 | CF11: 0 | CG11: 0 | CH11: 0 | CI11: -1 | CJ11: -1 | CK11: -1 | CL11: 0 | CM11: 0 | CN11: 0 | CO11: 0 | CP11: 0 | CQ11: 0 | CR11: 90 | CS11: 140 | CT11: 210 | CU11: 320 | CV11: 480 | CW11: 720 | CX11: 3240 | CY11: 6
A12: 8009 | B12: 0 | C12: 10 | D12: 3 | E12: 헬 | F12: Hell | G12: Absorption | H12: Absorption | I12: 3 | J12: 1 | K12: 0 | L12: 00110000 | M12: 01000000 | N12: 100000000000 | O12: 2 | P12: 0000000000000000 | Q12: 0 | R12: -1 | S12: -1 | T12: 0 | U12: 120 | V12: 0 | W12: -1 | X12: -1 | Y12: -1 | Z12: -1 | AA12: -1 | AB12: -1 | AC12: 1000 | AD12: 0 | AE12: -1 | AF12: -1 | AG12: -1 | AH12: 0 | AI12: -1 | AJ12: 8 | AK12: -1 | AL12: 165 | AM12: -1 | AN12: -1 | AO12: -1 | AP12: 0 | AQ12: 0 | AR12: 0 | AS12: 0 | AT12: 0 | AU12: 0 | AV12: 0 | AW12: 1 | AX12: 0 | AY12: 0 | AZ12: 13 | BA12: 0.2 | BB12: 0.30000001 | BC12: 0.40000001 | BD12: 0.5 | BE12: 0.60000002 | BF12: 0.69999999 | BG12: 1 | BH12: -1 | BI12: -1 | BJ12: -1 | BK12: 0 | BL12: 0 | BM12: 0 | BN12: 0 | BO12: 0 | BP12: 0 | BQ12: -1 | BR12: -1 | BS12: -1 | BT12: 0 | BU12: 0 | BV12: 0 | BW12: 0 | BX12: 0 | BY12: 0 | BZ12: -1 | CA12: -1 | CB12: -1 | CC12: 0 | CD12: 0 | CE12: 0 | CF12: 0 | CG12: 0 | CH12: 0 | CI12: -1 | CJ12: -1 | CK12: -1 | CL12: 0 | CM12: 0 | CN12: 0 | CO12: 0 | CP12: 0 | CQ12: 0 | CR12: 90 | CS12: 140 | CT12: 210 | CU12: 320 | CV12: 480 | CW12: 720 | CX12: 3240 | CY12: 6
A13: 800A | B13: 0 | C13: 11 | D13: 3 | E13: 헬 | F13: Hell | G13: Transparency | H13: Transparency | I13: 3 | J13: 1 | K13: 0 | L13: 00110000 | M13: 01000000 | N13: 100000000000 | O13: 2 | P13: 0000000000000000 | Q13: 0 | R13: 1 | S13: -1 | T13: 0 | U13: 120 | V13: 0 | W13: -1 | X13: -1 | Y13: -1 | Z13: -1 | AA13: -1 | AB13: -1 | AC13: 1000 | AD13: 0 | AE13: -1 | AF13: -1 | AG13: -1 | AH13: 0 | AI13: -1 | AJ13: 8 | AK13: -1 | AL13: 165 | AM13: -1 | AN13: -1 | AO13: -1 | AP13: 0 | AQ13: 0 | AR13: 0 | AS13: 0 | AT13: 0 | AU13: 0 | AV13: 0 | AW13: 1 | AX13: 0 | AY13: 1 | AZ13: 21 | BA13: 0 | BB13: 0 | BC13: 0 | BD13: 0 | BE13: 0 | BF13: 0 | BG13: 0 | BH13: -1 | BI13: -1 | BJ13: -1 | BK13: 0 | BL13: 0 | BM13: 0 | BN13: 0 | BO13: 0 | BP13: 0 | BQ13: -1 | BR13: -1 | BS13: -1 | BT13: 0 | BU13: 0 | BV13: 0 | BW13: 0 | BX13: 0 | BY13: 0 | BZ13: -1 | CA13: -1 | CB13: -1 | CC13: 0 | CD13: 0 | CE13: 0 | CF13: 0 | CG13: 0 | CH13: 0 | CI13: -1 | CJ13: -1 | CK13: -1 | CL13: 0 | CM13: 0 | CN13: 0 | CO13: 0 | CP13: 0 | CQ13: 0 | CR13: 90 | CS13: 140 | CT13: 210 | CU13: 320 | CV13: 480 | CW13: 720 | CX13: 3240 | CY13: 6
A14: 800B | B14: 0 | C14: 12 | D14: 3 | E14: 헬 | F14: Hell | G14: Revival | H14: Revival | I14: 3 | J14: 1 | K14: 0 | L14: 00110000 | M14: 01000000 | N14: 100000000000 | O14: 2 | P14: 0000000000000000 | Q14: 0 | R14: -1 | S14: -1 | T14: 0 | U14: 120 | V14: 0 | W14: -1 | X14: -1 | Y14: -1 | Z14: -1 | AA14: -1 | AB14: -1 | AC14: 1000 | AD14: 0 | AE14: -1 | AF14: -1 | AG14: -1 | AH14: 0 | AI14: -1 | AJ14: 8 | AK14: -1 | AL14: 165 | AM14: -1 | AN14: 2 | AO14: -1 | AP14: 0 | AQ14: 0 | AR14: 0 | AS14: 0 | AT14: 0 | AU14: 0 | AV14: 0 | AW14: -1 | AX14: 0 | AY14: -1 | AZ14: -1 | BA14: -1 | BB14: 0 | BC14: 0 | BD14: 0 | BE14: 0 | BF14: 0 | BG14: 0 | BH14: -1 | BI14: -1 | BJ14: -1 | BK14: 0 | BL14: 0 | BM14: 0 | BN14: 0 | BO14: 0 | BP14: 0 | BQ14: -1 | BR14: -1 | BS14: -1 | BT14: 0 | BU14: 0 | BV14: 0 | BW14: 0 | BX14: 0 | BY14: 0 | BZ14: -1 | CA14: -1 | CB14: -1 | CC14: 0 | CD14: 0 | CE14: 0 | CF14: 0 | CG14: 0 | CH14: 0 | CI14: -1 | CJ14: -1 | CK14: -1 | CL14: 0 | CM14: 0 | CN14: 0 | CO14: 0 | CP14: 0 | CQ14: 0 | CR14: 0 | CS14: 0 | CT14: 0 | CU14: 0 | CV14: 0 | CW14: 0 | CX14: 0 | CY14: 6
... A90: 950F | B90: 5 | C90: 88 | D90: 23 | E90: 그래버티&썬더버드 | F90: Gravity&Thunder Bird | G90: Slacken Vigilance | H90: Slacken Vigilance | I90: 3 | J90: 1 | K90: 0 | L90: 11110000 | M90: 01000000 | N90: 100000000000 | O90: 22 | P90: 0000000001000000 | Q90: 0 | R90: -1 | S90: -1 | T90: 0 | U90: 120 | V90: 0 | W90: -1 | X90: -1 | Y90: -1 | Z90: -1 | AA90: -1 | AB90: -1 | AC90: 6000 | AD90: 0 | AE90: -1 | AF90: -1 | AG90: -1 | AH90: 0 | AI90: 3 | AJ90: 8 | AK90: -1 | AL90: 120 | AM90: -1 | AN90: 13 | AO90: -1 | AP90: 0 | AQ90: 0 | AR90: 0 | AS90: 0 | AT90: 0 | AU90: 0 | AV90: 0 | AW90: -1 | AX90: 0 | AY90: -1 | AZ90: -1 | BA90: -1 | BB90: 0 | BC90: 0 | BD90: 0 | BE90: 0 | BF90: 0 | BG90: 0 | BH90: -1 | BI90: -1 | BJ90: -1 | BK90: 0 | BL90: 0 | BM90: 0 | BN90: 0 | BO90: 0 | BP90: 0 | BQ90: -1 | BR90: -1 | BS90: -1 | BT90: 0 | BU90: 0 | BV90: 0 | BW90: 0 | BX90: 0 | BY90: 0 | BZ90: -1 | CA90: -1 | CB90: -1 | CC90: 0 | CD90: 0 | CE90: 0 | CF90: 0 | CG90: 0 | CH90: 0 | CI90: -1 | CJ90: -1 | CK90: -1 | CL90: 0 | CM90: 0 | CN90: 0 | CO90: 0 | CP90: 0 | CQ90: 0 | CR90: 0 | CS90: 0 | CT90: 0 | CU90: 0 | CV90: 0 | CW90: 0 | CX90: 0 | CY90: 6

Sheet ndforce
A1: string[32] | B1: string[512] | C1: END
A2: =Force!G2 -> KorName | B2: Description
A3: =Force!G3 -> Celerity | B3: Quickens the target's metabolism, temporarily increasing melee attack speed.
A4: =Force!G4 -> Sacrifice | B4: Channel the Dark Force to turn HP into FP.
A5: =Force!G5 -> Tempo | B5: Attunes the target to the tides of the Dark Force, temporarily decreasing cast delay of force spells.
A6: =Force!G6 -> Adept | B6: Mastery of the Dark Force temporarily increases the attack power of the target's force spells.
A7: =Force!G7 -> Vista | B7: Increases the effectiveness of spells, temporarily improving the attack distance of the target's force spells.
A8: =Force!G8 -> Velocity | B8: Taps into the currents of the Dark Force, temporarily increasing the target's movement speed
A9: =Force!G9 -> Acuity | B9: Uses the Dark Force to direct a target's attacks, temporarily increasing accuracy.
A10: =Force!G10 -> Torment | B10: A psychic attack using the Dark Force, causing the target to gradually lose HP, FP and SP.
A11: =Force!G11 -> Conservation | B11: By drawing directly upon the Dark Force, the FP costs of skill and forces are reduced.
A12: =Force!G12 -> Absorption | B12: Converts the damage you deal to FP.
A13: =Force!G13 -> Transparency | B13: Invisibility
... A90: =Force!G90 -> Slacken Vigilance | B90: Cancels any imposed debuffs
