Workbook

Sheet UNmannedminer
A1: string[64] | B1: dword | C1: string[64] | D1: string[64] | E1: string[64] | F1: string[64] | G1: dword | H1: dword | I1: dword | J1: dword | K1: dword | L1: dword | M1: dword | N1: dword | O1: dword | P1: float | Q1: float | R1: dword | S1: dword | T1: dword | U1: dword | V1: dword | W1: dword | X1: dword | Y1: dword | Z1: dword | AA1: dword | AB1: dword | AC1: dword | AD1: dword | AE1: dword | AF1: dword | AG1: dword | AH1: dword | AI1: dword | AJ1: string[64] | AK1: dword | AL1: dword | AM1: dword | AN1: END
A2: Code | B2: IsExist | C2: Model | D2: Mesh | E2: Name | F2: Civil | G2: LvLim | H2: UpLvLim | I2: ExpTime | J2: Icon | K2: Level | L2: Height | M2: Width | N2: DefSklUnit | O2: DefFc | P2: DefGap | Q2: DefFacing | R2: Fire | S2: Water | T2: Soil | U2: Wind | V2: MaxHp | W2: Money | X2: StdPrice | Y2: StdPoint | Z2: GoldPoint | AA2: KillPoint | AB2: ProcPoint | AC2: StorePrice | AD2: IsSell | AE2: IsExchange | AF2: IsGround | AG2: IsStore | AH2: IsNormAcc | AI2: IsUpgrade | AJ2: ToolTip | AK2: DefEffType | AL2: IsCash | AM2: IsTime
A3: unbb000 | B3: 1 | C3: 731200 | D3: 7200 | E3: Advanced UnmannedMiningTool | F3: 11000 | G3: 45 | H3: -1 | I3: 180 | J3: 1 | K3: 50 | L3: 30 | M3: 20 | N3: 99 | O3: 2333 | P3: 0.5 | Q3: 0.085083 | R3: 20 | S3: 20 | T3: 20 | U3: 20 | V3: 300000 | W3: 0 | X3: 2000000 | Y3: 0 | Z3: 0 | AA3: 0 | AB3: 0 | AC3: 100000 | AD3: 1 | AE3: 1 | AF3: 1 | AG3: 1 | AH3: 1 | AI3: 0 | AJ3: tunbb000 | AK3: 2 | AL3: 0 | AM3: 0
A4: unbb001 | B4: 1 | C4: 731200 | D4: 7200 | E4: Advanced UnmannedMiningTool | F4: 11000 | G4: 45 | H4: -1 | I4: 180 | J4: 1 | K4: 50 | L4: 30 | M4: 20 | N4: 99 | O4: 2333 | P4: 0.5 | Q4: 0.085083 | R4: 20 | S4: 20 | T4: 20 | U4: 20 | V4: 300000 | W4: 0 | X4: 2000000 | Y4: 0 | Z4: 0 | AA4: 0 | AB4: 0 | AC4: 100000 | AD4: 1 | AE4: 1 | AF4: 1 | AG4: 1 | AH4: 1 | AI4: 0 | AJ4: tunbb001 | AK4: 2 | AL4: 0 | AM4: 0
A5: uncc000 | B5: 1 | C5: 831200 | D5: 8200 | E5: Advanced UnmannedMiningTool | F5: 00110 | G5: 45 | H5: -1 | I5: 180 | J5: 2 | K5: 50 | L5: 30 | M5: 20 | N5: 99 | O5: 2333 | P5: 0.5 | Q5: 0.085083 | R5: 20 | S5: 20 | T5: 20 | U5: 20 | V5: 300000 | W5: 0 | X5: 2000000 | Y5: 0 | Z5: 0 | AA5: 0 | AB5: 0 | AC5: 100000 | AD5: 1 | AE5: 1 | AF5: 1 | AG5: 1 | AH5: 1 | AI5: 0 | AJ5: tuncc000 | AK5: 2 | AL5: 0 | AM5: 0
A6: uncc001 | B6: 1 | C6: 831200 | D6: 8200 | E6: Advanced UnmannedMiningTool | F6: 00110 | G6: 45 | H6: -1 | I6: 180 | J6: 2 | K6: 50 | L6: 30 | M6: 20 | N6: 99 | O6: 2333 | P6: 0.5 | Q6: 0.085083 | R6: 20 | S6: 20 | T6: 20 | U6: 20 | V6: 300000 | W6: 0 | X6: 2000000 | Y6: 0 | Z6: 0 | AA6: 0 | AB6: 0 | AC6: 100000 | AD6: 1 | AE6: 1 | AF6: 1 | AG6: 1 | AH6: 1 | AI6: 0 | AJ6: tuncc001 | AK6: 2 | AL6: 0 | AM6: 0
A7: unaa000 | B7: 1 | C7: 431200 | D7: 4200 | E7: Advanced UnmannedMiningTool | F7: 00001 | G7: 45 | H7: -1 | I7: 180 | J7: 3 | K7: 50 | L7: 30 | M7: 20 | N7: 99 | O7: 2333 | P7: 0.5 | Q7: 0.085083 | R7: 20 | S7: 20 | T7: 20 | U7: 20 | V7: 300000 | W7: 0 | X7: 2000000 | Y7: 0 | Z7: 0 | AA7: 0 | AB7: 0 | AC7: 100000 | AD7: 1 | AE7: 1 | AF7: 1 | AG7: 1 | AH7: 1 | AI7: 0 | AJ7: tunaa000 | AK7: 2 | AL7: 0 | AM7: 0
A8: unaa001 | B8: 1 | C8: 431200 | D8: 4200 | E8: Advanced UnmannedMiningTool | F8: 00001 | G8: 45 | H8: -1 | I8: 180 | J8: 3 | K8: 50 | L8: 30 | M8: 20 | N8: 99 | O8: 2333 | P8: 0.5 | Q8: 0.085083 | R8: 20 | S8: 20 | T8: 20 | U8: 20 | V8: 300000 | W8: 0 | X8: 2000000 | Y8: 0 | Z8: 0 | AA8: 0 | AB8: 0 | AC8: 100000 | AD8: 1 | AE8: 1 | AF8: 1 | AG8: 1 | AH8: 1 | AI8: 0 | AJ8: tunaa001 | AK8: 2 | AL8: 0 | AM8: 0
A9: unbb002 | B9: 1 | C9: 731200 | D9: 7200 | E9: Normal UnmannedMiningTool | F9: 11000 | G9: 35 | H9: -1 | I9: 180 | J9: 1 | K9: 40 | L9: 30 | M9: 20 | N9: 99 | O9: 1289 | P9: 0.5 | Q9: 0.085083 | R9: 20 | S9: 20 | T9: 20 | U9: 20 | V9: 150000 | W9: 0 | X9: 1000000 | Y9: 0 | Z9: 0 | AA9: 0 | AB9: 0 | AC9: 50000 | AD9: 1 | AE9: 1 | AF9: 1 | AG9: 1 | AH9: 1 | AI9: 0 | AJ9: tunbb002 | AK9: 2 | AL9: 0 | AM9: 0
A10: uncc002 | B10: 1 | C10: 831200 | D10: 8200 | E10: Normal UnmannedMiningTool | F10: 00110 | G10: 35 | H10: -1 | I10: 180 | J10: 2 | K10: 40 | L10: 30 | M10: 20 | N10: 99 | O10: 1289 | P10: 0.5 | Q10: 0.085083 | R10: 20 | S10: 20 | T10: 20 | U10: 20 | V10: 150000 | W10: 0 | X10: 1000000 | Y10: 0 | Z10: 0 | AA10: 0 | AB10: 0 | AC10: 50000 | AD10: 1 | AE10: 1 | AF10: 1 | AG10: 1 | AH10: 1 | AI10: 0 | AJ10: tuncc002 | AK10: 2 | AL10: 0 | AM10: 0
A11: unaa002 | B11: 1 | C11: 431200 | D11: 4200 | E11: Normal UnmannedMiningTool | F11: 00001 | G11: 35 | H11: -1 | I11: 180 | J11: 3 | K11: 40 | L11: 30 | M11: 20 | N11: 99 | O11: 1289 | P11: 0.5 | Q11: 0.085083 | R11: 20 | S11: 20 | T11: 20 | U11: 20 | V11: 150000 | W11: 0 | X11: 1000000 | Y11: 0 | Z11: 0 | AA11: 0 | AB11: 0 | AC11: 50000 | AD11: 1 | AE11: 1 | AF11: 1 | AG11: 1 | AH11: 1 | AI11: 0 | AJ11: tunaa002 | AK11: 2 | AL11: 0 | AM11: 0
A12: unbb003 | B12: 1 | C12: 731200 | D12: 7200 | E12: Light UnmannedMiningTool | F12: 11000 | G12: 25 | H12: -1 | I12: 180 | J12: 1 | K12: 30 | L12: 30 | M12: 20 | N12: 99 | O12: 671 | P12: 0.5 | Q12: 0.085083 | R12: 20 | S12: 20 | T12: 20 | U12: 20 | V12: 50000 | W12: 0 | X12: 300000 | Y12: 0 | Z12: 0 | AA12: 0 | AB12: 0 | AC12: 15000 | AD12: 1 | AE12: 1 | AF12: 1 | AG12: 1 | AH12: 1 | AI12: 0 | AJ12: tunbb003 | AK12: 2 | AL12: 0 | AM12: 0
A13: uncc003 | B13: 1 | C13: 831200 | D13: 8200 | E13: Light UnmannedMiningTool | F13: 00110 | G13: 25 | H13: -1 | I13: 180 | J13: 2 | K13: 30 | L13: 30 | M13: 20 | N13: 99 | O13: 671 | P13: 0.5 | Q13: 0.085083 | R13: 20 | S13: 20 | T13: 20 | U13: 20 | V13: 50000 | W13: 0 | X13: 300000 | Y13: 0 | Z13: 0 | AA13: 0 | AB13: 0 | AC13: 15000 | AD13: 1 | AE13: 1 | AF13: 1 | AG13: 1 | AH13: 1 | AI13: 0 | AJ13: tuncc003 | AK13: 2 | AL13: 0 | AM13: 0
A14: unaa003 | B14: 1 | C14: 431200 | D14: 4200 | E14: Light UnmannedMiningTool | F14: 00001 | G14: 25 | H14: -1 | I14: 180 | J14: 3 | K14: 30 | L14: 30 | M14: 20 | N14: 99 | O14: 671 | P14: 0.5 | Q14: 0.085083 | R14: 20 | S14: 20 | T14: 20 | U14: 20 | V14: 50000 | W14: 0 | X14: 300000 | Y14: 0 | Z14: 0 | AA14: 0 | AB14: 0 | AC14: 15000 | AD14: 1 | AE14: 1 | AF14: 1 | AG14: 1 | AH14: 1 | AI14: 0 | AJ14: tunaa003 | AK14: 2 | AL14: 0 | AM14: 0
... A29: unapc01 | B29: 1 | C29: 431200 | D29: 4200 | E29: Cafe Only Advanced UMT | F29: 00001 | G29: 25 | H29: -1 | I29: 180 | J29: 9 | K29: 50 | L29: 30 | M29: 20 | N29: 99 | O29: 2333 | P29: 0.5 | Q29: 0.085083 | R29: 20 | S29: 20 | T29: 20 | U29: 20 | V29: 300000 | W29: 0 | X29: 1 | Y29: 0 | Z29: 0 | AA29: 0 | AB29: 0 | AC29: 0 | AD29: 1 | AE29: 0 | AF29: 0 | AG29: 1 | AH29: 1 | AI29: 0 | AJ29: tunapc01 | AK29: 2 | AL29: 0 | AM29: 0

Sheet 33decrypt
A1: clcode | B1: string[64] | C1: xeh | D1: dword | E1: stb | F1: byte | G1: byte | H1: word | I1: dword | J1: dword | K1: dword | L1: dword | M1: dword | N1: dword | O1: dword | P1: dword | Q1: dword | R1: dword | S1: dword | T1: dword | U1: dword | V1: dword | W1: dword | X1: xeh | Y1: byte | Z1: byte | AA1: word | AB1: dword | AC1: dword | AD1: dword | AE1: dword | AF1: byte | AG1: byte | AH1: byte | AI1: byte | AJ1: dword | AK1: dword | AL1: END
A2: =UNmannedminer!A2 -> Code | B2: =UNmannedminer!E2 -> Name | C2: =UNmannedminer!C2 -> Model | D2: =UNmannedminer!J2 -> Icon | E2: =UNmannedminer!F2 -> Civil | F2: ListID | G2: =UNmannedminer!W2 -> Money | H2: none | I2: =UNmannedminer!X2 -> StdPrice | J2: =UNmannedminer!Y2 -> StdPoint | K2: =UNmannedminer!Z2 -> GoldPoint | L2: =UNmannedminer!AB2 -> ProcPoint | M2: =UNmannedminer!AA2 -> KillPoint | N2: =UNmannedminer!AC2 -> StorePrice | O2: =UNmannedminer!AE2 -> IsExchange | P2: =UNmannedminer!AD2 -> IsSell | Q2: =UNmannedminer!AF2 -> IsGround | R2: =UNmannedminer!AG2 -> IsStore | S2: Descript | T2: =UNmannedminer!B2 -> IsExist | U2: =UNmannedminer!AL2 -> IsCash | V2: =UNmannedminer!AM2 -> IsTime | W2: =UNmannedminer!H2 -> UpLvLim | X2: =UNmannedminer!D2 -> Mesh | Y2: =UNmannedminer!K2 -> Level | Z2: =UNmannedminer!G2 -> LvLim | AA2: none | AB2: =UNmannedminer!V2 -> MaxHp | AC2: hz | AD2: hz | AE2: =UNmannedminer!O2 -> DefFc | AF2: =UNmannedminer!R2 -> Fire | AG2: =UNmannedminer!S2 -> Water | AH2: =UNmannedminer!T2 -> Soil | AI2: =UNmannedminer!U2 -> Wind | AJ2: =UNmannedminer!AK2 -> DefEffType | AK2: hz
A3: =UNmannedminer!A3 -> unbb000 | B3: =UNmannedminer!E3 -> Advanced UnmannedMiningTool | C3: =UNmannedminer!C3 -> 731200 | D3: =UNmannedminer!J3 -> 1 | E3: =UNmannedminer!F3 -> 11000 | F3: 33 | G3: =UNmannedminer!W3 -> 0 | H3: 0 | I3: =UNmannedminer!X3 -> 2000000 | J3: =UNmannedminer!Y3 -> 0 | K3: =UNmannedminer!Z3 -> 0 | L3: =UNmannedminer!AB3 -> 0 | M3: =UNmannedminer!AA3 -> 0 | N3: =UNmannedminer!AC3 -> 100000 | O3: =UNmannedminer!AE3 -> 1 | P3: =UNmannedminer!AD3 -> 1 | Q3: =UNmannedminer!AF3 -> 1 | R3: =UNmannedminer!AG3 -> 1 | S3: 0 | T3: =UNmannedminer!B3 -> 1 | U3: =UNmannedminer!AL3 -> 0 | V3: =UNmannedminer!AM3 -> 0 | W3: =UNmannedminer!H3 -> -1 | X3: =UNmannedminer!D3 -> 7200 | Y3: =UNmannedminer!K3 -> 50 | Z3: =UNmannedminer!G3 -> 45 | AA3: 0 | AB3: =UNmannedminer!V3 -> 300000 | AC3: 3000 | AD3: 1 | AE3: =UNmannedminer!O3 -> 2333 | AF3: =UNmannedminer!R3 -> 20 | AG3: =UNmannedminer!S3 -> 20 | AH3: =UNmannedminer!T3 -> 20 | AI3: =UNmannedminer!U3 -> 20 | AJ3: =UNmannedminer!AK3 -> 2 | AK3: 0
A4: =UNmannedminer!A4 -> unbb001 | B4: =UNmannedminer!E4 -> Advanced UnmannedMiningTool | C4: =UNmannedminer!C4 -> 731200 | D4: =UNmannedminer!J4 -> 1 | E4: =UNmannedminer!F4 -> 11000 | F4: 33 | G4: =UNmannedminer!W4 -> 0 | H4: 0 | I4: =UNmannedminer!X4 -> 2000000 | J4: =UNmannedminer!Y4 -> 0 | K4: =UNmannedminer!Z4 -> 0 | L4: =UNmannedminer!AB4 -> 0 | M4: =UNmannedminer!AA4 -> 0 | N4: =UNmannedminer!AC4 -> 100000 | O4: =UNmannedminer!AE4 -> 1 | P4: =UNmannedminer!AD4 -> 1 | Q4: =UNmannedminer!AF4 -> 1 | R4: =UNmannedminer!AG4 -> 1 | S4: 1 | T4: =UNmannedminer!B4 -> 1 | U4: =UNmannedminer!AL4 -> 0 | V4: =UNmannedminer!AM4 -> 0 | W4: =UNmannedminer!H4 -> -1 | X4: =UNmannedminer!D4 -> 7200 | Y4: =UNmannedminer!K4 -> 50 | Z4: =UNmannedminer!G4 -> 45 | AA4: 0 | AB4: =UNmannedminer!V4 -> 300000 | AC4: 3000 | AD4: 1 | AE4: =UNmannedminer!O4 -> 2333 | AF4: =UNmannedminer!R4 -> 20 | AG4: =UNmannedminer!S4 -> 20 | AH4: =UNmannedminer!T4 -> 20 | AI4: =UNmannedminer!U4 -> 20 | AJ4: =UNmannedminer!AK4 -> 2 | AK4: 0
A5: =UNmannedminer!A5 -> uncc000 | B5: =UNmannedminer!E5 -> Advanced UnmannedMiningTool | C5: =UNmannedminer!C5 -> 831200 | D5: =UNmannedminer!J5 -> 2 | E5: =UNmannedminer!F5 -> 00110 | F5: 33 | G5: =UNmannedminer!W5 -> 0 | H5: 0 | I5: =UNmannedminer!X5 -> 2000000 | J5: =UNmannedminer!Y5 -> 0 | K5: =UNmannedminer!Z5 -> 0 | L5: =UNmannedminer!AB5 -> 0 | M5: =UNmannedminer!AA5 -> 0 | N5: =UNmannedminer!AC5 -> 100000 | O5: =UNmannedminer!AE5 -> 1 | P5: =UNmannedminer!AD5 -> 1 | Q5: =UNmannedminer!AF5 -> 1 | R5: =UNmannedminer!AG5 -> 1 | S5: 2 | T5: =UNmannedminer!B5 -> 1 | U5: =UNmannedminer!AL5 -> 0 | V5: =UNmannedminer!AM5 -> 0 | W5: =UNmannedminer!H5 -> -1 | X5: =UNmannedminer!D5 -> 8200 | Y5: =UNmannedminer!K5 -> 50 | Z5: =UNmannedminer!G5 -> 45 | AA5: 0 | AB5: =UNmannedminer!V5 -> 300000 | AC5: 3000 | AD5: 1 | AE5: =UNmannedminer!O5 -> 2333 | AF5: =UNmannedminer!R5 -> 20 | AG5: =UNmannedminer!S5 -> 20 | AH5: =UNmannedminer!T5 -> 20 | AI5: =UNmannedminer!U5 -> 20 | AJ5: =UNmannedminer!AK5 -> 2 | AK5: 0
A6: =UNmannedminer!A6 -> uncc001 | B6: =UNmannedminer!E6 -> Advanced UnmannedMiningTool | C6: =UNmannedminer!C6 -> 831200 | D6: =UNmannedminer!J6 -> 2 | E6: =UNmannedminer!F6 -> 00110 | F6: 33 | G6: =UNmannedminer!W6 -> 0 | H6: 0 | I6: =UNmannedminer!X6 -> 2000000 | J6: =UNmannedminer!Y6 -> 0 | K6: =UNmannedminer!Z6 -> 0 | L6: =UNmannedminer!AB6 -> 0 | M6: =UNmannedminer!AA6 -> 0 | N6: =UNmannedminer!AC6 -> 100000 | O6: =UNmannedminer!AE6 -> 1 | P6: =UNmannedminer!AD6 -> 1 | Q6: =UNmannedminer!AF6 -> 1 | R6: =UNmannedminer!AG6 -> 1 | S6: 3 | T6: =UNmannedminer!B6 -> 1 | U6: =UNmannedminer!AL6 -> 0 | V6: =UNmannedminer!AM6 -> 0 | W6: =UNmannedminer!H6 -> -1 | X6: =UNmannedminer!D6 -> 8200 | Y6: =UNmannedminer!K6 -> 50 | Z6: =UNmannedminer!G6 -> 45 | AA6: 0 | AB6: =UNmannedminer!V6 -> 300000 | AC6: 3000 | AD6: 1 | AE6: =UNmannedminer!O6 -> 2333 | AF6: =UNmannedminer!R6 -> 20 | AG6: =UNmannedminer!S6 -> 20 | AH6: =UNmannedminer!T6 -> 20 | AI6: =UNmannedminer!U6 -> 20 | AJ6: =UNmannedminer!AK6 -> 2 | AK6: 0
A7: =UNmannedminer!A7 -> unaa000 | B7: =UNmannedminer!E7 -> Advanced UnmannedMiningTool | C7: =UNmannedminer!C7 -> 431200 | D7: =UNmannedminer!J7 -> 3 | E7: =UNmannedminer!F7 -> 00001 | F7: 33 | G7: =UNmannedminer!W7 -> 0 | H7: 0 | I7: =UNmannedminer!X7 -> 2000000 | J7: =UNmannedminer!Y7 -> 0 | K7: =UNmannedminer!Z7 -> 0 | L7: =UNmannedminer!AB7 -> 0 | M7: =UNmannedminer!AA7 -> 0 | N7: =UNmannedminer!AC7 -> 100000 | O7: =UNmannedminer!AE7 -> 1 | P7: =UNmannedminer!AD7 -> 1 | Q7: =UNmannedminer!AF7 -> 1 | R7: =UNmannedminer!AG7 -> 1 | S7: 4 | T7: =UNmannedminer!B7 -> 1 | U7: =UNmannedminer!AL7 -> 0 | V7: =UNmannedminer!AM7 -> 0 | W7: =UNmannedminer!H7 -> -1 | X7: =UNmannedminer!D7 -> 4200 | Y7: =UNmannedminer!K7 -> 50 | Z7: =UNmannedminer!G7 -> 45 | AA7: 0 | AB7: =UNmannedminer!V7 -> 300000 | AC7: 3000 | AD7: 1 | AE7: =UNmannedminer!O7 -> 2333 | AF7: =UNmannedminer!R7 -> 20 | AG7: =UNmannedminer!S7 -> 20 | AH7: =UNmannedminer!T7 -> 20 | AI7: =UNmannedminer!U7 -> 20 | AJ7: =UNmannedminer!AK7 -> 2 | AK7: 0
A8: =UNmannedminer!A8 -> unaa001 | B8: =UNmannedminer!E8 -> Advanced UnmannedMiningTool | C8: =UNmannedminer!C8 -> 431200 | D8: =UNmannedminer!J8 -> 3 | E8: =UNmannedminer!F8 -> 00001 | F8: 33 | G8: =UNmannedminer!W8 -> 0 | H8: 0 | I8: =UNmannedminer!X8 -> 2000000 | J8: =UNmannedminer!Y8 -> 0 | K8: =UNmannedminer!Z8 -> 0 | L8: =UNmannedminer!AB8 -> 0 | M8: =UNmannedminer!AA8 -> 0 | N8: =UNmannedminer!AC8 -> 100000 | O8: =UNmannedminer!AE8 -> 1 | P8: =UNmannedminer!AD8 -> 1 | Q8: =UNmannedminer!AF8 -> 1 | R8: =UNmannedminer!AG8 -> 1 | S8: 5 | T8: =UNmannedminer!B8 -> 1 | U8: =UNmannedminer!AL8 -> 0 | V8: =UNmannedminer!AM8 -> 0 | W8: =UNmannedminer!H8 -> -1 | X8: =UNmannedminer!D8 -> 4200 | Y8: =UNmannedminer!K8 -> 50 | Z8: =UNmannedminer!G8 -> 45 | AA8: 0 | AB8: =UNmannedminer!V8 -> 300000 | AC8: 3000 | AD8: 1 | AE8: =UNmannedminer!O8 -> 2333 | AF8: =UNmannedminer!R8 -> 20 | AG8: =UNmannedminer!S8 -> 20 | AH8: =UNmannedminer!T8 -> 20 | AI8: =UNmannedminer!U8 -> 20 | AJ8: =UNmannedminer!AK8 -> 2 | AK8: 0
A9: =UNmannedminer!A9 -> unbb002 | B9: =UNmannedminer!E9 -> Normal UnmannedMiningTool | C9: =UNmannedminer!C9 -> 731200 | D9: =UNmannedminer!J9 -> 1 | E9: =UNmannedminer!F9 -> 11000 | F9: 33 | G9: =UNmannedminer!W9 -> 0 | H9: 0 | I9: =UNmannedminer!X9 -> 1000000 | J9: =UNmannedminer!Y9 -> 0 | K9: =UNmannedminer!Z9 -> 0 | L9: =UNmannedminer!AB9 -> 0 | M9: =UNmannedminer!AA9 -> 0 | N9: =UNmannedminer!AC9 -> 50000 | O9: =UNmannedminer!AE9 -> 1 | P9: =UNmannedminer!AD9 -> 1 | Q9: =UNmannedminer!AF9 -> 1 | R9: =UNmannedminer!AG9 -> 1 | S9: 6 | T9: =UNmannedminer!B9 -> 1 | U9: =UNmannedminer!AL9 -> 0 | V9: =UNmannedminer!AM9 -> 0 | W9: =UNmannedminer!H9 -> -1 | X9: =UNmannedminer!D9 -> 7200 | Y9: =UNmannedminer!K9 -> 40 | Z9: =UNmannedminer!G9 -> 35 | AA9: 0 | AB9: =UNmannedminer!V9 -> 150000 | AC9: 3000 | AD9: 1 | AE9: =UNmannedminer!O9 -> 1289 | AF9: =UNmannedminer!R9 -> 20 | AG9: =UNmannedminer!S9 -> 20 | AH9: =UNmannedminer!T9 -> 20 | AI9: =UNmannedminer!U9 -> 20 | AJ9: =UNmannedminer!AK9 -> 2 | AK9: 0
A10: =UNmannedminer!A10 -> uncc002 | B10: =UNmannedminer!E10 -> Normal UnmannedMiningTool | C10: =UNmannedminer!C10 -> 831200 | D10: =UNmannedminer!J10 -> 2 | E10: =UNmannedminer!F10 -> 00110 | F10: 33 | G10: =UNmannedminer!W10 -> 0 | H10: 0 | I10: =UNmannedminer!X10 -> 1000000 | J10: =UNmannedminer!Y10 -> 0 | K10: =UNmannedminer!Z10 -> 0 | L10: =UNmannedminer!AB10 -> 0 | M10: =UNmannedminer!AA10 -> 0 | N10: =UNmannedminer!AC10 -> 50000 | O10: =UNmannedminer!AE10 -> 1 | P10: =UNmannedminer!AD10 -> 1 | Q10: =UNmannedminer!AF10 -> 1 | R10: =UNmannedminer!AG10 -> 1 | S10: 7 | T10: =UNmannedminer!B10 -> 1 | U10: =UNmannedminer!AL10 -> 0 | V10: =UNmannedminer!AM10 -> 0 | W10: =UNmannedminer!H10 -> -1 | X10: =UNmannedminer!D10 -> 8200 | Y10: =UNmannedminer!K10 -> 40 | Z10: =UNmannedminer!G10 -> 35 | AA10: 0 | AB10: =UNmannedminer!V10 -> 150000 | AC10: 3000 | AD10: 1 | AE10: =UNmannedminer!O10 -> 1289 | AF10: =UNmannedminer!R10 -> 20 | AG10: =UNmannedminer!S10 -> 20 | AH10: =UNmannedminer!T10 -> 20 | AI10: =UNmannedminer!U10 -> 20 | AJ10: =UNmannedminer!AK10 -> 2 | AK10: 0
A11: =UNmannedminer!A11 -> unaa002 | B11: =UNmannedminer!E11 -> Normal UnmannedMiningTool | C11: =UNmannedminer!C11 -> 431200 | D11: =UNmannedminer!J11 -> 3 | E11: =UNmannedminer!F11 -> 00001 | F11: 33 | G11: =UNmannedminer!W11 -> 0 | H11: 0 | I11: =UNmannedminer!X11 -> 1000000 | J11: =UNmannedminer!Y11 -> 0 | K11: =UNmannedminer!Z11 -> 0 | L11: =UNmannedminer!AB11 -> 0 | M11: =UNmannedminer!AA11 -> 0 | N11: =UNmannedminer!AC11 -> 50000 | O11: =UNmannedminer!AE11 -> 1 | P11: =UNmannedminer!AD11 -> 1 | Q11: =UNmannedminer!AF11 -> 1 | R11: =UNmannedminer!AG11 -> 1 | S11: 8 | T11: =UNmannedminer!B11 -> 1 | U11: =UNmannedminer!AL11 -> 0 | V11: =UNmannedminer!AM11 -> 0 | W11: =UNmannedminer!H11 -> -1 | X11: =UNmannedminer!D11 -> 4200 | Y11: =UNmannedminer!K11 -> 40 | Z11: =UNmannedminer!G11 -> 35 | AA11: 0 | AB11: =UNmannedminer!V11 -> 150000 | AC11: 3000 | AD11: 1 | AE11: =UNmannedminer!O11 -> 1289 | AF11: =UNmannedminer!R11 -> 20 | AG11: =UNmannedminer!S11 -> 20 | AH11: =UNmannedminer!T11 -> 20 | AI11: =UNmannedminer!U11 -> 20 | AJ11: =UNmannedminer!AK11 -> 2 | AK11: 0
A12: =UNmannedminer!A12 -> unbb003 | B12: =UNmannedminer!E12 -> Light UnmannedMiningTool | C12: =UNmannedminer!C12 -> 731200 | D12: =UNmannedminer!J12 -> 1 | E12: =UNmannedminer!F12 -> 11000 | F12: 33 | G12: =UNmannedminer!W12 -> 0 | H12: 0 | I12: =UNmannedminer!X12 -> 300000 | J12: =UNmannedminer!Y12 -> 0 | K12: =UNmannedminer!Z12 -> 0 | L12: =UNmannedminer!AB12 -> 0 | M12: =UNmannedminer!AA12 -> 0 | N12: =UNmannedminer!AC12 -> 15000 | O12: =UNmannedminer!AE12 -> 1 | P12: =UNmannedminer!AD12 -> 1 | Q12: =UNmannedminer!AF12 -> 1 | R12: =UNmannedminer!AG12 -> 1 | S12: 9 | T12: =UNmannedminer!B12 -> 1 | U12: =UNmannedminer!AL12 -> 0 | V12: =UNmannedminer!AM12 -> 0 | W12: =UNmannedminer!H12 -> -1 | X12: =UNmannedminer!D12 -> 7200 | Y12: =UNmannedminer!K12 -> 30 | Z12: =UNmannedminer!G12 -> 25 | AA12: 0 | AB12: =UNmannedminer!V12 -> 50000 | AC12: 3000 | AD12: 1 | AE12: =UNmannedminer!O12 -> 671 | AF12: =UNmannedminer!R12 -> 20 | AG12: =UNmannedminer!S12 -> 20 | AH12: =UNmannedminer!T12 -> 20 | AI12: =UNmannedminer!U12 -> 20 | AJ12: =UNmannedminer!AK12 -> 2 | AK12: 0
A13: =UNmannedminer!A13 -> uncc003 | B13: =UNmannedminer!E13 -> Light UnmannedMiningTool | C13: =UNmannedminer!C13 -> 831200 | D13: =UNmannedminer!J13 -> 2 | E13: =UNmannedminer!F13 -> 00110 | F13: 33 | G13: =UNmannedminer!W13 -> 0 | H13: 0 | I13: =UNmannedminer!X13 -> 300000 | J13: =UNmannedminer!Y13 -> 0 | K13: =UNmannedminer!Z13 -> 0 | L13: =UNmannedminer!AB13 -> 0 | M13: =UNmannedminer!AA13 -> 0 | N13: =UNmannedminer!AC13 -> 15000 | O13: =UNmannedminer!AE13 -> 1 | P13: =UNmannedminer!AD13 -> 1 | Q13: =UNmannedminer!AF13 -> 1 | R13: =UNmannedminer!AG13 -> 1 | S13: 10 | T13: =UNmannedminer!B13 -> 1 | U13: =UNmannedminer!AL13 -> 0 | V13: =UNmannedminer!AM13 -> 0 | W13: =UNmannedminer!H13 -> -1 | X13: =UNmannedminer!D13 -> 8200 | Y13: =UNmannedminer!K13 -> 30 | Z13: =UNmannedminer!G13 -> 25 | AA13: 0 | AB13: =UNmannedminer!V13 -> 50000 | AC13: 3000 | AD13: 1 | AE13: =UNmannedminer!O13 -> 671 | AF13: =UNmannedminer!R13 -> 20 | AG13: =UNmannedminer!S13 -> 20 | AH13: =UNmannedminer!T13 -> 20 | AI13: =UNmannedminer!U13 -> 20 | AJ13: =UNmannedminer!AK13 -> 2 | AK13: 0
A14: =UNmannedminer!A14 -> unaa003 | B14: =UNmannedminer!E14 -> Light UnmannedMiningTool | C14: =UNmannedminer!C14 -> 431200 | D14: =UNmannedminer!J14 -> 3 | E14: =UNmannedminer!F14 -> 00001 | F14: 33 | G14: =UNmannedminer!W14 -> 0 | H14: 0 | I14: =UNmannedminer!X14 -> 300000 | J14: =UNmannedminer!Y14 -> 0 | K14: =UNmannedminer!Z14 -> 0 | L14: =UNmannedminer!AB14 -> 0 | M14: =UNmannedminer!AA14 -> 0 | N14: =UNmannedminer!AC14 -> 15000 | O14: =UNmannedminer!AE14 -> 1 | P14: =UNmannedminer!AD14 -> 1 | Q14: =UNmannedminer!AF14 -> 1 | R14: =UNmannedminer!AG14 -> 1 | S14: 11 | T14: =UNmannedminer!B14 -> 1 | U14: =UNmannedminer!AL14 -> 0 | V14: =UNmannedminer!AM14 -> 0 | W14: =UNmannedminer!H14 -> -1 | X14: =UNmannedminer!D14 -> 4200 | Y14: =UNmannedminer!K14 -> 30 | Z14: =UNmannedminer!G14 -> 25 | AA14: 0 | AB14: =UNmannedminer!V14 -> 50000 | AC14: 3000 | AD14: 1 | AE14: =UNmannedminer!O14 -> 671 | AF14: =UNmannedminer!R14 -> 20 | AG14: =UNmannedminer!S14 -> 20 | AH14: =UNmannedminer!T14 -> 20 | AI14: =UNmannedminer!U14 -> 20 | AJ14: =UNmannedminer!AK14 -> 2 | AK14: 0
... A29: =UNmannedminer!A29 -> unapc01 | B29: =UNmannedminer!E29 -> Cafe Only Advanced UMT | C29: =UNmannedminer!C29 -> 431200 | D29: =UNmannedminer!J29 -> 9 | E29: =UNmannedminer!F29 -> 00001 | F29: 33 | G29: =UNmannedminer!W29 -> 0 | H29: 0 | I29: =UNmannedminer!X29 -> 1 | J29: =UNmannedminer!Y29 -> 0 | K29: =UNmannedminer!Z29 -> 0 | L29: =UNmannedminer!AB29 -> 0 | M29: =UNmannedminer!AA29 -> 0 | N29: =UNmannedminer!AC29 -> 0 | O29: =UNmannedminer!AE29 -> 0 | P29: =UNmannedminer!AD29 -> 1 | Q29: =UNmannedminer!AF29 -> 0 | R29: =UNmannedminer!AG29 -> 1 | S29: 26 | T29: =UNmannedminer!B29 -> 1 | U29: =UNmannedminer!AL29 -> 0 | V29: =UNmannedminer!AM29 -> 0 | W29: =UNmannedminer!H29 -> -1 | X29: =UNmannedminer!D29 -> 4200 | Y29: =UNmannedminer!K29 -> 50 | Z29: =UNmannedminer!G29 -> 25 | AA29: 0 | AB29: =UNmannedminer!V29 -> 300000 | AC29: 3000 | AD29: 1 | AE29: =UNmannedminer!O29 -> 2333 | AF29: =UNmannedminer!R29 -> 20 | AG29: =UNmannedminer!S29 -> 20 | AH29: =UNmannedminer!T29 -> 20 | AI29: =UNmannedminer!U29 -> 20 | AJ29: =UNmannedminer!AK29 -> 2 | AK29: 0

Sheet 33desc
A1: dword | B1: text | C1: END
A2: Count | B2: Desc
A3: 0 | B3: Advanced Unmanned mining tool that automatically helps you mine.
A4: 1 | B4: Advanced Unmanned mining tool that automatically helps you mine.
A5: 2 | B5: Advanced Unmanned mining tool that automatically helps you mine.
A6: 3 | B6: Advanced Unmanned mining tool that automatically helps you mine.
A7: 4 | B7: Advanced Unmanned mining tool that automatically helps you mine.
A8: 5 | B8: Advanced Unmanned mining tool that automatically helps you mine.
A9: 6 | B9: Normal Unmanned mining tool that automatically helps you mine.
A10: 7 | B10: Normal Unmanned mining tool that automatically helps you mine.
A11: 8 | B11: Normal Unmanned mining tool that automatically helps you mine.
A12: 9 | B12: Light Unmanned mining tool that automatically helps you mine.
A13: 10 | B13: Light Unmanned mining tool that automatically helps you mine.
A14: 11 | B14: Light Unmanned mining tool that automatically helps you mine.
... A29: 26 | B29: Advanced Unmanned Mining Tool for premium PC room users. You need battery to operate this.
