Workbook

Sheet MakeToolItem
A1: string[64] | B1: dword | C1: string[64] | D1: dword | E1: string[64] | F1: dword | G1: dword | H1: string[64] | I1: dword | J1: dword | K1: dword | L1: dword | M1: dword | N1: dword | O1: dword | P1: dword | Q1: dword | R1: dword | S1: dword | T1: dword | U1: dword | V1: dword | W1: dword | X1: dword | Y1: dword | Z1: dword | AA1: dword | AB1: dword | AC1: string[64] | AD1: dword | AE1: END
A2: Code | B2: IsExist | C2: Model | D2: Icon | E2: Name | F2: KindClt | G2: FixPart | H2: Civil | I2: LvLim | J2: UpLvLim | K2: Money | L2: StdPrice | M2: StdPoint | N2: GoldPoint | O2: KillPoint | P2: ProcPoint | Q2: StorePrice | R2: IsAbr | S2: DurUnit | T2: ToolClass | U2: IsRepair | V2: EffState | W2: IsSell | X2: IsExchange | Y2: IsGround | Z2: IsStore | AA2: IsNormAcc | AB2: IsUpgarde | AC2: ToolTip | AD2: IsTime
A3: immmm01 | B3: 1 | C3: A30400 | D3: 1 | E3: Weapon/Shield Tool Kit | F3: 304 | G3: 300 | H3: 11111000 | I3: 1 | J3: -1 | K3: 0 | L3: 20000 | M3: 0 | N3: 0 | O3: 0 | P3: 0 | Q3: 1000 | R3: 0 | S3: 1000 | T3: 0 | U3: 0 | V3: 0 | W3: 1 | X3: 1 | Y3: 1 | Z3: 1 | AA3: 1 | AB3: 0 | AC3: timmmm01 | AD3: 0
A4: immmm02 | B4: 1 | C4: A30401 | D4: 2 | E4: Armor Tool Kit | F4: 304 | G4: 300 | H4: 11111000 | I4: 1 | J4: -1 | K4: 0 | L4: 20000 | M4: 0 | N4: 0 | O4: 0 | P4: 0 | Q4: 1000 | R4: 0 | S4: 1000 | T4: 1 | U4: 0 | V4: 0 | W4: 1 | X4: 1 | Y4: 1 | Z4: 1 | AA4: 1 | AB4: 0 | AC4: timmmm02 | AD4: 0
A5: immmm03 | B5: 1 | C5: A30402 | D5: 3 | E5: Bullet Tool Kit | F5: 304 | G5: 300 | H5: 11111000 | I5: 1 | J5: -1 | K5: 0 | L5: 10000 | M5: 0 | N5: 0 | O5: 0 | P5: 0 | Q5: 500 | R5: 0 | S5: 1000 | T5: 2 | U5: 0 | V5: 0 | W5: 1 | X5: 1 | Y5: 1 | Z5: 1 | AA5: 1 | AB5: 0 | AC5: timmmm03 | AD5: 0
A6: immmm04 | B6: 1 | C6: A30403 | D6: 4 | E6: Upgrader | F6: 304 | G6: 300 | H6: 11111000 | I6: 1 | J6: -1 | K6: 0 | L6: 15000 | M6: 0 | N6: 0 | O6: 0 | P6: 0 | Q6: 750 | R6: 0 | S6: 1000 | T6: 3 | U6: 0 | V6: 0 | W6: 1 | X6: 1 | Y6: 1 | Z6: 1 | AA6: 1 | AB6: 0 | AC6: timmmm04 | AD6: 0
A7: imleo01 | B7: 1 | C7: A30403 | D7: 5 | E7: Leon's Blueprint | F7: 304 | G7: 300 | H7: 11111000 | I7: 1 | J7: -1 | K7: 0 | L7: 1000 | M7: 0 | N7: 0 | O7: 0 | P7: 0 | Q7: 50 | R7: 0 | S7: 1000 | T7: 4 | U7: 0 | V7: 0 | W7: 1 | X7: 1 | Y7: 1 | Z7: 1 | AA7: 1 | AB7: 0 | AC7: timleo01 | AD7: 0
A8: imbal01 | B8: 1 | C8: 731500 | D8: 6 | E8: World Cup Event Ball | F8: 315 | G8: 300 | H8: 11000000 | I8: 1 | J8: -1 | K8: 0 | L8: 50000 | M8: 0 | N8: 0 | O8: 0 | P8: 0 | Q8: 2500 | R8: 0 | S8: 1000 | T8: 5 | U8: 0 | V8: 0 | W8: 1 | X8: 1 | Y8: 1 | Z8: 1 | AA8: 1 | AB8: 0 | AC8: timbal01 | AD8: 0
A9: imbal02 | B9: 1 | C9: 831500 | D9: 6 | E9: World Cup Event Ball | F9: 315 | G9: 300 | H9: 00110000 | I9: 1 | J9: -1 | K9: 0 | L9: 50000 | M9: 0 | N9: 0 | O9: 0 | P9: 0 | Q9: 2500 | R9: 1 | S9: 1000 | T9: 5 | U9: 0 | V9: 0 | W9: 1 | X9: 1 | Y9: 1 | Z9: 1 | AA9: 1 | AB9: 0 | AC9: timbal02 | AD9: 0
A10: imbal03 | B10: 1 | C10: 431500 | D10: 6 | E10: World Cup Event Ball | F10: 315 | G10: 300 | H10: 00001000 | I10: 1 | J10: -1 | K10: 0 | L10: 50000 | M10: 0 | N10: 0 | O10: 0 | P10: 0 | Q10: 2500 | R10: 1 | S10: 1000 | T10: 5 | U10: 0 | V10: 0 | W10: 1 | X10: 1 | Y10: 1 | Z10: 1 | AA10: 1 | AB10: 0 | AC10: timbal03 | AD10: 0

Sheet 12decrypt
A1: clcode | B1: string[64] | C1: xeh | D1: dword | E1: stb | F1: byte | G1: byte | H1: word | I1: dword | J1: dword | K1: dword | L1: dword | M1: dword | N1: dword | O1: dword | P1: dword | Q1: dword | R1: dword | S1: dword | T1: dword | U1: dword | V1: dword | W1: long | X1: dword | Y1: END
A2: =MakeToolItem!A2 -> Code | B2: =MakeToolItem!E2 -> Name | C2: =MakeToolItem!C2 -> Model | D2: =MakeToolItem!D2 -> Icon | E2: =MakeToolItem!H2 -> Civil | F2: ListID | G2: =MakeToolItem!K2 -> Money | H2: none | I2: =MakeToolItem!L2 -> StdPrice | J2: =MakeToolItem!M2 -> StdPoint | K2: =MakeToolItem!N2 -> GoldPoint | L2: =MakeToolItem!P2 -> ProcPoint | M2: =MakeToolItem!O2 -> KillPoint | N2: =MakeToolItem!Q2 -> StorePrice | O2: =MakeToolItem!X2 -> IsExchange | P2: =MakeToolItem!W2 -> IsSell | Q2: =MakeToolItem!Y2 -> IsGround | R2: =MakeToolItem!Z2 -> IsStore | S2: Descripton | T2: =MakeToolItem!B2 -> IsExist | U2: IsCash | V2: =MakeToolItem!AD2 -> IsTime | W2: UpLvLim | X2: none
A3: =MakeToolItem!A3 -> immmm01 | B3: =MakeToolItem!E3 -> Weapon/Shield Tool Kit | C3: =MakeToolItem!C3 -> A30400 | D3: =MakeToolItem!D3 -> 1 | E3: =MakeToolItem!H3 -> 11111 | F3: 12 | G3: =MakeToolItem!K3 -> 0 | H3: 0 | I3: =MakeToolItem!L3 -> 20000 | J3: =MakeToolItem!M3 -> 0 | K3: =MakeToolItem!N3 -> 0 | L3: =MakeToolItem!P3 -> 0 | M3: =MakeToolItem!O3 -> 0 | N3: =MakeToolItem!Q3 -> 1000 | O3: =MakeToolItem!X3 -> 1 | P3: =MakeToolItem!W3 -> 1 | Q3: =MakeToolItem!Y3 -> 1 | R3: =MakeToolItem!Z3 -> 1 | S3: 0 | T3: =MakeToolItem!B3 -> 1 | U3: 0 | V3: =MakeToolItem!AD3 -> 0 | W3: -1 | X3: 0
A4: =MakeToolItem!A4 -> immmm02 | B4: =MakeToolItem!E4 -> Armor Tool Kit | C4: =MakeToolItem!C4 -> A30401 | D4: =MakeToolItem!D4 -> 2 | E4: =MakeToolItem!H4 -> 11111 | F4: 12 | G4: =MakeToolItem!K4 -> 0 | H4: 0 | I4: =MakeToolItem!L4 -> 20000 | J4: =MakeToolItem!M4 -> 0 | K4: =MakeToolItem!N4 -> 0 | L4: =MakeToolItem!P4 -> 0 | M4: =MakeToolItem!O4 -> 0 | N4: =MakeToolItem!Q4 -> 1000 | O4: =MakeToolItem!X4 -> 1 | P4: =MakeToolItem!W4 -> 1 | Q4: =MakeToolItem!Y4 -> 1 | R4: =MakeToolItem!Z4 -> 1 | S4: 1 | T4: =MakeToolItem!B4 -> 1 | U4: 0 | V4: =MakeToolItem!AD4 -> 0 | W4: -1 | X4: 0
A5: =MakeToolItem!A5 -> immmm03 | B5: =MakeToolItem!E5 -> Bullet Tool Kit | C5: =MakeToolItem!C5 -> A30402 | D5: =MakeToolItem!D5 -> 3 | E5: =MakeToolItem!H5 -> 11111 | F5: 12 | G5: =MakeToolItem!K5 -> 0 | H5: 0 | I5: =MakeToolItem!L5 -> 10000 | J5: =MakeToolItem!M5 -> 0 | K5: =MakeToolItem!N5 -> 0 | L5: =MakeToolItem!P5 -> 0 | M5: =MakeToolItem!O5 -> 0 | N5: =MakeToolItem!Q5 -> 500 | O5: =MakeToolItem!X5 -> 1 | P5: =MakeToolItem!W5 -> 1 | Q5: =MakeToolItem!Y5 -> 1 | R5: =MakeToolItem!Z5 -> 1 | S5: 2 | T5: =MakeToolItem!B5 -> 1 | U5: 0 | V5: =MakeToolItem!AD5 -> 0 | W5: -1 | X5: 0
A6: =MakeToolItem!A6 -> immmm04 | B6: =MakeToolItem!E6 -> Upgrader | C6: =MakeToolItem!C6 -> A30403 | D6: =MakeToolItem!D6 -> 4 | E6: =MakeToolItem!H6 -> 11111 | F6: 12 | G6: =MakeToolItem!K6 -> 0 | H6: 0 | I6: =MakeToolItem!L6 -> 15000 | J6: =MakeToolItem!M6 -> 0 | K6: =MakeToolItem!N6 -> 0 | L6: =MakeToolItem!P6 -> 0 | M6: =MakeToolItem!O6 -> 0 | N6: =MakeToolItem!Q6 -> 750 | O6: =MakeToolItem!X6 -> 1 | P6: =MakeToolItem!W6 -> 1 | Q6: =MakeToolItem!Y6 -> 1 | R6: =MakeToolItem!Z6 -> 1 | S6: 3 | T6: =MakeToolItem!B6 -> 1 | U6: 0 | V6: =MakeToolItem!AD6 -> 0 | W6: -1 | X6: 0
A7: =MakeToolItem!A7 -> imleo01 | B7: =MakeToolItem!E7 -> Leon's Blueprint | C7: =MakeToolItem!C7 -> A30403 | D7: =MakeToolItem!D7 -> 5 | E7: =MakeToolItem!H7 -> 11111 | F7: 12 | G7: =MakeToolItem!K7 -> 0 | H7: 0 | I7: =MakeToolItem!L7 -> 1000 | J7: =MakeToolItem!M7 -> 0 | K7: =MakeToolItem!N7 -> 0 | L7: =MakeToolItem!P7 -> 0 | M7: =MakeToolItem!O7 -> 0 | N7: =MakeToolItem!Q7 -> 50 | O7: =MakeToolItem!X7 -> 1 | P7: =MakeToolItem!W7 -> 1 | Q7: =MakeToolItem!Y7 -> 1 | R7: =MakeToolItem!Z7 -> 1 | S7: 4 | T7: =MakeToolItem!B7 -> 1 | U7: 0 | V7: =MakeToolItem!AD7 -> 0 | W7: -1 | X7: 0
A8: =MakeToolItem!A8 -> imbal01 | B8: =MakeToolItem!E8 -> World Cup Event Ball | C8: =MakeToolItem!C8 -> 731500 | D8: =MakeToolItem!D8 -> 6 | E8: =MakeToolItem!H8 -> 11000 | F8: 12 | G8: =MakeToolItem!K8 -> 0 | H8: 0 | I8: =MakeToolItem!L8 -> 50000 | J8: =MakeToolItem!M8 -> 0 | K8: =MakeToolItem!N8 -> 0 | L8: =MakeToolItem!P8 -> 0 | M8: =MakeToolItem!O8 -> 0 | N8: =MakeToolItem!Q8 -> 2500 | O8: =MakeToolItem!X8 -> 1 | P8: =MakeToolItem!W8 -> 1 | Q8: =MakeToolItem!Y8 -> 1 | R8: =MakeToolItem!Z8 -> 1 | S8: 5 | T8: =MakeToolItem!B8 -> 1 | U8: 0 | V8: =MakeToolItem!AD8 -> 0 | W8: -1 | X8: 0
A9: =MakeToolItem!A9 -> imbal02 | B9: =MakeToolItem!E9 -> World Cup Event Ball | C9: =MakeToolItem!C9 -> 831500 | D9: =MakeToolItem!D9 -> 6 | E9: =MakeToolItem!H9 -> 00110 | F9: 12 | G9: =MakeToolItem!K9 -> 0 | H9: 0 | I9: =MakeToolItem!L9 -> 50000 | J9: =MakeToolItem!M9 -> 0 | K9: =MakeToolItem!N9 -> 0 | L9: =MakeToolItem!P9 -> 0 | M9: =MakeToolItem!O9 -> 0 | N9: =MakeToolItem!Q9 -> 2500 | O9: =MakeToolItem!X9 -> 1 | P9: =MakeToolItem!W9 -> 1 | Q9: =MakeToolItem!Y9 -> 1 | R9: =MakeToolItem!Z9 -> 1 | S9: 6 | T9: =MakeToolItem!B9 -> 1 | U9: 0 | V9: =MakeToolItem!AD9 -> 0 | W9: -1 | X9: 0
A10: =MakeToolItem!A10 -> imbal03 | B10: =MakeToolItem!E10 -> World Cup Event Ball | C10: =MakeToolItem!C10 -> 431500 | D10: =MakeToolItem!D10 -> 6 | E10: =MakeToolItem!H10 -> 00001 | F10: 12 | G10: =MakeToolItem!K10 -> 0 | H10: 0 | I10: =MakeToolItem!L10 -> 50000 | J10: =MakeToolItem!M10 -> 0 | K10: =MakeToolItem!N10 -> 0 | L10: =MakeToolItem!P10 -> 0 | M10: =MakeToolItem!O10 -> 0 | N10: =MakeToolItem!Q10 -> 2500 | O10: =MakeToolItem!X10 -> 1 | P10: =MakeToolItem!W10 -> 1 | Q10: =MakeToolItem!Y10 -> 1 | R10: =MakeToolItem!Z10 -> 1 | S10: 7 | T10: =MakeToolItem!B10 -> 1 | U10: 0 | V10: =MakeToolItem!AD10 -> 0 | W10: -1 | X10: 0

Sheet 12desc
A1: dword | B1: text | C1: END
A2: Count | B2: desc
A3: 0 | B3: Tool for crafting weapons and shields. Useable only by Specialists.
A4: 1 | B4: Tool for crafting armors. Useable only by Specialists.
A5: 2 | B5: Tool for crafting [ammunition]. Useable only by Specialists.
A6: 3 | B6: Tool for attaching talics unto equipment.
A7: 4 | B7: Basic material for crafting new item.
A8: 5 | B8: You can see your character playing with soccer ball when the item is used. This item can only be used during World Cup period, and it disappears.
A9: 6 | B9: Bellato bag [select with right mouse button to equip. once equipped it cannot be unequipped]. This bag cannot be traded.
A10: 7 | B10: Cora bag [select with right mouse button to equip. once equipped it cannot be unequipped]. This bag cannot be traded.
