Workbook

Sheet CloaKItem
A1: string[64] | B1: dword | C1: string[64] | D1: dword | E1: string[64] | F1: dword | G1: dword | H1: dword | I1: dword | J1: string[64] | K1: dword | L1: dword | M1: dword | N1: dword | O1: dword | P1: dword | Q1: dword | R1: dword | S1: dword | T1: dword | U1: dword | V1: dword | W1: dword | X1: dword | Y1: dword | Z1: dword | AA1: float | AB1: dword | AC1: dword | AD1: dword | AE1: dword | AF1: dword | AG1: float | AH1: float | AI1: float | AJ1: float | AK1: float | AL1: long | AM1: dword | AN1: float | AO1: float | AP1: dword | AQ1: float | AR1: dword | AS1: float | AT1: dword | AU1: float | AV1: dword | AW1: float | AX1: dword | AY1: dword | AZ1: dword | BA1: dword | BB1: dword | BC1: dword | BD1: dword | BE1: string[64] | BF1: dword | BG1: dword | BH1: float | BI1: END
A2: Code | B2: IsExist | C2: Model | D2: IconID | E2: Name | F2: KindClt | G2: ItemGrade | H2: FixPart | I2: HelmetClass | J2: Civil | K2: LevelLim | L2: UpLevelLim | M2: ClassGradeLim | N2: ExpertID1 | O2: ExpertLim1 | P2: ExpertID2 | Q2: ExpertLim2 | R2: Money | S2: StdPrice | T2: StdPoint | U2: GoldPoint | V2: KillPoint | W2: ProcPoint | X2: StoragePrice | Y2: IsAbr | Z2: DurUnit | AA2: EquipSpeed | AB2: IsRepair | AC2: RepPrice | AD2: EffState | AE2: GASpd | AF2: Property | AG2: FireTol | AH2: WaterTol | AI2: SoilTol | AJ2: WindTol | AK2: DefFc | AL2: Defence_DP | AM2: MaxDP | AN2: DefGap | AO2: DefFacing | AP2: Eff1Code | AQ2: Eff1Unit | AR2: Eff2Code | AS2: Eff2Unit | AT2: Eff3Code | AU2: Eff3Unit | AV2: Eff4Code | AW2: Eff4Unit | AX2: Duration | AY2: IsSell | AZ2: IsExchange | BA2: IsGround | BB2: IsStore | BC2: IsNormAcc | BD2: Upgrade | BE2: ToolTip | BF2: DefEffType | BG2: IsTime | BH2: BoostSpd
A3: ikbb001 | B3: 1 | C3: 700600 | D3: 154 | E3: Force Booster | F3: 6 | G3: 5 | H3: 6 | I3: 0 | J3: 11000000 | K3: 40 | L3: -1 | M3: 0 | N3: -1 | O3: -1 | P3: -1 | Q3: -1 | R3: 0 | S3: 0 | T3: 0 | U3: 0 | V3: 0 | W3: 0 | X3: 0 | Y3: 0 | Z3: 0 | AA3: 0 | AB3: 0 | AC3: 0 | AD3: 1 | AE3: 0 | AF3: 0 | AG3: 0 | AH3: 0 | AI3: 0 | AJ3: 0 | AK3: 0 | AL3: 0 | AM3: 0 | AN3: 0 | AO3: 0 | AP3: 27 | AQ3: 10 | AR3: 0 | AS3: 0 | AT3: 0 | AU3: 0 | AV3: 0 | AW3: 0 | AX3: 0 | AY3: 1 | AZ3: 1 | BA3: 1 | BB3: 0 | BC3: 1 | BD3: 7 | BE3: ="t"&A3 -> tikbb001 | BF3: -1 | BG3: 0 | BH3: 8
A4: ikbb002 | B4: 1 | C4: 700600 | D4: 154 | E4: Fire Force Booster | F4: 6 | G4: 5 | H4: 6 | I4: 0 | J4: 11000000 | K4: 40 | L4: -1 | M4: 0 | N4: -1 | O4: -1 | P4: -1 | Q4: -1 | R4: 0 | S4: 0 | T4: 0 | U4: 0 | V4: 0 | W4: 0 | X4: 0 | Y4: 0 | Z4: 0 | AA4: 0 | AB4: 0 | AC4: 0 | AD4: 1 | AE4: 0 | AF4: 0 | AG4: 5 | AH4: 0 | AI4: 0 | AJ4: 0 | AK4: 0 | AL4: 0 | AM4: 0 | AN4: 0 | AO4: 0 | AP4: 0 | AQ4: 0 | AR4: 0 | AS4: 0 | AT4: 0 | AU4: 0 | AV4: 0 | AW4: 0 | AX4: 0 | AY4: 1 | AZ4: 1 | BA4: 1 | BB4: 0 | BC4: 1 | BD4: 7 | BE4: ="t"&A4 -> tikbb002 | BF4: -1 | BG4: 0 | BH4: 8
A5: ikbb003 | B5: 1 | C5: 700600 | D5: 154 | E5: Aqua Force Booster | F5: 6 | G5: 5 | H5: 6 | I5: 0 | J5: 11000000 | K5: 40 | L5: -1 | M5: 0 | N5: -1 | O5: -1 | P5: -1 | Q5: -1 | R5: 0 | S5: 0 | T5: 0 | U5: 0 | V5: 0 | W5: 0 | X5: 0 | Y5: 0 | Z5: 0 | AA5: 0 | AB5: 0 | AC5: 0 | AD5: 1 | AE5: 0 | AF5: 0 | AG5: 0 | AH5: 5 | AI5: 0 | AJ5: 0 | AK5: 0 | AL5: 0 | AM5: 0 | AN5: 0 | AO5: 0 | AP5: 0 | AQ5: 0 | AR5: 0 | AS5: 0 | AT5: 0 | AU5: 0 | AV5: 0 | AW5: 0 | AX5: 0 | AY5: 1 | AZ5: 1 | BA5: 1 | BB5: 0 | BC5: 1 | BD5: 7 | BE5: ="t"&A5 -> tikbb003 | BF5: -1 | BG5: 0 | BH5: 8
A6: ikbb004 | B6: 1 | C6: 700600 | D6: 154 | E6: Terra Force Booster | F6: 6 | G6: 5 | H6: 6 | I6: 0 | J6: 11000000 | K6: 40 | L6: -1 | M6: 0 | N6: -1 | O6: -1 | P6: -1 | Q6: -1 | R6: 0 | S6: 0 | T6: 0 | U6: 0 | V6: 0 | W6: 0 | X6: 0 | Y6: 0 | Z6: 0 | AA6: 0 | AB6: 0 | AC6: 0 | AD6: 1 | AE6: 0 | AF6: 0 | AG6: 0 | AH6: 0 | AI6: 5 | AJ6: 0 | AK6: 0 | AL6: 0 | AM6: 0 | AN6: 0 | AO6: 0 | AP6: 0 | AQ6: 0 | AR6: 0 | AS6: 0 | AT6: 0 | AU6: 0 | AV6: 0 | AW6: 0 | AX6: 0 | AY6: 1 | AZ6: 1 | BA6: 1 | BB6: 0 | BC6: 1 | BD6: 7 | BE6: ="t"&A6 -> tikbb004 | BF6: -1 | BG6: 0 | BH6: 8
A7: ikbb005 | B7: 1 | C7: 700600 | D7: 154 | E7: Wind Force Booster | F7: 6 | G7: 5 | H7: 6 | I7: 0 | J7: 11000000 | K7: 40 | L7: -1 | M7: 0 | N7: -1 | O7: -1 | P7: -1 | Q7: -1 | R7: 0 | S7: 0 | T7: 0 | U7: 0 | V7: 0 | W7: 0 | X7: 0 | Y7: 0 | Z7: 0 | AA7: 0 | AB7: 0 | AC7: 0 | AD7: 1 | AE7: 0 | AF7: 0 | AG7: 0 | AH7: 0 | AI7: 0 | AJ7: 5 | AK7: 0 | AL7: 0 | AM7: 0 | AN7: 0 | AO7: 0 | AP7: 0 | AQ7: 0 | AR7: 0 | AS7: 0 | AT7: 0 | AU7: 0 | AV7: 0 | AW7: 0 | AX7: 0 | AY7: 1 | AZ7: 1 | BA7: 1 | BB7: 0 | BC7: 1 | BD7: 7 | BE7: ="t"&A7 -> tikbb005 | BF7: -1 | BG7: 0 | BH7: 8
A8: ikbb006 | B8: 1 | C8: 700600 | D8: 154 | E8: Advanced Force Booster | F8: 6 | G8: 5 | H8: 6 | I8: 0 | J8: 11000000 | K8: 50 | L8: -1 | M8: 0 | N8: -1 | O8: -1 | P8: -1 | Q8: -1 | R8: 0 | S8: 0 | T8: 0 | U8: 0 | V8: 0 | W8: 0 | X8: 0 | Y8: 0 | Z8: 0 | AA8: 0 | AB8: 0 | AC8: 0 | AD8: 1 | AE8: 0 | AF8: 0 | AG8: 0 | AH8: 0 | AI8: 0 | AJ8: 0 | AK8: 0 | AL8: 0 | AM8: 0 | AN8: 0 | AO8: 0 | AP8: 27 | AQ8: 15 | AR8: 0 | AS8: 0 | AT8: 0 | AU8: 0 | AV8: 0 | AW8: 0 | AX8: 0 | AY8: 1 | AZ8: 1 | BA8: 1 | BB8: 0 | BC8: 1 | BD8: 7 | BE8: ="t"&A8 -> tikbb006 | BF8: -1 | BG8: 0 | BH8: 9
A9: ikbb007 | B9: 1 | C9: 700600 | D9: 154 | E9: Advanced Fire Force Booster | F9: 6 | G9: 5 | H9: 6 | I9: 0 | J9: 11000000 | K9: 50 | L9: -1 | M9: 0 | N9: -1 | O9: -1 | P9: -1 | Q9: -1 | R9: 0 | S9: 0 | T9: 0 | U9: 0 | V9: 0 | W9: 0 | X9: 0 | Y9: 0 | Z9: 0 | AA9: 0 | AB9: 0 | AC9: 0 | AD9: 1 | AE9: 0 | AF9: 0 | AG9: 10 | AH9: 0 | AI9: 0 | AJ9: 0 | AK9: 0 | AL9: 0 | AM9: 0 | AN9: 0 | AO9: 0 | AP9: 0 | AQ9: 0 | AR9: 0 | AS9: 0 | AT9: 0 | AU9: 0 | AV9: 0 | AW9: 0 | AX9: 0 | AY9: 1 | AZ9: 1 | BA9: 1 | BB9: 0 | BC9: 1 | BD9: 7 | BE9: ="t"&A9 -> tikbb007 | BF9: -1 | BG9: 0 | BH9: 9
A10: ikbb008 | B10: 1 | C10: 700600 | D10: 154 | E10: Advanced Aqua Force Booster | F10: 6 | G10: 5 | H10: 6 | I10: 0 | J10: 11000000 | K10: 50 | L10: -1 | M10: 0 | N10: -1 | O10: -1 | P10: -1 | Q10: -1 | R10: 0 | S10: 0 | T10: 0 | U10: 0 | V10: 0 | W10: 0 | X10: 0 | Y10: 0 | Z10: 0 | AA10: 0 | AB10: 0 | AC10: 0 | AD10: 1 | AE10: 0 | AF10: 0 | AG10: 0 | AH10: 10 | AI10: 0 | AJ10: 0 | AK10: 0 | AL10: 0 | AM10: 0 | AN10: 0 | AO10: 0 | AP10: 0 | AQ10: 0 | AR10: 0 | AS10: 0 | AT10: 0 | AU10: 0 | AV10: 0 | AW10: 0 | AX10: 0 | AY10: 1 | AZ10: 1 | BA10: 1 | BB10: 0 | BC10: 1 | BD10: 7 | BE10: ="t"&A10 -> tikbb008 | BF10: -1 | BG10: 0 | BH10: 9
A11: ikbb009 | B11: 1 | C11: 700600 | D11: 154 | E11: Advanced Terra Booster | F11: 6 | G11: 5 | H11: 6 | I11: 0 | J11: 11000000 | K11: 50 | L11: -1 | M11: 0 | N11: -1 | O11: -1 | P11: -1 | Q11: -1 | R11: 0 | S11: 0 | T11: 0 | U11: 0 | V11: 0 | W11: 0 | X11: 0 | Y11: 0 | Z11: 0 | AA11: 0 | AB11: 0 | AC11: 0 | AD11: 1 | AE11: 0 | AF11: 0 | AG11: 0 | AH11: 0 | AI11: 10 | AJ11: 0 | AK11: 0 | AL11: 0 | AM11: 0 | AN11: 0 | AO11: 0 | AP11: 0 | AQ11: 0 | AR11: 0 | AS11: 0 | AT11: 0 | AU11: 0 | AV11: 0 | AW11: 0 | AX11: 0 | AY11: 1 | AZ11: 1 | BA11: 1 | BB11: 0 | BC11: 1 | BD11: 7 | BE11: ="t"&A11 -> tikbb009 | BF11: -1 | BG11: 0 | BH11: 9
A12: ikbb010 | B12: 1 | C12: 700600 | D12: 154 | E12: Advanced Wind Booster | F12: 6 | G12: 5 | H12: 6 | I12: 0 | J12: 11000000 | K12: 50 | L12: -1 | M12: 0 | N12: -1 | O12: -1 | P12: -1 | Q12: -1 | R12: 0 | S12: 0 | T12: 0 | U12: 0 | V12: 0 | W12: 0 | X12: 0 | Y12: 0 | Z12: 0 | AA12: 0 | AB12: 0 | AC12: 0 | AD12: 1 | AE12: 0 | AF12: 0 | AG12: 0 | AH12: 0 | AI12: 0 | AJ12: 10 | AK12: 0 | AL12: 0 | AM12: 0 | AN12: 0 | AO12: 0 | AP12: 0 | AQ12: 0 | AR12: 0 | AS12: 0 | AT12: 0 | AU12: 0 | AV12: 0 | AW12: 0 | AX12: 0 | AY12: 1 | AZ12: 1 | BA12: 1 | BB12: 0 | BC12: 1 | BD12: 7 | BE12: ="t"&A12 -> tikbb010 | BF12: -1 | BG12: 0 | BH12: 9
A13: ikbb011 | B13: 1 | C13: 70060A | D13: 142 | E13: Bellato Mantle11 | F13: 6 | G13: 0 | H13: 6 | I13: 0 | J13: 11000000 | K13: 1 | L13: -1 | M13: 0 | N13: -1 | O13: -1 | P13: -1 | Q13: -1 | R13: 0 | S13: 0 | T13: 0 | U13: 0 | V13: 0 | W13: 0 | X13: 0 | Y13: 0 | Z13: 0 | AA13: 0 | AB13: 0 | AC13: 0 | AD13: 1 | AE13: 0 | AF13: 0 | AG13: 0 | AH13: 0 | AI13: 0 | AJ13: 0 | AK13: 0 | AL13: 0 | AM13: 0 | AN13: 0 | AO13: 0 | AP13: 0 | AQ13: 0 | AR13: 0 | AS13: 0 | AT13: 0 | AU13: 0 | AV13: 0 | AW13: 0 | AX13: 0 | AY13: 1 | AZ13: 1 | BA13: 1 | BB13: 0 | BC13: 1 | BD13: 0 | BE13: ="t"&A13 -> tikbb011 | BF13: -1 | BG13: 0 | BH13: 0
A14: ikbpc01 | B14: 1 | C14: 700600 | D14: 202 | E14: Nexus Jet Pack | F14: 6 | G14: 5 | H14: 6 | I14: 0 | J14: 11000000 | K14: 1 | L14: -1 | M14: 0 | N14: -1 | O14: -1 | P14: -1 | Q14: -1 | R14: 0 | S14: 0 | T14: 0 | U14: 0 | V14: 0 | W14: 0 | X14: 0 | Y14: 0 | Z14: 0 | AA14: 0 | AB14: 0 | AC14: 0 | AD14: 1 | AE14: 0 | AF14: 0 | AG14: 0 | AH14: 0 | AI14: 0 | AJ14: 0 | AK14: 0 | AL14: 0 | AM14: 0 | AN14: 0 | AO14: 0 | AP14: 27 | AQ14: 10 | AR14: 0 | AS14: 0 | AT14: 0 | AU14: 0 | AV14: 0 | AW14: 0 | AX14: 0 | AY14: 1 | AZ14: 0 | BA14: 0 | BB14: 0 | BC14: 1 | BD14: 0 | BE14: ="t"&A14 -> tikbpc01 | BF14: -1 | BG14: 0 | BH14: 9
... A2060: ikat007 | B2060: 1 | C2060: 40064E | D2060: 432 | E2060: Ceremonial White Tiger Hide [DEF] | F2060: 6 | G2060: 5 | H2060: 6 | I2060: 0 | J2060: 00001000 | K2060: 55 | L2060: -1 | M2060: 0 | N2060: -1 | O2060: -1 | P2060: -1 | Q2060: -1 | R2060: 0 | S2060: 0 | T2060: 0 | U2060: 0 | V2060: 0 | W2060: 0 | X2060: 0 | Y2060: 0 | Z2060: 0 | AA2060: 0 | AB2060: 0 | AC2060: 0 | AD2060: 1 | AE2060: 0 | AF2060: 0 | AG2060: 0 | AH2060: 0 | AI2060: 0 | AJ2060: 0 | AK2060: 1730 | AL2060: 0 | AM2060: 0 | AN2060: 0 | AO2060: 0 | AP2060: 7 | AQ2060: 0.40000001 | AR2060: 12 | AS2060: 1 | AT2060: 27 | AU2060: 35 | AV2060: 5 | AW2060: 0.25 | AX2060: 0 | AY2060: 0 | AZ2060: 0 | BA2060: 0 | BB2060: 1 | BC2060: 1 | BD2060: 7 | BE2060: ="t"&A2060 -> tikat007 | BF2060: -1 | BG2060: 0 | BH2060: 9

Sheet 8decrypt
A1: clcode | B1: string[64] | C1: xeh | D1: dword | E1: stb | F1: byte | G1: byte | H1: word | I1: dword | J1: dword | K1: dword | L1: dword | M1: dword | N1: dword | O1: dword | P1: dword | Q1: dword | R1: dword | S1: dword | T1: dword | U1: dword | V1: dword | W1: long | X1: dword | Y1: dword | Z1: dword | AA1: dword | AB1: dword | AC1: byte | AD1: byte | AE1: byte | AF1: byte | AG1: byte | AH1: byte | AI1: byte | AJ1: byte | AK1: long | AL1: byte | AM1: byte | AN1: byte | AO1: byte | AP1: byte | AQ1: byte | AR1: byte | AS1: byte | AT1: float | AU1: float | AV1: float | AW1: float | AX1: dword | AY1: dword | AZ1: dword | BA1: word | BB1: word | BC1: word | BD1: word | BE1: float | BF1: float | BG1: float | BH1: dword | BI1: END
A2: =CloaKItem!A2 -> Code | B2: =CloaKItem!E2 -> Name | C2: =CloaKItem!C2 -> Model | D2: =CloaKItem!D2 -> IconID | E2: =CloaKItem!J2 -> Civil | F2: ListID | G2: =CloaKItem!R2 -> Money | H2: none | I2: =CloaKItem!S2 -> StdPrice | J2: =CloaKItem!T2 -> StdPoint | K2: =CloaKItem!U2 -> GoldPoint | L2: =CloaKItem!W2 -> ProcPoint | M2: =CloaKItem!V2 -> KillPoint | N2: =CloaKItem!X2 -> StoragePrice | O2: =CloaKItem!AZ2 -> IsExchange | P2: =CloaKItem!AY2 -> IsSell | Q2: =CloaKItem!BA2 -> IsGround | R2: =CloaKItem!BB2 -> IsStore | S2: Descripton | T2: =CloaKItem!B2 -> IsExist | U2: IsCash | V2: =CloaKItem!BG2 -> IsTime | W2: =CloaKItem!L2 -> UpLevelLim | X2: =CloaKItem!G2 -> ItemGrade | Y2: 25 | Z2: =CloaKItem!BD2 -> Upgrade | AA2: 27 | AB2: =CloaKItem!Z2 -> DurUnit | AC2: =CloaKItem!K2 -> LevelLim | AD2: =CloaKItem!N2 -> ExpertID1 | AE2: =CloaKItem!P2 -> ExpertID2 | AF2: =CloaKItem!O2 -> ExpertLim1 | AG2: =CloaKItem!Q2 -> ExpertLim2 | AH2: none | AI2: none | AJ2: none | AK2: =CloaKItem!AE2 -> GASpd | AL2: EffNum | AM2: =CloaKItem!AP2 -> Eff1Code | AN2: =CloaKItem!AR2 -> Eff2Code | AO2: =CloaKItem!AT2 -> Eff3Code | AP2: =CloaKItem!AV2 -> Eff4Code | AQ2: none | AR2: none | AS2: none | AT2: =CloaKItem!AQ2 -> Eff1Unit | AU2: =CloaKItem!AS2 -> Eff2Unit | AV2: =CloaKItem!AU2 -> Eff3Unit | AW2: =CloaKItem!AW2 -> Eff4Unit | AX2: =CloaKItem!BF2 -> DefEffType | AY2: =CloaKItem!M2 -> ClassGradeLim | AZ2: =CloaKItem!AK2 -> DefFc | BA2: =CloaKItem!AG2 -> FireTol | BB2: =CloaKItem!AH2 -> WaterTol | BC2: =CloaKItem!AI2 -> SoilTol | BD2: =CloaKItem!AJ2 -> WindTol | BE2: =CloaKItem!AN2 -> DefGap | BF2: =CloaKItem!AO2 -> DefFacing | BG2: =CloaKItem!BH2 -> BoostSpd | BH2: 60
A3: =CloaKItem!A3 -> ikbb001 | B3: =CloaKItem!E3 -> Force Booster | C3: =CloaKItem!C3 -> 700600 | D3: =CloaKItem!D3 -> 154 | E3: =CloaKItem!J3 -> 11000000 | F3: 8 | G3: =CloaKItem!R3 -> 0 | H3: 0 | I3: =CloaKItem!S3 -> 0 | J3: =CloaKItem!T3 -> 0 | K3: =CloaKItem!U3 -> 0 | L3: =CloaKItem!W3 -> 0 | M3: =CloaKItem!V3 -> 0 | N3: =CloaKItem!X3 -> 0 | O3: =CloaKItem!AZ3 -> 1 | P3: =CloaKItem!AY3 -> 1 | Q3: =CloaKItem!BA3 -> 1 | R3: =CloaKItem!BB3 -> 0 | S3: 0 | T3: =CloaKItem!B3 -> 1 | U3: 0 | V3: =CloaKItem!BG3 -> 0 | W3: =CloaKItem!L3 -> -1 | X3: =CloaKItem!G3 -> 5 | Y3: 0 | Z3: =CloaKItem!BD3 -> 7 | AA3: 0 | AB3: =CloaKItem!Z3 -> 0 | AC3: =CloaKItem!K3 -> 40 | AD3: =CloaKItem!N3 -> -1 | AE3: =CloaKItem!P3 -> -1 | AF3: =CloaKItem!O3 -> -1 | AG3: =CloaKItem!Q3 -> -1 | AH3: 0 | AI3: 0 | AJ3: 0 | AK3: =CloaKItem!AE3 -> 0 | AL3: =IF(AM3=0,0,IF(AN3=0,1,IF(AO3=0,2,IF(AP3=0,3,4)))) -> 1 | AM3: =CloaKItem!AP3 -> 27 | AN3: =CloaKItem!AR3 -> 0 | AO3: =CloaKItem!AT3 -> 0 | AP3: =CloaKItem!AV3 -> 0 | AQ3: 0 | AR3: 0 | AS3: 0 | AT3: =CloaKItem!AQ3 -> 10 | AU3: =CloaKItem!AS3 -> 0 | AV3: =CloaKItem!AU3 -> 0 | AW3: =CloaKItem!AW3 -> 0 | AX3: =CloaKItem!BF3 -> -1 | AY3: =CloaKItem!M3 -> 0 | AZ3: =CloaKItem!AK3 -> 0 | BA3: =CloaKItem!AG3 -> 0 | BB3: =CloaKItem!AH3 -> 0 | BC3: =CloaKItem!AI3 -> 0 | BD3: =CloaKItem!AJ3 -> 0 | BE3: =CloaKItem!AN3 -> 0 | BF3: =CloaKItem!AO3 -> 0 | BG3: =CloaKItem!BH3 -> 8 | BH3: 0
A4: =CloaKItem!A4 -> ikbb002 | B4: =CloaKItem!E4 -> Fire Force Booster | C4: =CloaKItem!C4 -> 700600 | D4: =CloaKItem!D4 -> 154 | E4: =CloaKItem!J4 -> 11000000 | F4: 8 | G4: =CloaKItem!R4 -> 0 | H4: 0 | I4: =CloaKItem!S4 -> 0 | J4: =CloaKItem!T4 -> 0 | K4: =CloaKItem!U4 -> 0 | L4: =CloaKItem!W4 -> 0 | M4: =CloaKItem!V4 -> 0 | N4: =CloaKItem!X4 -> 0 | O4: =CloaKItem!AZ4 -> 1 | P4: =CloaKItem!AY4 -> 1 | Q4: =CloaKItem!BA4 -> 1 | R4: =CloaKItem!BB4 -> 0 | S4: 1 | T4: =CloaKItem!B4 -> 1 | U4: 0 | V4: =CloaKItem!BG4 -> 0 | W4: =CloaKItem!L4 -> -1 | X4: =CloaKItem!G4 -> 5 | Y4: 0 | Z4: =CloaKItem!BD4 -> 7 | AA4: 0 | AB4: =CloaKItem!Z4 -> 0 | AC4: =CloaKItem!K4 -> 40 | AD4: =CloaKItem!N4 -> -1 | AE4: =CloaKItem!P4 -> -1 | AF4: =CloaKItem!O4 -> -1 | AG4: =CloaKItem!Q4 -> -1 | AH4: 0 | AI4: 0 | AJ4: 0 | AK4: =CloaKItem!AE4 -> 0 | AL4: =IF(AM4=0,0,IF(AN4=0,1,IF(AO4=0,2,IF(AP4=0,3,4)))) -> 0 | AM4: =CloaKItem!AP4 -> 0 | AN4: =CloaKItem!AR4 -> 0 | AO4: =CloaKItem!AT4 -> 0 | AP4: =CloaKItem!AV4 -> 0 | AQ4: 0 | AR4: 0 | AS4: 0 | AT4: =CloaKItem!AQ4 -> 0 | AU4: =CloaKItem!AS4 -> 0 | AV4: =CloaKItem!AU4 -> 0 | AW4: =CloaKItem!AW4 -> 0 | AX4: =CloaKItem!BF4 -> -1 | AY4: =CloaKItem!M4 -> 0 | AZ4: =CloaKItem!AK4 -> 0 | BA4: =CloaKItem!AG4 -> 5 | BB4: =CloaKItem!AH4 -> 0 | BC4: =CloaKItem!AI4 -> 0 | BD4: =CloaKItem!AJ4 -> 0 | BE4: =CloaKItem!AN4 -> 0 | BF4: =CloaKItem!AO4 -> 0 | BG4: =CloaKItem!BH4 -> 8 | BH4: 0
A5: =CloaKItem!A5 -> ikbb003 | B5: =CloaKItem!E5 -> Aqua Force Booster | C5: =CloaKItem!C5 -> 700600 | D5: =CloaKItem!D5 -> 154 | E5: =CloaKItem!J5 -> 11000000 | F5: 8 | G5: =CloaKItem!R5 -> 0 | H5: 0 | I5: =CloaKItem!S5 -> 0 | J5: =CloaKItem!T5 -> 0 | K5: =CloaKItem!U5 -> 0 | L5: =CloaKItem!W5 -> 0 | M5: =CloaKItem!V5 -> 0 | N5: =CloaKItem!X5 -> 0 | O5: =CloaKItem!AZ5 -> 1 | P5: =CloaKItem!AY5 -> 1 | Q5: =CloaKItem!BA5 -> 1 | R5: =CloaKItem!BB5 -> 0 | S5: 2 | T5: =CloaKItem!B5 -> 1 | U5: 0 | V5: =CloaKItem!BG5 -> 0 | W5: =CloaKItem!L5 -> -1 | X5: =CloaKItem!G5 -> 5 | Y5: 0 | Z5: =CloaKItem!BD5 -> 7 | AA5: 0 | AB5: =CloaKItem!Z5 -> 0 | AC5: =CloaKItem!K5 -> 40 | AD5: =CloaKItem!N5 -> -1 | AE5: =CloaKItem!P5 -> -1 | AF5: =CloaKItem!O5 -> -1 | AG5: =CloaKItem!Q5 -> -1 | AH5: 0 | AI5: 0 | AJ5: 0 | AK5: =CloaKItem!AE5 -> 0 | AL5: =IF(AM5=0,0,IF(AN5=0,1,IF(AO5=0,2,IF(AP5=0,3,4)))) -> 0 | AM5: =CloaKItem!AP5 -> 0 | AN5: =CloaKItem!AR5 -> 0 | AO5: =CloaKItem!AT5 -> 0 | AP5: =CloaKItem!AV5 -> 0 | AQ5: 0 | AR5: 0 | AS5: 0 | AT5: =CloaKItem!AQ5 -> 0 | AU5: =CloaKItem!AS5 -> 0 | AV5: =CloaKItem!AU5 -> 0 | AW5: =CloaKItem!AW5 -> 0 | AX5: =CloaKItem!BF5 -> -1 | AY5: =CloaKItem!M5 -> 0 | AZ5: =CloaKItem!AK5 -> 0 | BA5: =CloaKItem!AG5 -> 0 | BB5: =CloaKItem!AH5 -> 5 | BC5: =CloaKItem!AI5 -> 0 | BD5: =CloaKItem!AJ5 -> 0 | BE5: =CloaKItem!AN5 -> 0 | BF5: =CloaKItem!AO5 -> 0 | BG5: =CloaKItem!BH5 -> 8 | BH5: 0
A6: =CloaKItem!A6 -> ikbb004 | B6: =CloaKItem!E6 -> Terra Force Booster | C6: =CloaKItem!C6 -> 700600 | D6: =CloaKItem!D6 -> 154 | E6: =CloaKItem!J6 -> 11000000 | F6: 8 | G6: =CloaKItem!R6 -> 0 | H6: 0 | I6: =CloaKItem!S6 -> 0 | J6: =CloaKItem!T6 -> 0 | K6: =CloaKItem!U6 -> 0 | L6: =CloaKItem!W6 -> 0 | M6: =CloaKItem!V6 -> 0 | N6: =CloaKItem!X6 -> 0 | O6: =CloaKItem!AZ6 -> 1 | P6: =CloaKItem!AY6 -> 1 | Q6: =CloaKItem!BA6 -> 1 | R6: =CloaKItem!BB6 -> 0 | S6: 3 | T6: =CloaKItem!B6 -> 1 | U6: 0 | V6: =CloaKItem!BG6 -> 0 | W6: =CloaKItem!L6 -> -1 | X6: =CloaKItem!G6 -> 5 | Y6: 0 | Z6: =CloaKItem!BD6 -> 7 | AA6: 0 | AB6: =CloaKItem!Z6 -> 0 | AC6: =CloaKItem!K6 -> 40 | AD6: =CloaKItem!N6 -> -1 | AE6: =CloaKItem!P6 -> -1 | AF6: =CloaKItem!O6 -> -1 | AG6: =CloaKItem!Q6 -> -1 | AH6: 0 | AI6: 0 | AJ6: 0 | AK6: =CloaKItem!AE6 -> 0 | AL6: =IF(AM6=0,0,IF(AN6=0,1,IF(AO6=0,2,IF(AP6=0,3,4)))) -> 0 | AM6: =CloaKItem!AP6 -> 0 | AN6: =CloaKItem!AR6 -> 0 | AO6: =CloaKItem!AT6 -> 0 | AP6: =CloaKItem!AV6 -> 0 | AQ6: 0 | AR6: 0 | AS6: 0 | AT6: =CloaKItem!AQ6 -> 0 | AU6: =CloaKItem!AS6 -> 0 | AV6: =CloaKItem!AU6 -> 0 | AW6: =CloaKItem!AW6 -> 0 | AX6: =CloaKItem!BF6 -> -1 | AY6: =CloaKItem!M6 -> 0 | AZ6: =CloaKItem!AK6 -> 0 | BA6: =CloaKItem!AG6 -> 0 | BB6: =CloaKItem!AH6 -> 0 | BC6: =CloaKItem!AI6 -> 5 | BD6: =CloaKItem!AJ6 -> 0 | BE6: =CloaKItem!AN6 -> 0 | BF6: =CloaKItem!AO6 -> 0 | BG6: =CloaKItem!BH6 -> 8 | BH6: 0
A7: =CloaKItem!A7 -> ikbb005 | B7: =CloaKItem!E7 -> Wind Force Booster | C7: =CloaKItem!C7 -> 700600 | D7: =CloaKItem!D7 -> 154 | E7: =CloaKItem!J7 -> 11000000 | F7: 8 | G7: =CloaKItem!R7 -> 0 | H7: 0 | I7: =CloaKItem!S7 -> 0 | J7: =CloaKItem!T7 -> 0 | K7: =CloaKItem!U7 -> 0 | L7: =CloaKItem!W7 -> 0 | M7: =CloaKItem!V7 -> 0 | N7: =CloaKItem!X7 -> 0 | O7: =CloaKItem!AZ7 -> 1 | P7: =CloaKItem!AY7 -> 1 | Q7: =CloaKItem!BA7 -> 1 | R7: =CloaKItem!BB7 -> 0 | S7: 4 | T7: =CloaKItem!B7 -> 1 | U7: 0 | V7: =CloaKItem!BG7 -> 0 | W7: =CloaKItem!L7 -> -1 | X7: =CloaKItem!G7 -> 5 | Y7: 0 | Z7: =CloaKItem!BD7 -> 7 | AA7: 0 | AB7: =CloaKItem!Z7 -> 0 | AC7: =CloaKItem!K7 -> 40 | AD7: =CloaKItem!N7 -> -1 | AE7: =CloaKItem!P7 -> -1 | AF7: =CloaKItem!O7 -> -1 | AG7: =CloaKItem!Q7 -> -1 | AH7: 0 | AI7: 0 | AJ7: 0 | AK7: =CloaKItem!AE7 -> 0 | AL7: =IF(AM7=0,0,IF(AN7=0,1,IF(AO7=0,2,IF(AP7=0,3,4)))) -> 0 | AM7: =CloaKItem!AP7 -> 0 | AN7: =CloaKItem!AR7 -> 0 | AO7: =CloaKItem!AT7 -> 0 | AP7: =CloaKItem!AV7 -> 0 | AQ7: 0 | AR7: 0 | AS7: 0 | AT7: =CloaKItem!AQ7 -> 0 | AU7: =CloaKItem!AS7 -> 0 | AV7: =CloaKItem!AU7 -> 0 | AW7: =CloaKItem!AW7 -> 0 | AX7: =CloaKItem!BF7 -> -1 | AY7: =CloaKItem!M7 -> 0 | AZ7: =CloaKItem!AK7 -> 0 | BA7: =CloaKItem!AG7 -> 0 | BB7: =CloaKItem!AH7 -> 0 | BC7: =CloaKItem!AI7 -> 0 | BD7: =CloaKItem!AJ7 -> 5 | BE7: =CloaKItem!AN7 -> 0 | BF7: =CloaKItem!AO7 -> 0 | BG7: =CloaKItem!BH7 -> 8 | BH7: 0
A8: =CloaKItem!A8 -> ikbb006 | B8: =CloaKItem!E8 -> Advanced Force Booster | C8: =CloaKItem!C8 -> 700600 | D8: =CloaKItem!D8 -> 154 | E8: =CloaKItem!J8 -> 11000000 | F8: 8 | G8: =CloaKItem!R8 -> 0 | H8: 0 | I8: =CloaKItem!S8 -> 0 | J8: =CloaKItem!T8 -> 0 | K8: =CloaKItem!U8 -> 0 | L8: =CloaKItem!W8 -> 0 | M8: =CloaKItem!V8 -> 0 | N8: =CloaKItem!X8 -> 0 | O8: =CloaKItem!AZ8 -> 1 | P8: =CloaKItem!AY8 -> 1 | Q8: =CloaKItem!BA8 -> 1 | R8: =CloaKItem!BB8 -> 0 | S8: 5 | T8: =CloaKItem!B8 -> 1 | U8: 0 | V8: =CloaKItem!BG8 -> 0 | W8: =CloaKItem!L8 -> -1 | X8: =CloaKItem!G8 -> 5 | Y8: 0 | Z8: =CloaKItem!BD8 -> 7 | AA8: 0 | AB8: =CloaKItem!Z8 -> 0 | AC8: =CloaKItem!K8 -> 50 | AD8: =CloaKItem!N8 -> -1 | AE8: =CloaKItem!P8 -> -1 | AF8: =CloaKItem!O8 -> -1 | AG8: =CloaKItem!Q8 -> -1 | AH8: 0 | AI8: 0 | AJ8: 0 | AK8: =CloaKItem!AE8 -> 0 | AL8: =IF(AM8=0,0,IF(AN8=0,1,IF(AO8=0,2,IF(AP8=0,3,4)))) -> 1 | AM8: =CloaKItem!AP8 -> 27 | AN8: =CloaKItem!AR8 -> 0 | AO8: =CloaKItem!AT8 -> 0 | AP8: =CloaKItem!AV8 -> 0 | AQ8: 0 | AR8: 0 | AS8: 0 | AT8: =CloaKItem!AQ8 -> 15 | AU8: =CloaKItem!AS8 -> 0 | AV8: =CloaKItem!AU8 -> 0 | AW8: =CloaKItem!AW8 -> 0 | AX8: =CloaKItem!BF8 -> -1 | AY8: =CloaKItem!M8 -> 0 | AZ8: =CloaKItem!AK8 -> 0 | BA8: =CloaKItem!AG8 -> 0 | BB8: =CloaKItem!AH8 -> 0 | BC8: =CloaKItem!AI8 -> 0 | BD8: =CloaKItem!AJ8 -> 0 | BE8: =CloaKItem!AN8 -> 0 | BF8: =CloaKItem!AO8 -> 0 | BG8: =CloaKItem!BH8 -> 9 | BH8: 0
A9: =CloaKItem!A9 -> ikbb007 | B9: =CloaKItem!E9 -> Advanced Fire Force Booster | C9: =CloaKItem!C9 -> 700600 | D9: =CloaKItem!D9 -> 154 | E9: =CloaKItem!J9 -> 11000000 | F9: 8 | G9: =CloaKItem!R9 -> 0 | H9: 0 | I9: =CloaKItem!S9 -> 0 | J9: =CloaKItem!T9 -> 0 | K9: =CloaKItem!U9 -> 0 | L9: =CloaKItem!W9 -> 0 | M9: =CloaKItem!V9 -> 0 | N9: =CloaKItem!X9 -> 0 | O9: =CloaKItem!AZ9 -> 1 | P9: =CloaKItem!AY9 -> 1 | Q9: =CloaKItem!BA9 -> 1 | R9: =CloaKItem!BB9 -> 0 | S9: 6 | T9: =CloaKItem!B9 -> 1 | U9: 0 | V9: =CloaKItem!BG9 -> 0 | W9: =CloaKItem!L9 -> -1 | X9: =CloaKItem!G9 -> 5 | Y9: 0 | Z9: =CloaKItem!BD9 -> 7 | AA9: 0 | AB9: =CloaKItem!Z9 -> 0 | AC9: =CloaKItem!K9 -> 50 | AD9: =CloaKItem!N9 -> -1 | AE9: =CloaKItem!P9 -> -1 | AF9: =CloaKItem!O9 -> -1 | AG9: =CloaKItem!Q9 -> -1 | AH9: 0 | AI9: 0 | AJ9: 0 | AK9: =CloaKItem!AE9 -> 0 | AL9: =IF(AM9=0,0,IF(AN9=0,1,IF(AO9=0,2,IF(AP9=0,3,4)))) -> 0 | AM9: =CloaKItem!AP9 -> 0 | AN9: =CloaKItem!AR9 -> 0 | AO9: =CloaKItem!AT9 -> 0 | AP9: =CloaKItem!AV9 -> 0 | AQ9: 0 | AR9: 0 | AS9: 0 | AT9: =CloaKItem!AQ9 -> 0 | AU9: =CloaKItem!AS9 -> 0 | AV9: =CloaKItem!AU9 -> 0 | AW9: =CloaKItem!AW9 -> 0 | AX9: =CloaKItem!BF9 -> -1 | AY9: =CloaKItem!M9 -> 0 | AZ9: =CloaKItem!AK9 -> 0 | BA9: =CloaKItem!AG9 -> 10 | BB9: =CloaKItem!AH9 -> 0 | BC9: =CloaKItem!AI9 -> 0 | BD9: =CloaKItem!AJ9 -> 0 | BE9: =CloaKItem!AN9 -> 0 | BF9: =CloaKItem!AO9 -> 0 | BG9: =CloaKItem!BH9 -> 9 | BH9: 0
A10: =CloaKItem!A10 -> ikbb008 | B10: =CloaKItem!E10 -> Advanced Aqua Force Booster | C10: =CloaKItem!C10 -> 700600 | D10: =CloaKItem!D10 -> 154 | E10: =CloaKItem!J10 -> 11000000 | F10: 8 | G10: =CloaKItem!R10 -> 0 | H10: 0 | I10: =CloaKItem!S10 -> 0 | J10: =CloaKItem!T10 -> 0 | K10: =CloaKItem!U10 -> 0 | L10: =CloaKItem!W10 -> 0 | M10: =CloaKItem!V10 -> 0 | N10: =CloaKItem!X10 -> 0 | O10: =CloaKItem!AZ10 -> 1 | P10: =CloaKItem!AY10 -> 1 | Q10: =CloaKItem!BA10 -> 1 | R10: =CloaKItem!BB10 -> 0 | S10: 7 | T10: =CloaKItem!B10 -> 1 | U10: 0 | V10: =CloaKItem!BG10 -> 0 | W10: =CloaKItem!L10 -> -1 | X10: =CloaKItem!G10 -> 5 | Y10: 0 | Z10: =CloaKItem!BD10 -> 7 | AA10: 0 | AB10: =CloaKItem!Z10 -> 0 | AC10: =CloaKItem!K10 -> 50 | AD10: =CloaKItem!N10 -> -1 | AE10: =CloaKItem!P10 -> -1 | AF10: =CloaKItem!O10 -> -1 | AG10: =CloaKItem!Q10 -> -1 | AH10: 0 | AI10: 0 | AJ10: 0 | AK10: =CloaKItem!AE10 -> 0 | AL10: =IF(AM10=0,0,IF(AN10=0,1,IF(AO10=0,2,IF(AP10=0,3,4)))) -> 0 | AM10: =CloaKItem!AP10 -> 0 | AN10: =CloaKItem!AR10 -> 0 | AO10: =CloaKItem!AT10 -> 0 | AP10: =CloaKItem!AV10 -> 0 | AQ10: 0 | AR10: 0 | AS10: 0 | AT10: =CloaKItem!AQ10 -> 0 | AU10: =CloaKItem!AS10 -> 0 | AV10: =CloaKItem!AU10 -> 0 | AW10: =CloaKItem!AW10 -> 0 | AX10: =CloaKItem!BF10 -> -1 | AY10: =CloaKItem!M10 -> 0 | AZ10: =CloaKItem!AK10 -> 0 | BA10: =CloaKItem!AG10 -> 0 | BB10: =CloaKItem!AH10 -> 10 | BC10: =CloaKItem!AI10 -> 0 | BD10: =CloaKItem!AJ10 -> 0 | BE10: =CloaKItem!AN10 -> 0 | BF10: =CloaKItem!AO10 -> 0 | BG10: =CloaKItem!BH10 -> 9 | BH10: 0
A11: =CloaKItem!A11 -> ikbb009 | B11: =CloaKItem!E11 -> Advanced Terra Booster | C11: =CloaKItem!C11 -> 700600 | D11: =CloaKItem!D11 -> 154 | E11: =CloaKItem!J11 -> 11000000 | F11: 8 | G11: =CloaKItem!R11 -> 0 | H11: 0 | I11: =CloaKItem!S11 -> 0 | J11: =CloaKItem!T11 -> 0 | K11: =CloaKItem!U11 -> 0 | L11: =CloaKItem!W11 -> 0 | M11: =CloaKItem!V11 -> 0 | N11: =CloaKItem!X11 -> 0 | O11: =CloaKItem!AZ11 -> 1 | P11: =CloaKItem!AY11 -> 1 | Q11: =CloaKItem!BA11 -> 1 | R11: =CloaKItem!BB11 -> 0 | S11: 8 | T11: =CloaKItem!B11 -> 1 | U11: 0 | V11: =CloaKItem!BG11 -> 0 | W11: =CloaKItem!L11 -> -1 | X11: =CloaKItem!G11 -> 5 | Y11: 0 | Z11: =CloaKItem!BD11 -> 7 | AA11: 0 | AB11: =CloaKItem!Z11 -> 0 | AC11: =CloaKItem!K11 -> 50 | AD11: =CloaKItem!N11 -> -1 | AE11: =CloaKItem!P11 -> -1 | AF11: =CloaKItem!O11 -> -1 | AG11: =CloaKItem!Q11 -> -1 | AH11: 0 | AI11: 0 | AJ11: 0 | AK11: =CloaKItem!AE11 -> 0 | AL11: =IF(AM11=0,0,IF(AN11=0,1,IF(AO11=0,2,IF(AP11=0,3,4)))) -> 0 | AM11: =CloaKItem!AP11 -> 0 | AN11: =CloaKItem!AR11 -> 0 | AO11: =CloaKItem!AT11 -> 0 | AP11: =CloaKItem!AV11 -> 0 | AQ11: 0 | AR11: 0 | AS11: 0 | AT11: =CloaKItem!AQ11 -> 0 | AU11: =CloaKItem!AS11 -> 0 | AV11: =CloaKItem!AU11 -> 0 | AW11: =CloaKItem!AW11 -> 0 | AX11: =CloaKItem!BF11 -> -1 | AY11: =CloaKItem!M11 -> 0 | AZ11: =CloaKItem!AK11 -> 0 | BA11: =CloaKItem!AG11 -> 0 | BB11: =CloaKItem!AH11 -> 0 | BC11: =CloaKItem!AI11 -> 10 | BD11: =CloaKItem!AJ11 -> 0 | BE11: =CloaKItem!AN11 -> 0 | BF11: =CloaKItem!AO11 -> 0 | BG11: =CloaKItem!BH11 -> 9 | BH11: 0
A12: =CloaKItem!A12 -> ikbb010 | B12: =CloaKItem!E12 -> Advanced Wind Booster | C12: =CloaKItem!C12 -> 700600 | D12: =CloaKItem!D12 -> 154 | E12: =CloaKItem!J12 -> 11000000 | F12: 8 | G12: =CloaKItem!R12 -> 0 | H12: 0 | I12: =CloaKItem!S12 -> 0 | J12: =CloaKItem!T12 -> 0 | K12: =CloaKItem!U12 -> 0 | L12: =CloaKItem!W12 -> 0 | M12: =CloaKItem!V12 -> 0 | N12: =CloaKItem!X12 -> 0 | O12: =CloaKItem!AZ12 -> 1 | P12: =CloaKItem!AY12 -> 1 | Q12: =CloaKItem!BA12 -> 1 | R12: =CloaKItem!BB12 -> 0 | S12: 9 | T12: =CloaKItem!B12 -> 1 | U12: 0 | V12: =CloaKItem!BG12 -> 0 | W12: =CloaKItem!L12 -> -1 | X12: =CloaKItem!G12 -> 5 | Y12: 0 | Z12: =CloaKItem!BD12 -> 7 | AA12: 0 | AB12: =CloaKItem!Z12 -> 0 | AC12: =CloaKItem!K12 -> 50 | AD12: =CloaKItem!N12 -> -1 | AE12: =CloaKItem!P12 -> -1 | AF12: =CloaKItem!O12 -> -1 | AG12: =CloaKItem!Q12 -> -1 | AH12: 0 | AI12: 0 | AJ12: 0 | AK12: =CloaKItem!AE12 -> 0 | AL12: =IF(AM12=0,0,IF(AN12=0,1,IF(AO12=0,2,IF(AP12=0,3,4)))) -> 0 | AM12: =CloaKItem!AP12 -> 0 | AN12: =CloaKItem!AR12 -> 0 | AO12: =CloaKItem!AT12 -> 0 | AP12: =CloaKItem!AV12 -> 0 | AQ12: 0 | AR12: 0 | AS12: 0 | AT12: =CloaKItem!AQ12 -> 0 | AU12: =CloaKItem!AS12 -> 0 | AV12: =CloaKItem!AU12 -> 0 | AW12: =CloaKItem!AW12 -> 0 | AX12: =CloaKItem!BF12 -> -1 | AY12: =CloaKItem!M12 -> 0 | AZ12: =CloaKItem!AK12 -> 0 | BA12: =CloaKItem!AG12 -> 0 | BB12: =CloaKItem!AH12 -> 0 | BC12: =CloaKItem!AI12 -> 0 | BD12: =CloaKItem!AJ12 -> 10 | BE12: =CloaKItem!AN12 -> 0 | BF12: =CloaKItem!AO12 -> 0 | BG12: =CloaKItem!BH12 -> 9 | BH12: 0
A13: =CloaKItem!A13 -> ikbb011 | B13: =CloaKItem!E13 -> Bellato Mantle11 | C13: =CloaKItem!C13 -> 70060A | D13: =CloaKItem!D13 -> 142 | E13: =CloaKItem!J13 -> 11000000 | F13: 8 | G13: =CloaKItem!R13 -> 0 | H13: 0 | I13: =CloaKItem!S13 -> 0 | J13: =CloaKItem!T13 -> 0 | K13: =CloaKItem!U13 -> 0 | L13: =CloaKItem!W13 -> 0 | M13: =CloaKItem!V13 -> 0 | N13: =CloaKItem!X13 -> 0 | O13: =CloaKItem!AZ13 -> 1 | P13: =CloaKItem!AY13 -> 1 | Q13: =CloaKItem!BA13 -> 1 | R13: =CloaKItem!BB13 -> 0 | S13: 10 | T13: =CloaKItem!B13 -> 1 | U13: 0 | V13: =CloaKItem!BG13 -> 0 | W13: =CloaKItem!L13 -> -1 | X13: =CloaKItem!G13 -> 0 | Y13: 0 | Z13: =CloaKItem!BD13 -> 0 | AA13: 0 | AB13: =CloaKItem!Z13 -> 0 | AC13: =CloaKItem!K13 -> 1 | AD13: =CloaKItem!N13 -> -1 | AE13: =CloaKItem!P13 -> -1 | AF13: =CloaKItem!O13 -> -1 | AG13: =CloaKItem!Q13 -> -1 | AH13: 0 | AI13: 0 | AJ13: 0 | AK13: =CloaKItem!AE13 -> 0 | AL13: =IF(AM13=0,0,IF(AN13=0,1,IF(AO13=0,2,IF(AP13=0,3,4)))) -> 0 | AM13: =CloaKItem!AP13 -> 0 | AN13: =CloaKItem!AR13 -> 0 | AO13: =CloaKItem!AT13 -> 0 | AP13: =CloaKItem!AV13 -> 0 | AQ13: 0 | AR13: 0 | AS13: 0 | AT13: =CloaKItem!AQ13 -> 0 | AU13: =CloaKItem!AS13 -> 0 | AV13: =CloaKItem!AU13 -> 0 | AW13: =CloaKItem!AW13 -> 0 | AX13: =CloaKItem!BF13 -> -1 | AY13: =CloaKItem!M13 -> 0 | AZ13: =CloaKItem!AK13 -> 0 | BA13: =CloaKItem!AG13 -> 0 | BB13: =CloaKItem!AH13 -> 0 | BC13: =CloaKItem!AI13 -> 0 | BD13: =CloaKItem!AJ13 -> 0 | BE13: =CloaKItem!AN13 -> 0 | BF13: =CloaKItem!AO13 -> 0 | BG13: =CloaKItem!BH13 -> 0 | BH13: 0
A14: =CloaKItem!A14 -> ikbpc01 | B14: =CloaKItem!E14 -> Nexus Jet Pack | C14: =CloaKItem!C14 -> 700600 | D14: =CloaKItem!D14 -> 202 | E14: =CloaKItem!J14 -> 11000000 | F14: 8 | G14: =CloaKItem!R14 -> 0 | H14: 0 | I14: =CloaKItem!S14 -> 0 | J14: =CloaKItem!T14 -> 0 | K14: =CloaKItem!U14 -> 0 | L14: =CloaKItem!W14 -> 0 | M14: =CloaKItem!V14 -> 0 | N14: =CloaKItem!X14 -> 0 | O14: =CloaKItem!AZ14 -> 0 | P14: =CloaKItem!AY14 -> 1 | Q14: =CloaKItem!BA14 -> 0 | R14: =CloaKItem!BB14 -> 0 | S14: 775 | T14: =CloaKItem!B14 -> 1 | U14: 0 | V14: =CloaKItem!BG14 -> 0 | W14: =CloaKItem!L14 -> -1 | X14: =CloaKItem!G14 -> 5 | Y14: 0 | Z14: =CloaKItem!BD14 -> 0 | AA14: 0 | AB14: =CloaKItem!Z14 -> 0 | AC14: =CloaKItem!K14 -> 1 | AD14: =CloaKItem!N14 -> -1 | AE14: =CloaKItem!P14 -> -1 | AF14: =CloaKItem!O14 -> -1 | AG14: =CloaKItem!Q14 -> -1 | AH14: 0 | AI14: 0 | AJ14: 0 | AK14: =CloaKItem!AE14 -> 0 | AL14: =IF(AM14=0,0,IF(AN14=0,1,IF(AO14=0,2,IF(AP14=0,3,4)))) -> 1 | AM14: =CloaKItem!AP14 -> 27 | AN14: =CloaKItem!AR14 -> 0 | AO14: =CloaKItem!AT14 -> 0 | AP14: =CloaKItem!AV14 -> 0 | AQ14: 0 | AR14: 0 | AS14: 0 | AT14: =CloaKItem!AQ14 -> 10 | AU14: =CloaKItem!AS14 -> 0 | AV14: =CloaKItem!AU14 -> 0 | AW14: =CloaKItem!AW14 -> 0 | AX14: =CloaKItem!BF14 -> -1 | AY14: =CloaKItem!M14 -> 0 | AZ14: =CloaKItem!AK14 -> 0 | BA14: =CloaKItem!AG14 -> 0 | BB14: =CloaKItem!AH14 -> 0 | BC14: =CloaKItem!AI14 -> 0 | BD14: =CloaKItem!AJ14 -> 0 | BE14: =CloaKItem!AN14 -> 0 | BF14: =CloaKItem!AO14 -> 0 | BG14: =CloaKItem!BH14 -> 9 | BH14: 0
... A2060: =CloaKItem!A2060 -> ikat007 | B2060: =CloaKItem!E2060 -> Ceremonial White Tiger Hide [DEF] | C2060: =CloaKItem!C2060 -> 40064E | D2060: =CloaKItem!D2060 -> 432 | E2060: =CloaKItem!J2060 -> 00001000 | F2060: 8 | G2060: =CloaKItem!R2060 -> 0 | H2060: 0 | I2060: =CloaKItem!S2060 -> 0 | J2060: =CloaKItem!T2060 -> 0 | K2060: =CloaKItem!U2060 -> 0 | L2060: =CloaKItem!W2060 -> 0 | M2060: =CloaKItem!V2060 -> 0 | N2060: =CloaKItem!X2060 -> 0 | O2060: =CloaKItem!AZ2060 -> 0 | P2060: =CloaKItem!AY2060 -> 0 | Q2060: =CloaKItem!BA2060 -> 0 | R2060: =CloaKItem!BB2060 -> 1 | S2060: 2139 | T2060: =CloaKItem!B2060 -> 1 | U2060: 0 | V2060: =CloaKItem!BG2060 -> 0 | W2060: =CloaKItem!L2060 -> -1 | X2060: =CloaKItem!G2060 -> 5 | Y2060: 0 | Z2060: =CloaKItem!BD2060 -> 7 | AA2060: 0 | AB2060: =CloaKItem!Z2060 -> 0 | AC2060: =CloaKItem!K2060 -> 55 | AD2060: =CloaKItem!N2060 -> -1 | AE2060: =CloaKItem!P2060 -> -1 | AF2060: =CloaKItem!O2060 -> -1 | AG2060: =CloaKItem!Q2060 -> -1 | AH2060: 0 | AI2060: 0 | AJ2060: 0 | AK2060: =CloaKItem!AE2060 -> 0 | AL2060: =IF(AM2060=0,0,IF(AN2060=0,1,IF(AO2060=0,2,IF(AP2060=0,3,4)))) -> 4 | AM2060: =CloaKItem!AP2060 -> 7 | AN2060: =CloaKItem!AR2060 -> 12 | AO2060: =CloaKItem!AT2060 -> 27 | AP2060: =CloaKItem!AV2060 -> 5 | AQ2060: 0 | AR2060: 0 | AS2060: 0 | AT2060: =CloaKItem!AQ2060 -> 0.40000001 | AU2060: =CloaKItem!AS2060 -> 1 | AV2060: =CloaKItem!AU2060 -> 35 | AW2060: =CloaKItem!AW2060 -> 0.25 | AX2060: =CloaKItem!BF2060 -> -1 | AY2060: =CloaKItem!M2060 -> 0 | AZ2060: =CloaKItem!AK2060 -> 1730 | BA2060: =CloaKItem!AG2060 -> 0 | BB2060: =CloaKItem!AH2060 -> 0 | BC2060: =CloaKItem!AI2060 -> 0 | BD2060: =CloaKItem!AJ2060 -> 0 | BE2060: =CloaKItem!AN2060 -> 0 | BF2060: =CloaKItem!AO2060 -> 0 | BG2060: =CloaKItem!BH2060 -> 9 | BH2060: 0

Sheet 8desc
A1: dword | B1: text | C1: END
A2: Count | B2: descript
A3: 0 | B3: Bellato Cape. When equipped you can use Booster skill for faster movement.Physical.
A4: 1 | B4: Bellato Cape. When equipped you can use Booster skill for faster movement.Fire Elemental.
A5: 2 | B5: Bellato Cape. When equipped you can use Booster skill for faster movement.Aqua Elemental.
A6: 3 | B6: Bellato Cape. When equipped you can use Booster skill for faster movement.Terra Elemental.
A7: 4 | B7: Bellato Cape. When equipped you can use Booster skill for faster movement.Wind Elemental.
A8: 5 | B8: Bellato Cape. When equipped you can use Booster skill for faster movement.Physical.
A9: 6 | B9: Bellato Cape. When equipped you can use Booster skill for faster movement.Fire Elemental.
A10: 7 | B10: Bellato Cape. When equipped you can use Booster skill for faster movement.Aqua Elemental.
A11: 8 | B11: Bellato Cape. When equipped you can use Booster skill for faster movement.Terra Elemental.
A12: 9 | B12: Bellato Cape. When equipped you can use Booster skill for faster movement.Wind Elemental.
A13: 10 | B13: Bellato mantle
A14: 11 | B14: Bellato mantle
... A2192: 2189 | B2192: Powerful jetpack from the <font color='ffcc00'>PlanetWar Era</font> worn by the first Settlers of Novus. These jetpack Pieces have been very difficult to track down because most of them if not in the far reaches of the universe then most have been eaten by the Black Hole in the Center of the Galaxy.
