Workbook

Sheet BattleDungeonItem
A1: string[64] | B1: dword | C1: string[64] | D1: dword | E1: string[64] | F1: dword | G1: dword | H1: string[64] | I1: string[64] | J1: string[64] | K1: dword | L1: dword | M1: dword | N1: dword | O1: dword | P1: dword | Q1: dword | R1: dword | S1: dword | T1: float | U1: dword | V1: dword | W1: string[64] | X1: dword | Y1: dword | Z1: dword | AA1: dword | AB1: dword | AC1: dword | AD1: dword | AE1: dword | AF1: dword | AG1: dword | AH1: string[64] | AI1: string[64] | AJ1: dword | AK1: END
A2: Code | B2: IsExist | C2: Model | D2: Icon | E2: Name | F2: KindClt | G2: FixPart | H2: Civil | I2: MapCode | J2: DummyName | K2: GenMob | L2: Money | M2: StdPrice | N2: StdPoint | O2: GoldPoint | P2: KillPoint | Q2: ProcPoint | R2: StorePrice | S2: IsQualification | T2: MobAdd | U2: TerminateTime | V2: EndIF | W2: MobID | X2: MobCount | Y2: IsItemLooting | Z2: Exp | AA2: Dalant | AB2: Gold | AC2: IsSell | AD2: IsExchange | AE2: IsGround | AF2: IsStore | AG2: IsNormAcc | AH2: ToolTip | AI2: MissionIndex | AJ2: IsTime
A3: ixbdn25 | B3: 1 | C3: A30D00 | D3: 1 | E3: Battle Dungeon Gate | F3: 781 | G3: 300 | H3: 11111000 | I3: Dungeon00 | J3: _ | K3: 0 | L3: 0 | M3: 20000 | N3: 0 | O3: 0 | P3: 0 | Q3: 0 | R3: 1 | S3: 0 | T3: 0 | U3: 300 | V3: 1 | W3: -1 | X3: 200 | Y3: 0 | Z3: 0 | AA3: 10000 | AB3: 0 | AC3: 1 | AD3: 1 | AE3: 1 | AF3: 0 | AG3: 1 | AH3: ="t"&A3 -> tixbdn25 | AI3: ixm001 | AJ3: 0
A4: ixbdp25 | B4: 1 | C4: A30D01 | D4: 1 | E4: Battle Dungeon Gate | F4: 781 | G4: 300 | H4: 11111000 | I4: Dungeon00 | J4: _ | K4: 1 | L4: 0 | M4: 20000 | N4: 0 | O4: 0 | P4: 0 | Q4: 0 | R4: 1 | S4: 1 | T4: 0 | U4: 300 | V4: 2 | W4: 041A3 | X4: 1 | Y4: 0 | Z4: 0 | AA4: 10000 | AB4: 0 | AC4: 1 | AD4: 1 | AE4: 1 | AF4: 0 | AG4: 1 | AH4: ="t"&A4 -> tixbdp25 | AI4: ixm002 | AJ4: 0
A5: ixbdn20 | B5: 1 | C5: A30D02 | D5: 1 | E5: Battle Dungeon Gate | F5: 781 | G5: 300 | H5: 11111000 | I5: Dungeon00 | J5: _ | K5: 0 | L5: 0 | M5: 10000 | N5: 0 | O5: 0 | P5: 0 | Q5: 0 | R5: 1 | S5: 0 | T5: 0 | U5: 300 | V5: 1 | W5: -1 | X5: 300 | Y5: 0 | Z5: 0 | AA5: 10000 | AB5: 0 | AC5: 1 | AD5: 1 | AE5: 1 | AF5: 0 | AG5: 1 | AH5: ="t"&A5 -> tixbdn20 | AI5: 0 | AJ5: 0
A6: ixbdp20 | B6: 1 | C6: A30D03 | D6: 1 | E6: Battle Dungeon Gate | F6: 781 | G6: 300 | H6: 11111000 | I6: Dungeon00 | J6: _ | K6: 1 | L6: 0 | M6: 10000 | N6: 0 | O6: 0 | P6: 0 | Q6: 0 | R6: 1 | S6: 1 | T6: 0 | U6: 300 | V6: 1 | W6: -1 | X6: 300 | Y6: 0 | Z6: 0 | AA6: 10000 | AB6: 0 | AC6: 1 | AD6: 1 | AE6: 1 | AF6: 0 | AG6: 1 | AH6: ="t"&A6 -> tixbdp20 | AI6: 0 | AJ6: 0
A7: ixkey01 | B7: 1 | C7: A30D04 | D7: 2 | E7: Gateway Generating Key | F7: 781 | G7: 300 | H7: 11111000 | I7: Dungeon00_1520_winBoss | J7: _ | K7: 0 | L7: 0 | M7: 5000 | N7: 0 | O7: 0 | P7: 0 | Q7: 0 | R7: 100 | S7: 1 | T7: 0 | U7: 300 | V7: 1 | W7: -1 | X7: 300 | Y7: 0 | Z7: 0 | AA7: 10000 | AB7: 0 | AC7: 1 | AD7: 1 | AE7: 1 | AF7: 1 | AG7: 1 | AH7: ="t"&A7 -> tixkey01 | AI7: 0 | AJ7: 0
A8: ixkey02 | B8: 1 | C8: A30D05 | D8: 2 | E8: Gateway Generating Key | F8: 781 | G8: 300 | H8: 11111000 | I8: Dungeon00_2125_flmBoss | J8: _ | K8: 0 | L8: 0 | M8: 5000 | N8: 0 | O8: 0 | P8: 0 | Q8: 0 | R8: 100 | S8: 1 | T8: 0 | U8: 300 | V8: 1 | W8: -1 | X8: 300 | Y8: 0 | Z8: 0 | AA8: 10000 | AB8: 0 | AC8: 1 | AD8: 1 | AE8: 1 | AF8: 1 | AG8: 1 | AH8: ="t"&A8 -> tixkey02 | AI8: 0 | AJ8: 0
A9: ixkey03 | B9: 1 | C9: A30D06 | D9: 2 | E9: Gateway Generating Key | F9: 781 | G9: 300 | H9: 11111000 | I9: Dungeon00_2125_snt | J9: _ | K9: 0 | L9: 0 | M9: 5000 | N9: 0 | O9: 0 | P9: 0 | Q9: 0 | R9: 100 | S9: 1 | T9: 0 | U9: 300 | V9: 1 | W9: -1 | X9: 300 | Y9: 0 | Z9: 0 | AA9: 10000 | AB9: 0 | AC9: 1 | AD9: 1 | AE9: 1 | AF9: 1 | AG9: 1 | AH9: ="t"&A9 -> tixkey03 | AI9: 0 | AJ9: 0
A10: ixkey04 | B10: 1 | C10: A30D07 | D10: 2 | E10: Gateway Generating Key | F10: 781 | G10: 300 | H10: 11111000 | I10: Dungeon00_2630_grmBoss | J10: _ | K10: 0 | L10: 0 | M10: 3000 | N10: 0 | O10: 0 | P10: 0 | Q10: 0 | R10: 100 | S10: 1 | T10: 0 | U10: 300 | V10: 1 | W10: -1 | X10: 300 | Y10: 0 | Z10: 0 | AA10: 10000 | AB10: 0 | AC10: 1 | AD10: 1 | AE10: 1 | AF10: 1 | AG10: 1 | AH10: ="t"&A10 -> tixkey04 | AI10: 0 | AJ10: 0
A11: ixkey05 | B11: 1 | C11: A30D08 | D11: 2 | E11: Gateway Generating Key | F11: 781 | G11: 300 | H11: 11111000 | I11: Dungeon00_2630_gaf | J11: _ | K11: 0 | L11: 0 | M11: 3000 | N11: 0 | O11: 0 | P11: 0 | Q11: 0 | R11: 100 | S11: 1 | T11: 0 | U11: 300 | V11: 1 | W11: -1 | X11: 300 | Y11: 0 | Z11: 0 | AA11: 10000 | AB11: 0 | AC11: 1 | AD11: 1 | AE11: 1 | AF11: 1 | AG11: 1 | AH11: ="t"&A11 -> tixkey05 | AI11: 0 | AJ11: 0
A12: ixkey06 | B12: 1 | C12: A30D09 | D12: 2 | E12: Gateway Generating Key | F12: 781 | G12: 300 | H12: 11111000 | I12: Dungeon00_2630_huBoss | J12: _ | K12: 0 | L12: 0 | M12: 3000 | N12: 0 | O12: 0 | P12: 0 | Q12: 0 | R12: 100 | S12: 1 | T12: 0 | U12: 300 | V12: 1 | W12: -1 | X12: 300 | Y12: 0 | Z12: 0 | AA12: 10000 | AB12: 0 | AC12: 1 | AD12: 1 | AE12: 1 | AF12: 1 | AG12: 1 | AH12: ="t"&A12 -> tixkey06 | AI12: 0 | AJ12: 0
A13: ixkey07 | B13: 1 | C13: A30D0A | D13: 2 | E13: Gateway Generating Key | F13: 781 | G13: 300 | H13: 11111000 | I13: Dungeon00_3135_splBoss | J13: _ | K13: 0 | L13: 0 | M13: 3500 | N13: 0 | O13: 0 | P13: 0 | Q13: 0 | R13: 100 | S13: 1 | T13: 0 | U13: 300 | V13: 1 | W13: -1 | X13: 300 | Y13: 0 | Z13: 0 | AA13: 10000 | AB13: 0 | AC13: 1 | AD13: 1 | AE13: 1 | AF13: 1 | AG13: 1 | AH13: ="t"&A13 -> tixkey07 | AI13: 0 | AJ13: 0
A14: ixkey08 | B14: 1 | C14: A30D0B | D14: 2 | E14: Gateway Generating Key | F14: 781 | G14: 300 | H14: 11111000 | I14: Dungeon00_3135_bolBoss | J14: _ | K14: 0 | L14: 0 | M14: 3500 | N14: 0 | O14: 0 | P14: 0 | Q14: 0 | R14: 100 | S14: 1 | T14: 0 | U14: 300 | V14: 1 | W14: -1 | X14: 300 | Y14: 0 | Z14: 0 | AA14: 10000 | AB14: 0 | AC14: 1 | AD14: 1 | AE14: 1 | AF14: 1 | AG14: 1 | AH14: ="t"&A14 -> tixkey08 | AI14: 0 | AJ14: 0
... A50: ixkey34 | B50: 1 | C50: A30D23 | D50: 4 | E50: Lethal Gateway Key | F50: 781 | G50: 300 | H50: 11111000 | I50: instant_04 | J50: _ | K50: 0 | L50: 0 | M50: 20000 | N50: 0 | O50: 0 | P50: 0 | Q50: 0 | R50: 100 | S50: 1 | T50: 0 | U50: 300 | V50: 1 | W50: -1 | X50: 300 | Y50: 0 | Z50: 0 | AA50: 10000 | AB50: 0 | AC50: 1 | AD50: 1 | AE50: 1 | AF50: 1 | AG50: 1 | AH50: ="t"&A50 -> tixkey34 | AI50: 0 | AJ50: 0

Sheet 23decrypt
A1: clcode | B1: string[64] | C1: xeh | D1: dword | E1: stb | F1: byte | G1: byte | H1: word | I1: dword | J1: dword | K1: dword | L1: dword | M1: dword | N1: dword | O1: dword | P1: dword | Q1: dword | R1: dword | S1: dword | T1: dword | U1: dword | V1: dword | W1: long | X1: dword | Y1: dword | Z1: dword | AA1: xeh | AB1: dword | AC1: dword | AD1: dword | AE1: dword | AF1: dword | AG1: dword | AH1: END
A2: =BattleDungeonItem!A2 -> Code | B2: =BattleDungeonItem!E2 -> Name | C2: =BattleDungeonItem!C2 -> Model | D2: =BattleDungeonItem!D2 -> Icon | E2: =BattleDungeonItem!H2 -> Civil | F2: ListID | G2: =BattleDungeonItem!L2 -> Money | H2: none | I2: =BattleDungeonItem!M2 -> StdPrice | J2: =BattleDungeonItem!N2 -> StdPoint | K2: =BattleDungeonItem!O2 -> GoldPoint | L2: =BattleDungeonItem!Q2 -> ProcPoint | M2: =BattleDungeonItem!P2 -> KillPoint | N2: =BattleDungeonItem!R2 -> StorePrice | O2: =BattleDungeonItem!AD2 -> IsExchange | P2: =BattleDungeonItem!AC2 -> IsSell | Q2: =BattleDungeonItem!AE2 -> IsGround | R2: =BattleDungeonItem!AF2 -> IsStore | S2: Descript | T2: =BattleDungeonItem!B2 -> IsExist | U2: ISCash | V2: =BattleDungeonItem!AJ2 -> IsTime | W2: UpLvLim | X2: =BattleDungeonItem!S2 -> IsQualification | Y2: =BattleDungeonItem!U2 -> TerminateTime | Z2: =BattleDungeonItem!V2 -> EndIF | AA2: =BattleDungeonItem!W2 -> MobID | AB2: =BattleDungeonItem!X2 -> MobCount | AC2: Unk | AD2: =BattleDungeonItem!AA2 -> Dalant | AE2: =BattleDungeonItem!AB2 -> Gold | AF2: hz | AG2: hz
A3: =BattleDungeonItem!A3 -> ixbdn25 | B3: =BattleDungeonItem!E3 -> Battle Dungeon Gate | C3: =BattleDungeonItem!C3 -> A30D00 | D3: =BattleDungeonItem!D3 -> 1 | E3: =BattleDungeonItem!H3 -> 11111000 | F3: 23 | G3: =BattleDungeonItem!L3 -> 0 | H3: 0 | I3: =BattleDungeonItem!M3 -> 20000 | J3: =BattleDungeonItem!N3 -> 0 | K3: =BattleDungeonItem!O3 -> 0 | L3: =BattleDungeonItem!Q3 -> 0 | M3: =BattleDungeonItem!P3 -> 0 | N3: =BattleDungeonItem!R3 -> 1 | O3: =BattleDungeonItem!AD3 -> 1 | P3: =BattleDungeonItem!AC3 -> 1 | Q3: =BattleDungeonItem!AE3 -> 1 | R3: =BattleDungeonItem!AF3 -> 0 | S3: 0 | T3: =BattleDungeonItem!B3 -> 1 | U3: 0 | V3: =BattleDungeonItem!AJ3 -> 0 | W3: 0 | X3: =BattleDungeonItem!S3 -> 0 | Y3: =BattleDungeonItem!U3 -> 300 | Z3: =BattleDungeonItem!V3 -> 1 | AA3: =BattleDungeonItem!W3 -> -1 | AB3: =BattleDungeonItem!X3 -> 200 | AC3: 0 | AD3: =BattleDungeonItem!AA3 -> 10000 | AE3: =BattleDungeonItem!AB3 -> 0 | AF3: 0 | AG3: 0
A4: =BattleDungeonItem!A4 -> ixbdp25 | B4: =BattleDungeonItem!E4 -> Battle Dungeon Gate | C4: =BattleDungeonItem!C4 -> A30D01 | D4: =BattleDungeonItem!D4 -> 1 | E4: =BattleDungeonItem!H4 -> 11111000 | F4: 23 | G4: =BattleDungeonItem!L4 -> 0 | H4: 0 | I4: =BattleDungeonItem!M4 -> 20000 | J4: =BattleDungeonItem!N4 -> 0 | K4: =BattleDungeonItem!O4 -> 0 | L4: =BattleDungeonItem!Q4 -> 0 | M4: =BattleDungeonItem!P4 -> 0 | N4: =BattleDungeonItem!R4 -> 1 | O4: =BattleDungeonItem!AD4 -> 1 | P4: =BattleDungeonItem!AC4 -> 1 | Q4: =BattleDungeonItem!AE4 -> 1 | R4: =BattleDungeonItem!AF4 -> 0 | S4: 1 | T4: =BattleDungeonItem!B4 -> 1 | U4: 0 | V4: =BattleDungeonItem!AJ4 -> 0 | W4: 0 | X4: =BattleDungeonItem!S4 -> 1 | Y4: =BattleDungeonItem!U4 -> 300 | Z4: =BattleDungeonItem!V4 -> 2 | AA4: =BattleDungeonItem!W4 -> 041A3 | AB4: =BattleDungeonItem!X4 -> 1 | AC4: 0 | AD4: =BattleDungeonItem!AA4 -> 10000 | AE4: =BattleDungeonItem!AB4 -> 0 | AF4: 0 | AG4: 0
A5: =BattleDungeonItem!A5 -> ixbdn20 | B5: =BattleDungeonItem!E5 -> Battle Dungeon Gate | C5: =BattleDungeonItem!C5 -> A30D02 | D5: =BattleDungeonItem!D5 -> 1 | E5: =BattleDungeonItem!H5 -> 11111000 | F5: 23 | G5: =BattleDungeonItem!L5 -> 0 | H5: 0 | I5: =BattleDungeonItem!M5 -> 10000 | J5: =BattleDungeonItem!N5 -> 0 | K5: =BattleDungeonItem!O5 -> 0 | L5: =BattleDungeonItem!Q5 -> 0 | M5: =BattleDungeonItem!P5 -> 0 | N5: =BattleDungeonItem!R5 -> 1 | O5: =BattleDungeonItem!AD5 -> 1 | P5: =BattleDungeonItem!AC5 -> 1 | Q5: =BattleDungeonItem!AE5 -> 1 | R5: =BattleDungeonItem!AF5 -> 0 | S5: 2 | T5: =BattleDungeonItem!B5 -> 1 | U5: 0 | V5: =BattleDungeonItem!AJ5 -> 0 | W5: 0 | X5: =BattleDungeonItem!S5 -> 0 | Y5: =BattleDungeonItem!U5 -> 300 | Z5: =BattleDungeonItem!V5 -> 1 | AA5: =BattleDungeonItem!W5 -> -1 | AB5: =BattleDungeonItem!X5 -> 300 | AC5: 0 | AD5: =BattleDungeonItem!AA5 -> 10000 | AE5: =BattleDungeonItem!AB5 -> 0 | AF5: 0 | AG5: 0
A6: =BattleDungeonItem!A6 -> ixbdp20 | B6: =BattleDungeonItem!E6 -> Battle Dungeon Gate | C6: =BattleDungeonItem!C6 -> A30D03 | D6: =BattleDungeonItem!D6 -> 1 | E6: =BattleDungeonItem!H6 -> 11111000 | F6: 23 | G6: =BattleDungeonItem!L6 -> 0 | H6: 0 | I6: =BattleDungeonItem!M6 -> 10000 | J6: =BattleDungeonItem!N6 -> 0 | K6: =BattleDungeonItem!O6 -> 0 | L6: =BattleDungeonItem!Q6 -> 0 | M6: =BattleDungeonItem!P6 -> 0 | N6: =BattleDungeonItem!R6 -> 1 | O6: =BattleDungeonItem!AD6 -> 1 | P6: =BattleDungeonItem!AC6 -> 1 | Q6: =BattleDungeonItem!AE6 -> 1 | R6: =BattleDungeonItem!AF6 -> 0 | S6: 3 | T6: =BattleDungeonItem!B6 -> 1 | U6: 0 | V6: =BattleDungeonItem!AJ6 -> 0 | W6: 0 | X6: =BattleDungeonItem!S6 -> 1 | Y6: =BattleDungeonItem!U6 -> 300 | Z6: =BattleDungeonItem!V6 -> 1 | AA6: =BattleDungeonItem!W6 -> -1 | AB6: =BattleDungeonItem!X6 -> 300 | AC6: 0 | AD6: =BattleDungeonItem!AA6 -> 10000 | AE6: =BattleDungeonItem!AB6 -> 0 | AF6: 0 | AG6: 0
A7: =BattleDungeonItem!A7 -> ixkey01 | B7: =BattleDungeonItem!E7 -> Gateway Generating Key | C7: =BattleDungeonItem!C7 -> A30D04 | D7: =BattleDungeonItem!D7 -> 2 | E7: =BattleDungeonItem!H7 -> 11111000 | F7: 23 | G7: =BattleDungeonItem!L7 -> 0 | H7: 0 | I7: =BattleDungeonItem!M7 -> 5000 | J7: =BattleDungeonItem!N7 -> 0 | K7: =BattleDungeonItem!O7 -> 0 | L7: =BattleDungeonItem!Q7 -> 0 | M7: =BattleDungeonItem!P7 -> 0 | N7: =BattleDungeonItem!R7 -> 100 | O7: =BattleDungeonItem!AD7 -> 1 | P7: =BattleDungeonItem!AC7 -> 1 | Q7: =BattleDungeonItem!AE7 -> 1 | R7: =BattleDungeonItem!AF7 -> 1 | S7: 4 | T7: =BattleDungeonItem!B7 -> 1 | U7: 0 | V7: =BattleDungeonItem!AJ7 -> 0 | W7: 0 | X7: =BattleDungeonItem!S7 -> 1 | Y7: =BattleDungeonItem!U7 -> 300 | Z7: =BattleDungeonItem!V7 -> 1 | AA7: =BattleDungeonItem!W7 -> -1 | AB7: =BattleDungeonItem!X7 -> 300 | AC7: 0 | AD7: =BattleDungeonItem!AA7 -> 10000 | AE7: =BattleDungeonItem!AB7 -> 0 | AF7: 0 | AG7: 0
A8: =BattleDungeonItem!A8 -> ixkey02 | B8: =BattleDungeonItem!E8 -> Gateway Generating Key | C8: =BattleDungeonItem!C8 -> A30D05 | D8: =BattleDungeonItem!D8 -> 2 | E8: =BattleDungeonItem!H8 -> 11111000 | F8: 23 | G8: =BattleDungeonItem!L8 -> 0 | H8: 0 | I8: =BattleDungeonItem!M8 -> 5000 | J8: =BattleDungeonItem!N8 -> 0 | K8: =BattleDungeonItem!O8 -> 0 | L8: =BattleDungeonItem!Q8 -> 0 | M8: =BattleDungeonItem!P8 -> 0 | N8: =BattleDungeonItem!R8 -> 100 | O8: =BattleDungeonItem!AD8 -> 1 | P8: =BattleDungeonItem!AC8 -> 1 | Q8: =BattleDungeonItem!AE8 -> 1 | R8: =BattleDungeonItem!AF8 -> 1 | S8: 5 | T8: =BattleDungeonItem!B8 -> 1 | U8: 0 | V8: =BattleDungeonItem!AJ8 -> 0 | W8: 0 | X8: =BattleDungeonItem!S8 -> 1 | Y8: =BattleDungeonItem!U8 -> 300 | Z8: =BattleDungeonItem!V8 -> 1 | AA8: =BattleDungeonItem!W8 -> -1 | AB8: =BattleDungeonItem!X8 -> 300 | AC8: 0 | AD8: =BattleDungeonItem!AA8 -> 10000 | AE8: =BattleDungeonItem!AB8 -> 0 | AF8: 0 | AG8: 0
A9: =BattleDungeonItem!A9 -> ixkey03 | B9: =BattleDungeonItem!E9 -> Gateway Generating Key | C9: =BattleDungeonItem!C9 -> A30D06 | D9: =BattleDungeonItem!D9 -> 2 | E9: =BattleDungeonItem!H9 -> 11111000 | F9: 23 | G9: =BattleDungeonItem!L9 -> 0 | H9: 0 | I9: =BattleDungeonItem!M9 -> 5000 | J9: =BattleDungeonItem!N9 -> 0 | K9: =BattleDungeonItem!O9 -> 0 | L9: =BattleDungeonItem!Q9 -> 0 | M9: =BattleDungeonItem!P9 -> 0 | N9: =BattleDungeonItem!R9 -> 100 | O9: =BattleDungeonItem!AD9 -> 1 | P9: =BattleDungeonItem!AC9 -> 1 | Q9: =BattleDungeonItem!AE9 -> 1 | R9: =BattleDungeonItem!AF9 -> 1 | S9: 6 | T9: =BattleDungeonItem!B9 -> 1 | U9: 0 | V9: =BattleDungeonItem!AJ9 -> 0 | W9: 0 | X9: =BattleDungeonItem!S9 -> 1 | Y9: =BattleDungeonItem!U9 -> 300 | Z9: =BattleDungeonItem!V9 -> 1 | AA9: =BattleDungeonItem!W9 -> -1 | AB9: =BattleDungeonItem!X9 -> 300 | AC9: 0 | AD9: =BattleDungeonItem!AA9 -> 10000 | AE9: =BattleDungeonItem!AB9 -> 0 | AF9: 0 | AG9: 0
A10: =BattleDungeonItem!A10 -> ixkey04 | B10: =BattleDungeonItem!E10 -> Gateway Generating Key | C10: =BattleDungeonItem!C10 -> A30D07 | D10: =BattleDungeonItem!D10 -> 2 | E10: =BattleDungeonItem!H10 -> 11111000 | F10: 23 | G10: =BattleDungeonItem!L10 -> 0 | H10: 0 | I10: =BattleDungeonItem!M10 -> 3000 | J10: =BattleDungeonItem!N10 -> 0 | K10: =BattleDungeonItem!O10 -> 0 | L10: =BattleDungeonItem!Q10 -> 0 | M10: =BattleDungeonItem!P10 -> 0 | N10: =BattleDungeonItem!R10 -> 100 | O10: =BattleDungeonItem!AD10 -> 1 | P10: =BattleDungeonItem!AC10 -> 1 | Q10: =BattleDungeonItem!AE10 -> 1 | R10: =BattleDungeonItem!AF10 -> 1 | S10: 7 | T10: =BattleDungeonItem!B10 -> 1 | U10: 0 | V10: =BattleDungeonItem!AJ10 -> 0 | W10: 0 | X10: =BattleDungeonItem!S10 -> 1 | Y10: =BattleDungeonItem!U10 -> 300 | Z10: =BattleDungeonItem!V10 -> 1 | AA10: =BattleDungeonItem!W10 -> -1 | AB10: =BattleDungeonItem!X10 -> 300 | AC10: 0 | AD10: =BattleDungeonItem!AA10 -> 10000 | AE10: =BattleDungeonItem!AB10 -> 0 | AF10: 0 | AG10: 0
A11: =BattleDungeonItem!A11 -> ixkey05 | B11: =BattleDungeonItem!E11 -> Gateway Generating Key | C11: =BattleDungeonItem!C11 -> A30D08 | D11: =BattleDungeonItem!D11 -> 2 | E11: =BattleDungeonItem!H11 -> 11111000 | F11: 23 | G11: =BattleDungeonItem!L11 -> 0 | H11: 0 | I11: =BattleDungeonItem!M11 -> 3000 | J11: =BattleDungeonItem!N11 -> 0 | K11: =BattleDungeonItem!O11 -> 0 | L11: =BattleDungeonItem!Q11 -> 0 | M11: =BattleDungeonItem!P11 -> 0 | N11: =BattleDungeonItem!R11 -> 100 | O11: =BattleDungeonItem!AD11 -> 1 | P11: =BattleDungeonItem!AC11 -> 1 | Q11: =BattleDungeonItem!AE11 -> 1 | R11: =BattleDungeonItem!AF11 -> 1 | S11: 8 | T11: =BattleDungeonItem!B11 -> 1 | U11: 0 | V11: =BattleDungeonItem!AJ11 -> 0 | W11: 0 | X11: =BattleDungeonItem!S11 -> 1 | Y11: =BattleDungeonItem!U11 -> 300 | Z11: =BattleDungeonItem!V11 -> 1 | AA11: =BattleDungeonItem!W11 -> -1 | AB11: =BattleDungeonItem!X11 -> 300 | AC11: 0 | AD11: =BattleDungeonItem!AA11 -> 10000 | AE11: =BattleDungeonItem!AB11 -> 0 | AF11: 0 | AG11: 0
A12: =BattleDungeonItem!A12 -> ixkey06 | B12: =BattleDungeonItem!E12 -> Gateway Generating Key | C12: =BattleDungeonItem!C12 -> A30D09 | D12: =BattleDungeonItem!D12 -> 2 | E12: =BattleDungeonItem!H12 -> 11111000 | F12: 23 | G12: =BattleDungeonItem!L12 -> 0 | H12: 0 | I12: =BattleDungeonItem!M12 -> 3000 | J12: =BattleDungeonItem!N12 -> 0 | K12: =BattleDungeonItem!O12 -> 0 | L12: =BattleDungeonItem!Q12 -> 0 | M12: =BattleDungeonItem!P12 -> 0 | N12: =BattleDungeonItem!R12 -> 100 | O12: =BattleDungeonItem!AD12 -> 1 | P12: =BattleDungeonItem!AC12 -> 1 | Q12: =BattleDungeonItem!AE12 -> 1 | R12: =BattleDungeonItem!AF12 -> 1 | S12: 9 | T12: =BattleDungeonItem!B12 -> 1 | U12: 0 | V12: =BattleDungeonItem!AJ12 -> 0 | W12: 0 | X12: =BattleDungeonItem!S12 -> 1 | Y12: =BattleDungeonItem!U12 -> 300 | Z12: =BattleDungeonItem!V12 -> 1 | AA12: =BattleDungeonItem!W12 -> -1 | AB12: =BattleDungeonItem!X12 -> 300 | AC12: 0 | AD12: =BattleDungeonItem!AA12 -> 10000 | AE12: =BattleDungeonItem!AB12 -> 0 | AF12: 0 | AG12: 0
A13: =BattleDungeonItem!A13 -> ixkey07 | B13: =BattleDungeonItem!E13 -> Gateway Generating Key | C13: =BattleDungeonItem!C13 -> A30D0A | D13: =BattleDungeonItem!D13 -> 2 | E13: =BattleDungeonItem!H13 -> 11111000 | F13: 23 | G13: =BattleDungeonItem!L13 -> 0 | H13: 0 | I13: =BattleDungeonItem!M13 -> 3500 | J13: =BattleDungeonItem!N13 -> 0 | K13: =BattleDungeonItem!O13 -> 0 | L13: =BattleDungeonItem!Q13 -> 0 | M13: =BattleDungeonItem!P13 -> 0 | N13: =BattleDungeonItem!R13 -> 100 | O13: =BattleDungeonItem!AD13 -> 1 | P13: =BattleDungeonItem!AC13 -> 1 | Q13: =BattleDungeonItem!AE13 -> 1 | R13: =BattleDungeonItem!AF13 -> 1 | S13: 10 | T13: =BattleDungeonItem!B13 -> 1 | U13: 0 | V13: =BattleDungeonItem!AJ13 -> 0 | W13: 0 | X13: =BattleDungeonItem!S13 -> 1 | Y13: =BattleDungeonItem!U13 -> 300 | Z13: =BattleDungeonItem!V13 -> 1 | AA13: =BattleDungeonItem!W13 -> -1 | AB13: =BattleDungeonItem!X13 -> 300 | AC13: 0 | AD13: =BattleDungeonItem!AA13 -> 10000 | AE13: =BattleDungeonItem!AB13 -> 0 | AF13: 0 | AG13: 0
A14: =BattleDungeonItem!A14 -> ixkey08 | B14: =BattleDungeonItem!E14 -> Gateway Generating Key | C14: =BattleDungeonItem!C14 -> A30D0B | D14: =BattleDungeonItem!D14 -> 2 | E14: =BattleDungeonItem!H14 -> 11111000 | F14: 23 | G14: =BattleDungeonItem!L14 -> 0 | H14: 0 | I14: =BattleDungeonItem!M14 -> 3500 | J14: =BattleDungeonItem!N14 -> 0 | K14: =BattleDungeonItem!O14 -> 0 | L14: =BattleDungeonItem!Q14 -> 0 | M14: =BattleDungeonItem!P14 -> 0 | N14: =BattleDungeonItem!R14 -> 100 | O14: =BattleDungeonItem!AD14 -> 1 | P14: =BattleDungeonItem!AC14 -> 1 | Q14: =BattleDungeonItem!AE14 -> 1 | R14: =BattleDungeonItem!AF14 -> 1 | S14: 11 | T14: =BattleDungeonItem!B14 -> 1 | U14: 0 | V14: =BattleDungeonItem!AJ14 -> 0 | W14: 0 | X14: =BattleDungeonItem!S14 -> 1 | Y14: =BattleDungeonItem!U14 -> 300 | Z14: =BattleDungeonItem!V14 -> 1 | AA14: =BattleDungeonItem!W14 -> -1 | AB14: =BattleDungeonItem!X14 -> 300 | AC14: 0 | AD14: =BattleDungeonItem!AA14 -> 10000 | AE14: =BattleDungeonItem!AB14 -> 0 | AF14: 0 | AG14: 0
... A50: =BattleDungeonItem!A50 -> ixkey34 | B50: =BattleDungeonItem!E50 -> Lethal Gateway Key | C50: =BattleDungeonItem!C50 -> A30D23 | D50: =BattleDungeonItem!D50 -> 4 | E50: =BattleDungeonItem!H50 -> 11111000 | F50: 23 | G50: =BattleDungeonItem!L50 -> 0 | H50: 0 | I50: =BattleDungeonItem!M50 -> 20000 | J50: =BattleDungeonItem!N50 -> 0 | K50: =BattleDungeonItem!O50 -> 0 | L50: =BattleDungeonItem!Q50 -> 0 | M50: =BattleDungeonItem!P50 -> 0 | N50: =BattleDungeonItem!R50 -> 100 | O50: =BattleDungeonItem!AD50 -> 1 | P50: =BattleDungeonItem!AC50 -> 1 | Q50: =BattleDungeonItem!AE50 -> 1 | R50: =BattleDungeonItem!AF50 -> 1 | S50: 48 | T50: =BattleDungeonItem!B50 -> 1 | U50: 0 | V50: =BattleDungeonItem!AJ50 -> 0 | W50: 0 | X50: =BattleDungeonItem!S50 -> 1 | Y50: =BattleDungeonItem!U50 -> 300 | Z50: =BattleDungeonItem!V50 -> 1 | AA50: =BattleDungeonItem!W50 -> -1 | AB50: =BattleDungeonItem!X50 -> 300 | AC50: 0 | AD50: =BattleDungeonItem!AA50 -> 10000 | AE50: =BattleDungeonItem!AB50 -> 0 | AF50: 0 | AG50: 0

Sheet 23desc
A1: dword | B1: text | C1: END
A2: Count | B2: desc
A3: 0 | B3: Normal Battle-Dungeon Gate
A4: 1 | B4: Normal Battle-Dungeon Gate
A5: 2 | B5: Normal Battle-Dungeon Gate
A6: 3 | B6: Normal Battle-Dungeon Gate
A7: 4 | B7: Battle Dungeon Key for wing type monsters(Difficulty : 15~20).
A8: 5 | B8: Battle Dungeon Key for flem type monsters(Difficulty : 21~25).
A9: 6 | B9: Battle Dungeon Key for Snatcher type monsters(Difficulty : 21~25).
A10: 7 | B10: Battle Dungeon Key for Grumble type monsters(Difficulty : 26~30).
A11: 8 | B11: Battle Dungeon Key for Gaff type monsters(Difficulty : 26~30).
A12: 9 | B12: Battle Dungeon Key for HuGaff type monsters(Difficulty : 26~30).
A13: 10 | B13: Battle Dungeon Key for Splinter type monsters(Difficulty : 31~35).
A14: 11 | B14: Battle Dungeon Key for Volcanic type monsters(Difficulty : 31~35).
... A51: 48 | B51: Lethal Gateway Key filled with enemies.<br><font color='8dacda'>[Note]</font><br>Get a chance to obtain <font color='ffcc00'>Patron Weapons and other Powerful items</font><br><font color='8dacda'>[Difficulty]</font><br>Level 67~70
